{"event":[{"query":{"id":[{"timestamp_usec":"1335947143620081"}],"query_text":"Sex offenders las vegas marcus goodall"}},{"query":{"id":[{"timestamp_usec":"1335935078420515"}],"query_text":"Butt stretch"}},{"query":{"id":[{"timestamp_usec":"1335934130109788"}],"query_text":"How to back stretch"}},{"query":{"id":[{"timestamp_usec":"1335931291856207"}],"query_text":"Back stretches"}},{"query":{"id":[{"timestamp_usec":"1335929329913802"}],"query_text":"How old is cher"}},{"query":{"id":[{"timestamp_usec":"1335927239655027"}],"query_text":"Raiders"}},{"query":{"id":[{"timestamp_usec":"1335927133541552"}],"query_text":"Jason cambell"}},{"query":{"id":[{"timestamp_usec":"1335926717689123"}],"query_text":"Espn"}},{"query":{"id":[{"timestamp_usec":"1335926529950510"}],"query_text":"La kings"}},{"query":{"id":[{"timestamp_usec":"1335892786354337"}],"query_text":"Porn"}},{"query":{"id":[{"timestamp_usec":"1335889665290005"}],"query_text":"Porn teen"}},{"query":{"id":[{"timestamp_usec":"1335889607409613"}],"query_text":"Porn"}},{"query":{"id":[{"timestamp_usec":"1335859010124220"}],"query_text":"Porn"}},{"query":{"id":[{"timestamp_usec":"1335857063508867","type":"IMAGE_QUERY","tbm":"isch"},{"timestamp_usec":"1335857009407761"}],"query_text":"Rachel ray fhm"}},{"query":{"id":[{"timestamp_usec":"1335856694847647"}],"query_text":"Porn"}},{"query":{"id":[{"timestamp_usec":"1335843463549457"}],"query_text":"Cyclobenzaprine"}},{"query":{"id":[{"timestamp_usec":"1335843341578907"}],"query_text":"Methocarbamol"}},{"query":{"id":[{"timestamp_usec":"1335842658744730"}],"query_text":"Tizanidine"}},{"query":{"id":[{"timestamp_usec":"1335829638934345"}],"query_text":"Espn"}},{"query":{"id":[{"timestamp_usec":"1335815069020220"}],"query_text":"Jordan hill"}},{"query":{"id":[{"timestamp_usec":"1335808379432246"}],"query_text":"Go green scam"}},{"query":{"id":[{"timestamp_usec":"1335804626199709"}],"query_text":"Porn teen"}},{"query":{"id":[{"timestamp_usec":"1335765829173035"}],"query_text":"fake rappers exposed"}},{"query":{"id":[{"timestamp_usec":"1335765661836594"}],"query_text":"fake rappers list"}},{"query":{"id":[{"timestamp_usec":"1335765423140034"}],"query_text":"Fake rappers"}},{"query":{"id":[{"timestamp_usec":"1335764905613821"}],"query_text":"fake rappers list"}},{"query":{"id":[{"timestamp_usec":"1335764773414671"}],"query_text":"Fake rappers"}},{"query":{"id":[{"timestamp_usec":"1335757577544479"}],"query_text":"rick ross fake gangster"}},{"query":{"id":[{"timestamp_usec":"1335757267082855"}],"query_text":"rick ross fake jewelry"}},{"query":{"id":[{"timestamp_usec":"1335756968706322"}],"query_text":"rick ross fake glasses"}},{"query":{"id":[{"timestamp_usec":"1335756626357864"}],"query_text":"Rick ross fake"}},{"query":{"id":[{"timestamp_usec":"1335756533463912"}],"query_text":"Rick ross fake drug dealer"}},{"query":{"id":[{"timestamp_usec":"1335756085792035"}],"query_text":"Rick ross fake druug dealer"}},{"query":{"id":[{"timestamp_usec":"1335756044595493"}],"query_text":"Rick ross"}},{"query":{"id":[{"timestamp_usec":"1335756017614519","type":"IMAGE_QUERY","tbm":"isch"}],"query_text":"Blake+griffiths+brother"}},{"query":{"id":[{"timestamp_usec":"1335755831578935"}],"query_text":"Blake griffiths brother"}},{"query":{"id":[{"timestamp_usec":"1335745913615284"}],"query_text":"Rick ross fake"}},{"query":{"id":[{"timestamp_usec":"1335745850874168"}],"query_text":"Masonic in gangs"}},{"query":{"id":[{"timestamp_usec":"1335744956964887"}],"query_text":"Red and blue meaning?"}},{"query":{"id":[{"timestamp_usec":"1335744716807879"}],"query_text":"Red and blue lodges"}},{"query":{"id":[{"timestamp_usec":"1335744665749671"}],"query_text":"Red and blue meaning?"}},{"query":{"id":[{"timestamp_usec":"1335744118484301"}],"query_text":"Football"}},{"query":{"id":[{"timestamp_usec":"1335730812951610"}],"query_text":"Porn teen"}},{"query":{"id":[{"timestamp_usec":"1335722139648149"}],"query_text":"Porn teen"}},{"query":{"id":[{"timestamp_usec":"1335719185183290"}],"query_text":"Porn teen"}},{"query":{"id":[{"timestamp_usec":"1335697708394812"}],"query_text":"Porn teen"}},{"query":{"id":[{"timestamp_usec":"1335680214494318"}],"query_text":"Porn teen"}},{"query":{"id":[{"timestamp_usec":"1335661836050839"}],"query_text":"Why do we call cops pigs"}},{"query":{"id":[{"timestamp_usec":"1335645037034855"}],"query_text":"Espn nhl"}},{"query":{"id":[{"timestamp_usec":"1335642351702406"}],"query_text":"Jeremy lin"}},{"query":{"id":[{"timestamp_usec":"1335642325500824"}],"query_text":"Jeremy linn"}},{"query":{"id":[{"timestamp_usec":"1335598610690334"}],"query_text":"Porn"}},{"query":{"id":[{"timestamp_usec":"1335598302777724"}],"query_text":"Dwight howard"}},{"query":{"id":[{"timestamp_usec":"1335597509169360"}],"query_text":"Espn nba"}},{"query":{"id":[{"timestamp_usec":"1335560941840385"}],"query_text":"Prototype game"}},{"query":{"id":[{"timestamp_usec":"1335527167619098"}],"query_text":"Porn"}},{"query":{"id":[{"timestamp_usec":"1335523700949232"}],"query_text":"Espn"}},{"query":{"id":[{"timestamp_usec":"1335488142624352"}],"query_text":"Espn nhl"}},{"query":{"id":[{"timestamp_usec":"1335487135977133"}],"query_text":"porn"}},{"query":{"id":[{"timestamp_usec":"1335486522092693"}],"query_text":"Keezporn"}},{"query":{"id":[{"timestamp_usec":"1335486470393144"}],"query_text":"Porn"}},{"query":{"id":[{"timestamp_usec":"1335484333293380"}],"query_text":"Porn"}},{"query":{"id":[{"timestamp_usec":"1335473452979354"}],"query_text":"Porn"}},{"query":{"id":[{"timestamp_usec":"1335470385010609"}],"query_text":"Google mail"}}]}