{"event":[{"query":{"id":[{"timestamp_usec":"1356156446090258"}],"query_text":"Los Angeles, CA"}},{"query":{"id":[{"timestamp_usec":"1355460538671602"}],"query_text":"toys r us"}},{"query":{"id":[{"timestamp_usec":"1352236792721578"}],"query_text":"las vegas sears"}},{"query":{"id":[{"timestamp_usec":"1352010330465171"}],"query_text":"transmission type 4"}},{"query":{"id":[{"timestamp_usec":"1352010138958185"}],"query_text":"toyota transmission fluid"}},{"query":{"id":[{"timestamp_usec":"1352010047695407"}],"query_text":"autozone"}},{"query":{"id":[{"timestamp_usec":"1352009343813208"}],"query_text":"walmart"}},{"query":{"id":[{"timestamp_usec":"1352003781472372"}],"query_text":"jiffy lube scam"}},{"query":{"id":[{"timestamp_usec":"1352003738352295"}],"query_text":"jiffy lube"}},{"query":{"id":[{"timestamp_usec":"1351984171245467"}],"query_text":"nfl standings"}},{"query":{"id":[{"timestamp_usec":"1351984127499842"}],"query_text":"raiders"}},{"query":{"id":[{"timestamp_usec":"1351746856023831"}],"query_text":"mike brown"}},{"query":{"id":[{"timestamp_usec":"1351746618046308"}],"query_text":"princeton offense diagram"}},{"query":{"id":[{"timestamp_usec":"1351746562777684"}],"query_text":"princeton offense"}},{"query":{"id":[{"timestamp_usec":"1351721303424974","type":"VIDEO_QUERY","tbm":"vid"}],"query_text":"how to paint your face like lil sister  for bioshock"}},{"query":{"id":[{"timestamp_usec":"1351721179678697","type":"IMAGE_QUERY","tbm":"isch"},{"timestamp_usec":"1351721205191203","type":"IMAGE_QUERY","tbm":"isch"},{"timestamp_usec":"1351721232215755","type":"IMAGE_QUERY","tbm":"isch"},{"timestamp_usec":"1351721232851874","type":"IMAGE_QUERY","tbm":"isch"},{"timestamp_usec":"1351721242881237","type":"VIDEO_QUERY","tbm":"vid"},{"timestamp_usec":"1351721248084034","type":"VIDEO_QUERY","tbm":"vid"}],"query_text":"zombie minecraft"}},{"query":{"id":[{"timestamp_usec":"1351721176834395","type":"IMAGE_QUERY","tbm":"isch"},{"timestamp_usec":"1351721177980728","type":"IMAGE_QUERY","tbm":"isch"},{"timestamp_usec":"1351721179400920","type":"IMAGE_QUERY","tbm":"isch"}],"query_text":"lil sister"}},{"query":{"id":[{"timestamp_usec":"1351721175746085","type":"IMAGE_QUERY","tbm":"isch"}],"query_text":"zombie minecraft"}},{"query":{"id":[{"timestamp_usec":"1351721174996789","type":"IMAGE_QUERY","tbm":"isch"}],"query_text":"lil sister"}},{"query":{"id":[{"timestamp_usec":"1351721174502292","type":"IMAGE_QUERY","tbm":"isch"}],"query_text":"zombie minecraft"}},{"query":{"id":[{"timestamp_usec":"1351721172872359","type":"IMAGE_QUERY","tbm":"isch"},{"timestamp_usec":"1351721173701527","type":"IMAGE_QUERY","tbm":"isch"}],"query_text":"lil sister"}},{"query":{"id":[{"timestamp_usec":"1351721172734172","type":"IMAGE_QUERY","tbm":"isch"},{"timestamp_usec":"1351721171806007","type":"IMAGE_QUERY","tbm":"isch"},{"timestamp_usec":"1351721170754030","type":"IMAGE_QUERY","tbm":"isch"},{"timestamp_usec":"1351721032941133","type":"IMAGE_QUERY","tbm":"isch"},{"timestamp_usec":"1351721031576658","type":"IMAGE_QUERY","tbm":"isch"},{"timestamp_usec":"1351721018292614"}],"query_text":"zombie minecraft"}},{"query":{"id":[{"timestamp_usec":"1351720969720613","type":"IMAGE_QUERY","tbm":"isch"},{"timestamp_usec":"1351720768863406","type":"IMAGE_QUERY","tbm":"isch"},{"timestamp_usec":"1351720761935874","type":"IMAGE_QUERY","tbm":"isch"},{"timestamp_usec":"1351720735357060"}],"query_text":"lil sister"}},{"query":{"id":[{"timestamp_usec":"1351720695675121"}],"query_text":"Mister bubbles Costume"}},{"query":{"id":[{"timestamp_usec":"1351713969514418","type":"IMAGE_QUERY","tbm":"isch"},{"timestamp_usec":"1351713968649511","type":"IMAGE_QUERY","tbm":"isch"},{"timestamp_usec":"1351713959576884"}],"query_text":"boishock little sister syrenge"}},{"query":{"id":[{"timestamp_usec":"1351713927832618"}],"query_text":"Mister bubbles Costume"}},{"query":{"id":[{"timestamp_usec":"1351646050693809"}],"query_text":"phone number for henderson regal cinema 14"}},{"query":{"id":[{"timestamp_usec":"1351645909501174"}],"query_text":"how much are movies tickets on tuesday at regal cinema 14"}},{"query":{"id":[{"timestamp_usec":"1351645425446675"}],"query_text":"movie times for hotel transylvania"}},{"query":{"id":[{"timestamp_usec":"1351645400848441"}],"query_text":"Mister bubbles Costume"}},{"query":{"id":[{"timestamp_usec":"1351578346189877","type":"IMAGE_QUERY","tbm":"isch"},{"timestamp_usec":"1351578344834790","type":"IMAGE_QUERY","tbm":"isch"},{"timestamp_usec":"1351578334443576"}],"query_text":"bioshock little sister syringe"}},{"query":{"id":[{"timestamp_usec":"1351578019613832"}],"query_text":"dog ear tick"}},{"query":{"id":[{"timestamp_usec":"1351578017072147"}],"query_text":"Mister bubbles Costume"}},{"query":{"id":[{"timestamp_usec":"1351578014736289"}],"query_text":"dog ear tip infection"}},{"query":{"id":[{"timestamp_usec":"1351572185055336"}],"query_text":"dog ear tick"}},{"query":{"id":[{"timestamp_usec":"1351572165121321"}],"query_text":"dog ear tip infection"}},{"query":{"id":[{"timestamp_usec":"1351572136059979","type":"IMAGE_QUERY","tbm":"isch"},{"timestamp_usec":"1351572134205594","type":"IMAGE_QUERY","tbm":"isch"},{"timestamp_usec":"1351572132185863","type":"IMAGE_QUERY","tbm":"isch"},{"timestamp_usec":"1351572129977162","type":"IMAGE_QUERY","tbm":"isch"},{"timestamp_usec":"1351572127720912","type":"IMAGE_QUERY","tbm":"isch"},{"timestamp_usec":"1351572117719919","type":"IMAGE_QUERY","tbm":"isch"},{"timestamp_usec":"1351572106148441","type":"IMAGE_QUERY","tbm":"isch"},{"timestamp_usec":"1351572100212087"}],"query_text":"dog ear infection"}},{"query":{"id":[{"timestamp_usec":"1351572061880561"}],"query_text":"dog ear mites"}},{"query":{"id":[{"timestamp_usec":"1351572041631597"}],"query_text":"Mister bubbles Costume"}},{"query":{"id":[{"timestamp_usec":"1351293937844944"}],"query_text":"Mister bubbles Costume"}},{"query":{"id":[{"timestamp_usec":"1351219412769904"}],"query_text":"recycling henderson"}},{"query":{"id":[{"timestamp_usec":"1351218953097242"}],"query_text":"recycling cans las vegas"}},{"query":{"id":[{"timestamp_usec":"1351218844569112"}],"query_text":"derek fisher rumors"}},{"query":{"id":[{"timestamp_usec":"1351218844538910"}],"query_text":"recycling las vegas"}},{"query":{"id":[{"timestamp_usec":"1350800293315501","type":"IMAGE_QUERY","tbm":"isch"},{"timestamp_usec":"1350800210736082","type":"IMAGE_QUERY","tbm":"isch"},{"timestamp_usec":"1350800188109431"}],"query_text":"double cross meaning"}},{"query":{"id":[{"timestamp_usec":"1350800142810370"}],"query_text":"derek fisher"}},{"query":{"id":[{"timestamp_usec":"1350800130553983"}],"query_text":"derek fisher rumors"}}]}