{"event":[{"query":{"id":[{"timestamp_usec":"1388458058647511"}],"query_text":"Enrique Iglesias loco"}},{"query":{"id":[{"timestamp_usec":"1388292837129697"}],"query_text":"Hat Company@36.01979,-115.15036"}},{"query":{"id":[{"timestamp_usec":"1388271398088216"}],"query_text":"Walmart Supercenter"}},{"query":{"id":[{"timestamp_usec":"1388270758230532"}],"query_text":"walmart"}},{"query":{"id":[{"timestamp_usec":"1388088471920038"}],"query_text":"dmv las vegas"}},{"query":{"id":[{"timestamp_usec":"1387928848043227"}],"query_text":"cheyenne and civic center north las vegas"}},{"query":{"id":[{"timestamp_usec":"1387750588003683"}],"query_text":"mj jakson"}},{"query":{"id":[{"timestamp_usec":"1387687354061325"}],"query_text":"bonanza and mlk"}},{"query":{"id":[{"timestamp_usec":"1387433184652746"}],"query_text":"cheyenne and mlk las vegas"}},{"query":{"id":[{"timestamp_usec":"1387403297280421"}],"query_text":"sears las vegas"}},{"query":{"id":[{"timestamp_usec":"1387390475739107"}],"query_text":"1109 revolution drive"}},{"query":{"id":[{"timestamp_usec":"1386653782891799"}],"query_text":"what does it mean when the bottom of your rib is inverse"}},{"query":{"id":[{"timestamp_usec":"1386649247095067","type":"IMAGE_QUERY","tbm":"isch"},{"timestamp_usec":"1386649218553100","type":"IMAGE_QUERY","tbm":"isch"},{"timestamp_usec":"1386649195314672"}],"query_text":"skulblaka"}},{"query":{"id":[{"timestamp_usec":"1386554844994633","type":"IMAGE_QUERY","tbm":"isch"},{"timestamp_usec":"1386554752053168","type":"IMAGE_QUERY","tbm":"isch"},{"timestamp_usec":"1386554744359679"}],"query_text":"dragons"}},{"query":{"id":[{"timestamp_usec":"1386552052781975","type":"IMAGE_QUERY","tbm":"isch"},{"timestamp_usec":"1386552100319109","type":"IMAGE_QUERY","tbm":"isch"}],"query_text":"hand drawn picture of a draco from Dragonheart"}},{"query":{"id":[{"timestamp_usec":"1386551991372765","type":"IMAGE_QUERY","tbm":"isch"},{"timestamp_usec":"1386551951156946","type":"IMAGE_QUERY","tbm":"isch"},{"timestamp_usec":"1386551911097055","type":"IMAGE_QUERY","tbm":"isch"},{"timestamp_usec":"1386551880059111","type":"IMAGE_QUERY","tbm":"isch"},{"timestamp_usec":"1386551867624302"}],"query_text":"hand drawn picture of a draco from dragonheart"}},{"query":{"id":[{"timestamp_usec":"1386547474124227"}],"query_text":"infinite money in scott pilgrim"}},{"query":{"id":[{"timestamp_usec":"1386547352250175"}],"query_text":"how to level up fast in scott pilgrim"}},{"query":{"id":[{"timestamp_usec":"1386539000921131"}],"query_text":"eragon full movie"}},{"query":{"id":[{"timestamp_usec":"1386450105484007"}],"query_text":"scott pilgrim vs. the world"}},{"query":{"id":[{"timestamp_usec":"1386398764979922"}],"query_text":"best new disk games for xbox  2013"}},{"query":{"id":[{"timestamp_usec":"1386398392379252"}],"query_text":"wall mart computers"}},{"query":{"id":[{"timestamp_usec":"1386377087857149"}],"query_text":"how to make your internet better"}},{"query":{"id":[{"timestamp_usec":"1386358626031552"}],"query_text":"7/11"}},{"query":{"id":[{"timestamp_usec":"1386219041969679","type":"IMAGE_QUERY","tbm":"isch"},{"timestamp_usec":"1386219035381694"}],"query_text":"anatomy of a dragon"}},{"query":{"id":[{"timestamp_usec":"1386215325155611","type":"IMAGE_QUERY","tbm":"isch"},{"timestamp_usec":"1386215377065003","type":"IMAGE_QUERY","tbm":"isch"}],"query_text":"hand drawn Draco from Dragonheart"}},{"query":{"id":[{"timestamp_usec":"1386215252731954","type":"IMAGE_QUERY","tbm":"isch"},{"timestamp_usec":"1386215286646650","type":"IMAGE_QUERY","tbm":"isch"}],"query_text":"hand drawn Draco"}},{"query":{"id":[{"timestamp_usec":"1386215154268310","type":"IMAGE_QUERY","tbm":"isch"},{"timestamp_usec":"1386215212029867","type":"IMAGE_QUERY","tbm":"isch"}],"query_text":"hand drawn dragons"}},{"query":{"id":[{"timestamp_usec":"1386214905871383","type":"IMAGE_QUERY","tbm":"isch"},{"timestamp_usec":"1386214940315111","type":"IMAGE_QUERY","tbm":"isch"},{"timestamp_usec":"1386214971136911","type":"IMAGE_QUERY","tbm":"isch"},{"timestamp_usec":"1386214993016949","type":"IMAGE_QUERY","tbm":"isch"}],"query_text":"pictures of hand drawn dragons"}},{"query":{"id":[{"timestamp_usec":"1386214783432971","type":"IMAGE_QUERY","tbm":"isch"},{"timestamp_usec":"1386214749472995","type":"IMAGE_QUERY","tbm":"isch"},{"timestamp_usec":"1386214724985507","type":"IMAGE_QUERY","tbm":"isch"},{"timestamp_usec":"1386214718119158"}],"query_text":"hand drawn pictures of dragons"}},{"query":{"id":[{"timestamp_usec":"1386206427023809","type":"IMAGE_QUERY","tbm":"isch"},{"timestamp_usec":"1386206366944612","type":"IMAGE_QUERY","tbm":"isch"},{"timestamp_usec":"1386206326862534","type":"IMAGE_QUERY","tbm":"isch"},{"timestamp_usec":"1386206294616277","type":"IMAGE_QUERY","tbm":"isch"},{"timestamp_usec":"1386206284079800"}],"query_text":"pictures of dragons"}},{"query":{"id":[{"timestamp_usec":"1386047505037072"}],"query_text":"what gene changing elements can be found in astroids"}},{"query":{"id":[{"timestamp_usec":"1386034436992526"}],"query_text":"what is it called when your addicted to gross stuff"}},{"query":{"id":[{"timestamp_usec":"1386034425788942"}],"query_text":"what is it calked when your addicted to gross stuff"}},{"query":{"id":[{"timestamp_usec":"1385090681030373"}],"query_text":"6600 auction lane las vegas"}},{"query":{"id":[{"timestamp_usec":"1385071544303293"}],"query_text":"6600 auction lane las vegas"}},{"query":{"id":[{"timestamp_usec":"1385060282180324"}],"query_text":"6600 auction lane las vegas"}},{"query":{"id":[{"timestamp_usec":"1384980970514320"}],"query_text":"las vegas food bank"}},{"query":{"id":[{"timestamp_usec":"1383866676998874"}],"query_text":"(Current Location) -> 10917-10929 S Eastern Ave, Henderson, NV 89052"}},{"query":{"id":[{"timestamp_usec":"1383864629992113"}],"query_text":"10911 S Eastern Ave, Henderson, NV 89052 -> (Current Location)"}},{"query":{"id":[{"timestamp_usec":"1383864624423147"}],"query_text":"(Current Location) -> 10911 S Eastern Ave, Henderson, NV 89052"}},{"query":{"id":[{"timestamp_usec":"1383864612224410"}],"query_text":"(Current Location) -> 10917-10929 S Eastern Ave, Henderson, NV 89052"}},{"query":{"id":[{"timestamp_usec":"1383354524122760"}],"query_text":"(Current Location) -> 9400 S Eastern Ave, Las Vegas, NV 89123"}},{"query":{"id":[{"timestamp_usec":"1382895019907145"}],"query_text":"dominos las vegas"}},{"query":{"id":[{"timestamp_usec":"1382629563167203"}],"query_text":"walmart las vegas"}},{"query":{"id":[{"timestamp_usec":"1382629496471148"}],"query_text":"neighborhood walmart las vegas"}},{"query":{"id":[{"timestamp_usec":"1382613540323960"}],"query_text":"codes for pixel kingdom"}},{"query":{"id":[{"timestamp_usec":"1382562377091994"}],"query_text":"jiffy lube las vegas"}},{"query":{"id":[{"timestamp_usec":"1382549358944591"}],"query_text":"jiffy lube las vegas"}},{"query":{"id":[{"timestamp_usec":"1382488500821009"}],"query_text":"bonanza and mlk"}},{"query":{"id":[{"timestamp_usec":"1382047139162585"}],"query_text":"when does the enterprise library close"}},{"query":{"id":[{"timestamp_usec":"1382047134340209"}],"query_text":"when does the interprise library close"}},{"query":{"id":[{"timestamp_usec":"1382047036549689"}],"query_text":"when does the closest library"}},{"query":{"id":[{"timestamp_usec":"1381889922194841"}],"query_text":"smiths"}},{"query":{"id":[{"timestamp_usec":"1381871975539070"}],"query_text":"Bank of America Las Vegas"}},{"query":{"id":[{"timestamp_usec":"1381856032091947"}],"query_text":"(Current Location) -> 5775 S Eastern Ave #106, Las Vegas, NV 89119"}},{"query":{"id":[{"timestamp_usec":"1381856022969234"}],"query_text":"(Current Location) -> Las Vegas, NV 89119"}},{"query":{"id":[{"timestamp_usec":"1381632109525542"}],"query_text":"6748 prairie dusk drive 89122"}},{"query":{"id":[{"timestamp_usec":"1381553627774846"}],"query_text":"saints row 4 cheats"}},{"query":{"id":[{"timestamp_usec":"1381258812417461"}],"query_text":"mcdonalds"}},{"query":{"id":[{"timestamp_usec":"1381258731149278"}],"query_text":"burger king"}}]}