{"event":[{"query":{"id":[{"timestamp_usec":"1380389213725684"}],"query_text":"(Current Location) -> 5761 S Fort Apache Rd, Las Vegas, NV 89148"}},{"query":{"id":[{"timestamp_usec":"1380131434547403"}],"query_text":"5360 south cameron las vegas"}},{"query":{"id":[{"timestamp_usec":"1380069284053731"}],"query_text":"(Current Location) -> 325 N Gibson Rd #524, Henderson, NV 89014"}},{"query":{"id":[{"timestamp_usec":"1380069283034297"}],"query_text":"325 N Gibson Rd #524, Henderson, NV"}},{"query":{"id":[{"timestamp_usec":"1380069049665213"}],"query_text":"325 n gibson rd apt 524"}},{"query":{"id":[{"timestamp_usec":"1379960179838825"}],"query_text":"big o tires"}},{"query":{"id":[{"timestamp_usec":"1379957918773470"}],"query_text":"big o tires"}},{"query":{"id":[{"timestamp_usec":"1379709069776435"}],"query_text":"tireworks"}},{"query":{"id":[{"timestamp_usec":"1379623039285398"}],"query_text":"gamestop"}},{"query":{"id":[{"timestamp_usec":"1379189267894563"}],"query_text":"boys and girls 89123"}},{"query":{"id":[{"timestamp_usec":"1378505754888340"}],"query_text":"parent link"}},{"query":{"id":[{"timestamp_usec":"1377935547863615"}],"query_text":"borderlands 2 shift codes xbox 360"}},{"query":{"id":[{"timestamp_usec":"1377133123741617"}],"query_text":"borderlands 2 shift codes xbox 360"}},{"query":{"id":[{"timestamp_usec":"1377072363797340"}],"query_text":"borderlands 2 shift codes xbox 360"}},{"query":{"id":[{"timestamp_usec":"1377068963908997"}],"query_text":"borderlands 2 shift codes xbox 360"}},{"query":{"id":[{"timestamp_usec":"1376883578934852"}],"query_text":"borderlands 2 shift codes xbox 360"}},{"query":{"id":[{"timestamp_usec":"1376670283596051"}],"query_text":"(Current Location) -> 7465 S Eastern Ave, Las Vegas, NV 89123"}},{"query":{"id":[{"timestamp_usec":"1376600202648335"}],"query_text":"dottys"}},{"query":{"id":[{"timestamp_usec":"1376591647097607"}],"query_text":"(Current Location) -> 5610 W Charleston Blvd, Las Vegas, NV 89146"}},{"query":{"id":[{"timestamp_usec":"1376591596473386"}],"query_text":"(Current Location) -> 5610 W Charleston Blvd, Las Vegas, NV"}},{"query":{"id":[{"timestamp_usec":"1376591572080157"}],"query_text":"(Current Location) -> 5610 W Charleston Blvd, Las Vegas, NV 89146"}},{"query":{"id":[{"timestamp_usec":"1376414597915578"}],"query_text":"(Current Location) -> 3767-3805 Blue Diamond Rd, Las Vegas, NV 89139"}},{"query":{"id":[{"timestamp_usec":"1375734461999340"}],"query_text":"quick"}},{"query":{"id":[{"timestamp_usec":"1375318939813618"}],"query_text":"(Current Location) -> 1127-1141 N Stephanie St, Henderson, NV 89011"}},{"query":{"id":[{"timestamp_usec":"1375318895751744"}],"query_text":"36.076326,-115.114751 -> 500-598 E Pebble Rd, Las Vegas, NV 89123"}},{"query":{"id":[{"timestamp_usec":"1375318877637833"}],"query_text":"36.063700,-115.116713 -> 500-598 E Pebble Rd, Las Vegas, NV 89123"}},{"query":{"id":[{"timestamp_usec":"1375318807847361"}],"query_text":"(Current Location) -> 500-598 E Pebble Rd, Las Vegas, NV 89123"}},{"query":{"id":[{"timestamp_usec":"1375318733709468"}],"query_text":"(Current Location) -> 35.981461,-115.165793"}},{"query":{"id":[{"timestamp_usec":"1375318725457661"}],"query_text":"(Current Location) -> 137 Gilliflower Ave, Las Vegas, NV 89183"}},{"query":{"id":[{"timestamp_usec":"1375314489183657"}],"query_text":"don tortaco"}},{"query":{"id":[{"timestamp_usec":"1375289312254943"}],"query_text":"1098 stephanie pl henderson nv"}},{"query":{"id":[{"timestamp_usec":"1375233228322762"}],"query_text":"uhaul"}},{"query":{"id":[{"timestamp_usec":"1375231941113364"}],"query_text":"733 greenway road"}},{"query":{"id":[{"timestamp_usec":"1375224367963012"}],"query_text":"uhaul"}},{"query":{"id":[{"timestamp_usec":"1374528938515800"}],"query_text":"(Current Location) -> 10740 S Eastern Ave #1, Henderson, NV 89052 @35.996954,-115.10181"}},{"query":{"id":[{"timestamp_usec":"1374466946816348"}],"query_text":"(Current Location) -> 4995 S Eastern Ave, Las Vegas, NV 89119 @36.098839,-115.119309"}},{"query":{"id":[{"timestamp_usec":"1374466919571006"}],"query_text":"(Current Location) -> 9701 S Eastern AVE, Las Vegas, NV 89123 @36.011058,-115.120829"}},{"query":{"id":[{"timestamp_usec":"1374456875325743"}],"query_text":"what gmt time zone is las vegas in"}},{"query":{"id":[{"timestamp_usec":"1374380761120627"}],"query_text":"los angeles freemason lodges"}},{"query":{"id":[{"timestamp_usec":"1374370867289452"}],"query_text":"how much is wet n wild tickets"}},{"query":{"id":[{"timestamp_usec":"1374370855861027"}],"query_text":"how much is wet n wild las vegas"}},{"query":{"id":[{"timestamp_usec":"1374370781920877"}],"query_text":"how much is wet n wild"}},{"query":{"id":[{"timestamp_usec":"1374370590194744"}],"query_text":"game recording equipment"}},{"query":{"id":[{"timestamp_usec":"1374370576675792"}],"query_text":"game recording software"}},{"query":{"id":[{"timestamp_usec":"1374370562707138","type":"IMAGE_QUERY","tbm":"isch"}],"query_text":"medieval things"}},{"query":{"id":[{"timestamp_usec":"1374284996033657","type":"IMAGE_QUERY","tbm":"isch"},{"timestamp_usec":"1374284998171616","type":"IMAGE_QUERY","tbm":"isch"},{"timestamp_usec":"1374284999509727","type":"IMAGE_QUERY","tbm":"isch"},{"timestamp_usec":"1374285034904292","type":"IMAGE_QUERY","tbm":"isch"},{"timestamp_usec":"1374285068749169","type":"IMAGE_QUERY","tbm":"isch"},{"timestamp_usec":"1374285764029198","type":"IMAGE_QUERY","tbm":"isch"}],"query_text":"medieval things"}},{"query":{"id":[{"timestamp_usec":"1374284986219421"}],"query_text":"meideval things"}},{"query":{"id":[{"timestamp_usec":"1374269265318690","type":"IMAGE_QUERY","tbm":"isch"},{"timestamp_usec":"1374269174393266","type":"IMAGE_QUERY","tbm":"isch"},{"timestamp_usec":"1374269173166194","type":"IMAGE_QUERY","tbm":"isch"},{"timestamp_usec":"1374269164187594"}],"query_text":"minecraft ender dragon build"}},{"query":{"id":[{"timestamp_usec":"1374198087734455"}],"query_text":"carmax"}},{"query":{"id":[{"timestamp_usec":"1374197149928917"}],"query_text":"costco tires"}},{"query":{"id":[{"timestamp_usec":"1374179038183803"}],"query_text":"what gmt time zone is las vegas in"}},{"query":{"id":[{"timestamp_usec":"1374097003345547"}],"query_text":"(Current Location) -> 7408 W Sahara Ave, Las Vegas, NV 89117 @36.144076,-115.254363"}},{"query":{"id":[{"timestamp_usec":"1374031058979518"}],"query_text":"lego manual ninjago lightning dragon"}},{"query":{"id":[{"timestamp_usec":"1374031055390227","type":"IMAGE_QUERY","tbm":"isch"}],"query_text":"fidget from dust an elysian tail"}},{"query":{"id":[{"timestamp_usec":"1374030932183878"}],"query_text":"lego manual ninjago lightning dragon"}},{"query":{"id":[{"timestamp_usec":"1373803579945800"}],"query_text":"fidget from dust an elysian tail"}},{"query":{"id":[{"timestamp_usec":"1373803327692547","type":"IMAGE_QUERY","tbm":"isch"},{"timestamp_usec":"1373803315821529"}],"query_text":"fidget face"}},{"query":{"id":[{"timestamp_usec":"1373523177010330","type":"IMAGE_QUERY","tbm":"isch"},{"timestamp_usec":"1373523164515545"}],"query_text":"fidget from dust an elysian tail"}},{"query":{"id":[{"timestamp_usec":"1373518771570741","type":"IMAGE_QUERY","tbm":"isch"},{"timestamp_usec":"1373518763356555"}],"query_text":"fidget from dust an elysian tail"}},{"query":{"id":[{"timestamp_usec":"1373502910185484"}],"query_text":"haircuts"}},{"query":{"id":[{"timestamp_usec":"1373502734930396","type":"IMAGE_QUERY","tbm":"isch"},{"timestamp_usec":"1373502733586489","type":"IMAGE_QUERY","tbm":"isch"},{"timestamp_usec":"1373502733161433","type":"IMAGE_QUERY","tbm":"isch"},{"timestamp_usec":"1373502724924961"}],"query_text":"fidget from dust an elysian tail"}},{"query":{"id":[{"timestamp_usec":"1373502716946457","type":"IMAGE_QUERY","tbm":"isch"},{"timestamp_usec":"1373502719894771","type":"IMAGE_QUERY","tbm":"isch"}],"query_text":"haircuts"}},{"query":{"id":[{"timestamp_usec":"1373482207400671","type":"IMAGE_QUERY","tbm":"isch"}],"query_text":"haircuts"}},{"query":{"id":[{"timestamp_usec":"1373481878117430","type":"IMAGE_QUERY","tbm":"isch"},{"timestamp_usec":"1373481879741452","type":"IMAGE_QUERY","tbm":"isch"},{"timestamp_usec":"1373482139452547","type":"IMAGE_QUERY","tbm":"isch"}],"query_text":"fidget from dust an elysian tail"}},{"query":{"id":[{"timestamp_usec":"1373469378825754","type":"IMAGE_QUERY","tbm":"isch"}],"query_text":"fidget from dust an elysian tail"}},{"query":{"id":[{"timestamp_usec":"1373446260444081","type":"IMAGE_QUERY","tbm":"isch"},{"timestamp_usec":"1373446261972610","type":"IMAGE_QUERY","tbm":"isch"},{"timestamp_usec":"1373446290641691","type":"IMAGE_QUERY","tbm":"isch"}],"query_text":"fidget from dust an elysian tail"}},{"query":{"id":[{"timestamp_usec":"1373420055441456","type":"IMAGE_QUERY","tbm":"isch"},{"timestamp_usec":"1373419431259994","type":"IMAGE_QUERY","tbm":"isch"},{"timestamp_usec":"1373419423413516"}],"query_text":"fidget from dust an elysian tail"}},{"query":{"id":[{"timestamp_usec":"1373239388688945","type":"NEWS_QUERY","tbm":"nws"},{"timestamp_usec":"1373239377716402"}],"query_text":"when will minecraft xbox update tu12"}},{"query":{"id":[{"timestamp_usec":"1373079783933163"}],"query_text":"repair shop"}},{"query":{"id":[{"timestamp_usec":"1373064081169650"}],"query_text":"decatur and sunset"}},{"query":{"id":[{"timestamp_usec":"1373056564530321"}],"query_text":"beat elemantry las vegas"}},{"query":{"id":[{"timestamp_usec":"1373056489719103"}],"query_text":"668 Gull Point Avenue, Las Vegas, NV"}},{"query":{"id":[{"timestamp_usec":"1372680810549158"}],"query_text":"burger king breakfast hours"}}]}