{"event":[{"query":{"id":[{"timestamp_usec":"1372382367216080","type":"IMAGE_QUERY","tbm":"isch"},{"timestamp_usec":"1372382395049032","type":"IMAGE_QUERY","tbm":"isch"}],"query_text":"haircuts for guys"}},{"query":{"id":[{"timestamp_usec":"1372382349585624","type":"IMAGE_QUERY","tbm":"isch"},{"timestamp_usec":"1372382334563392"}],"query_text":"haircuts"}},{"query":{"id":[{"timestamp_usec":"1372135601332322"}],"query_text":"how many feet are in a meter"}},{"query":{"id":[{"timestamp_usec":"1372122632740245"}],"query_text":"the tale of jonah"}},{"query":{"id":[{"timestamp_usec":"1371961086095101"}],"query_text":"the tale of jonah"}},{"query":{"id":[{"timestamp_usec":"1371886214465207","type":"IMAGE_QUERY","tbm":"isch"},{"timestamp_usec":"1371886206355710"}],"query_text":"Kirby"}},{"query":{"id":[{"timestamp_usec":"1371657151779714"}],"query_text":"3682 sanucci ct lv, nv 89141"}},{"query":{"id":[{"timestamp_usec":"1371625744515230"}],"query_text":"1054 will jay las vegas nv 89123"}},{"query":{"id":[{"timestamp_usec":"1371592840924512"}],"query_text":"maps"}},{"query":{"id":[{"timestamp_usec":"1371584173346743"}],"query_text":"(Current Location) -> 9732 silver dusk ct lv, nv 89183"}},{"query":{"id":[{"timestamp_usec":"1370970109742004","type":"IMAGE_QUERY","tbm":"isch"},{"timestamp_usec":"1370970121142159","type":"IMAGE_QUERY","tbm":"isch"}],"query_text":"minecraft pixel art"}},{"query":{"id":[{"timestamp_usec":"1370897114187349","type":"IMAGE_QUERY","tbm":"isch"},{"timestamp_usec":"1370897116660500","type":"IMAGE_QUERY","tbm":"isch"}],"query_text":"minecraft pixel art"}},{"query":{"id":[{"timestamp_usec":"1370823369363348","type":"IMAGE_QUERY","tbm":"isch"},{"timestamp_usec":"1370823064109939","type":"IMAGE_QUERY","tbm":"isch"},{"timestamp_usec":"1370823056780278"}],"query_text":"minecraft pixel art"}},{"query":{"id":[{"timestamp_usec":"1370742251386174"}],"query_text":"reicruting"}},{"query":{"id":[{"timestamp_usec":"1370731347139876"}],"query_text":"pizza hut"}},{"query":{"id":[{"timestamp_usec":"1370593748902700"}],"query_text":"yahoo.com"}},{"query":{"id":[{"timestamp_usec":"1370583411440467","type":"IMAGE_QUERY","tbm":"isch"},{"timestamp_usec":"1370583407859741"}],"query_text":"fidget minecraft skin template"}},{"query":{"id":[{"timestamp_usec":"1370583404540201"}],"query_text":"fidget minecraft skin templete"}},{"query":{"id":[{"timestamp_usec":"1370583387779989"}],"query_text":"fidget minecraft skin"}},{"query":{"id":[{"timestamp_usec":"1370235073631268"}],"query_text":"freemsp.org"}},{"query":{"id":[{"timestamp_usec":"1370234422278712"}],"query_text":"can you get a virus on your ipod touch 4g"}},{"query":{"id":[{"timestamp_usec":"1370234100323761"}],"query_text":"freemsp.org"}},{"query":{"id":[{"timestamp_usec":"1370234088640833","type":"IMAGE_QUERY","tbm":"isch"},{"timestamp_usec":"1370234089645992","type":"IMAGE_QUERY","tbm":"isch"}],"query_text":"minecraft pixel art ideas"}},{"query":{"id":[{"timestamp_usec":"1370203601403566"}],"query_text":"speedway"}},{"query":{"id":[{"timestamp_usec":"1370113648965365","type":"IMAGE_QUERY","tbm":"isch"},{"timestamp_usec":"1370113687005941","type":"IMAGE_QUERY","tbm":"isch"},{"timestamp_usec":"1370113737926805","type":"IMAGE_QUERY","tbm":"isch"}],"query_text":"minecraft pixel art ideas"}},{"query":{"id":[{"timestamp_usec":"1370111467605562","type":"IMAGE_QUERY","tbm":"isch"},{"timestamp_usec":"1370111468808341","type":"IMAGE_QUERY","tbm":"isch"},{"timestamp_usec":"1370112069580381","type":"IMAGE_QUERY","tbm":"isch"},{"timestamp_usec":"1370113495315669","type":"IMAGE_QUERY","tbm":"isch"},{"timestamp_usec":"1370113547884581","type":"IMAGE_QUERY","tbm":"isch"}],"query_text":"minecraft pixel art ideas grid"}},{"query":{"id":[{"timestamp_usec":"1370065629910619","type":"IMAGE_QUERY","tbm":"isch"}],"query_text":"minecraft pixel art ideas grid"}},{"query":{"id":[{"timestamp_usec":"1370065551245563","type":"IMAGE_QUERY","tbm":"isch"},{"timestamp_usec":"1370065581017288","type":"IMAGE_QUERY","tbm":"isch"}],"query_text":"minecraft pixel art ideas"}},{"query":{"id":[{"timestamp_usec":"1370065474100248","type":"IMAGE_QUERY","tbm":"isch"},{"timestamp_usec":"1370065493779295","type":"IMAGE_QUERY","tbm":"isch"},{"timestamp_usec":"1370065537976906","type":"IMAGE_QUERY","tbm":"isch"}],"query_text":"minecraft pixel arts"}},{"query":{"id":[{"timestamp_usec":"1370065379159767","type":"IMAGE_QUERY","tbm":"isch"},{"timestamp_usec":"1370065408071985","type":"IMAGE_QUERY","tbm":"isch"},{"timestamp_usec":"1370065441326129","type":"IMAGE_QUERY","tbm":"isch"}],"query_text":"minecraft pixel art templates easy"}},{"query":{"id":[{"timestamp_usec":"1370065195694770","type":"IMAGE_QUERY","tbm":"isch"},{"timestamp_usec":"1370065216705362","type":"IMAGE_QUERY","tbm":"isch"},{"timestamp_usec":"1370065252314129","type":"IMAGE_QUERY","tbm":"isch"}],"query_text":"minecraft pixel art templates"}},{"query":{"id":[{"timestamp_usec":"1370065107203762","type":"IMAGE_QUERY","tbm":"isch"},{"timestamp_usec":"1370065139951289","type":"IMAGE_QUERY","tbm":"isch"}],"query_text":"minecraft pixel art half life sign"}},{"query":{"id":[{"timestamp_usec":"1370064907156402","type":"IMAGE_QUERY","tbm":"isch"}],"query_text":"minecraft pixel art"}},{"query":{"id":[{"timestamp_usec":"1370060046344683","type":"IMAGE_QUERY","tbm":"isch"},{"timestamp_usec":"1370060063402028","type":"IMAGE_QUERY","tbm":"isch"},{"timestamp_usec":"1370060428415254","type":"IMAGE_QUERY","tbm":"isch"}],"query_text":"minecraft pixel art"}},{"query":{"id":[{"timestamp_usec":"1370053505407383","type":"IMAGE_QUERY","tbm":"isch"},{"timestamp_usec":"1370053467184408","type":"IMAGE_QUERY","tbm":"isch"},{"timestamp_usec":"1370053460037799"}],"query_text":"minecraft pixel art"}},{"query":{"id":[{"timestamp_usec":"1370053453096236"}],"query_text":"minecraft pixal art"}},{"query":{"id":[{"timestamp_usec":"1370053322207521"}],"query_text":"minecraft pixal art templates .com"}},{"query":{"id":[{"timestamp_usec":"1370051266324637","type":"IMAGE_QUERY","tbm":"isch"},{"timestamp_usec":"1370051266657659","type":"IMAGE_QUERY","tbm":"isch"},{"timestamp_usec":"1370051267550159","type":"IMAGE_QUERY","tbm":"isch"},{"timestamp_usec":"1370051311545115","type":"IMAGE_QUERY","tbm":"isch"},{"timestamp_usec":"1370051358436007","type":"IMAGE_QUERY","tbm":"isch"}],"query_text":"minecraft xbox pixel art"}},{"query":{"id":[{"timestamp_usec":"1370051256967150","type":"IMAGE_QUERY","tbm":"isch"}],"query_text":"minecraft xbox pixal art"}},{"query":{"id":[{"timestamp_usec":"1370051163300969","type":"IMAGE_QUERY","tbm":"isch"},{"timestamp_usec":"1370051200033398","type":"IMAGE_QUERY","tbm":"isch"}],"query_text":"minecraft xbox statues"}},{"query":{"id":[{"timestamp_usec":"1370051095824915","type":"IMAGE_QUERY","tbm":"isch"},{"timestamp_usec":"1370051090665463"}],"query_text":"minecraft xbox buildings"}},{"query":{"id":[{"timestamp_usec":"1370051065015830"}],"query_text":"minecraft xbox art"}},{"query":{"id":[{"timestamp_usec":"1369604647725490","type":"IMAGE_QUERY","tbm":"isch"},{"timestamp_usec":"1369604651539145","type":"IMAGE_QUERY","tbm":"isch"},{"timestamp_usec":"1369604761071789","type":"IMAGE_QUERY","tbm":"isch"}],"query_text":"easy minecraft pixel art of pokemon"}},{"query":{"id":[{"timestamp_usec":"1369604620706787","type":"IMAGE_QUERY","tbm":"isch"}],"query_text":"minecraft creation of gordon freeman"}},{"query":{"id":[{"timestamp_usec":"1369604579080232","type":"IMAGE_QUERY","tbm":"isch"}],"query_text":"easy minecraft pixel art of pokemon"}},{"query":{"id":[{"timestamp_usec":"1369588613040660","type":"IMAGE_QUERY","tbm":"isch"},{"timestamp_usec":"1369588657409963","type":"IMAGE_QUERY","tbm":"isch"}],"query_text":"easy minecraft pixel art of pokemon"}},{"query":{"id":[{"timestamp_usec":"1369588594691390"}],"query_text":"easy mincraft pixal art of pokemon"}},{"query":{"id":[{"timestamp_usec":"1369542511205952","type":"IMAGE_QUERY","tbm":"isch"},{"timestamp_usec":"1369542504715541"}],"query_text":"easy mincraft pixal art of pokemon"}},{"query":{"id":[{"timestamp_usec":"1369542411151153"}],"query_text":"minecraft pixel art of pokemon close ups"}},{"query":{"id":[{"timestamp_usec":"1369542383904297","type":"IMAGE_QUERY","tbm":"isch"},{"timestamp_usec":"1369542375214543"}],"query_text":"minecraft pixel art of pokemon"}},{"query":{"id":[{"timestamp_usec":"1369537859385367"}],"query_text":"freemsp.org"}},{"query":{"id":[{"timestamp_usec":"1369537841915828"}],"query_text":"www.xboxprices.com free microsoft points"}},{"query":{"id":[{"timestamp_usec":"1369537674442800"}],"query_text":"www.xboxprices.com"}},{"query":{"id":[{"timestamp_usec":"1369461148809400"}],"query_text":"how to get out of the end without killing yourself or killing the ender dragon xbox edition"}},{"query":{"id":[{"timestamp_usec":"1369461088541715"}],"query_text":"how to get out of the end without killing yourself or killing the ender dragon"}},{"query":{"id":[{"timestamp_usec":"1369461063796863"}],"query_text":"how to get out of the end without killing yourself or killing the end dragon"}},{"query":{"id":[{"timestamp_usec":"1369100805204954"}],"query_text":"www.youtube.com/create"}},{"query":{"id":[{"timestamp_usec":"1369100768638944"}],"query_text":"youtube.com/create channel"}},{"query":{"id":[{"timestamp_usec":"1369100721234832"}],"query_text":"youtube.com/create_channel"}},{"query":{"id":[{"timestamp_usec":"1369084585108951"}],"query_text":"big o tires"}},{"query":{"id":[{"timestamp_usec":"1368936510001543"}],"query_text":"the end is neigh"}},{"query":{"id":[{"timestamp_usec":"1368935548279445"}],"query_text":"The end is may"}},{"query":{"id":[{"timestamp_usec":"1368935478073379"}],"query_text":"the end is may 21"}},{"query":{"id":[{"timestamp_usec":"1368935444796733","type":"IMAGE_QUERY","tbm":"isch"}],"query_text":"the end is may"}},{"query":{"id":[{"timestamp_usec":"1368935424213522","type":"IMAGE_QUERY","tbm":"isch"},{"timestamp_usec":"1368935400471322"}],"query_text":"the end is may 21"}},{"query":{"id":[{"timestamp_usec":"1368838111105575"}],"query_text":"shakeys pizza"}},{"query":{"id":[{"timestamp_usec":"1368821329287195"}],"query_text":"double tree montebello"}},{"query":{"id":[{"timestamp_usec":"1368664235397107"}],"query_text":"carlsbad"}},{"query":{"id":[{"timestamp_usec":"1368222709868889"}],"query_text":"autocare"}},{"query":{"id":[{"timestamp_usec":"1368151154543663"}],"query_text":"Attractions"}},{"query":{"id":[{"timestamp_usec":"1368147836013357","type":"IMAGE_QUERY","tbm":"isch"},{"timestamp_usec":"1368147804800043"}],"query_text":"drawing of a horse"}},{"query":{"id":[{"timestamp_usec":"1368061338444229"}],"query_text":"redrock"}},{"query":{"id":[{"timestamp_usec":"1368045282614911"}],"query_text":"food"}},{"query":{"id":[{"timestamp_usec":"1368045138572501"}],"query_text":"foods las vegas"}},{"query":{"id":[{"timestamp_usec":"1368045126405982"}],"query_text":"foods"}},{"query":{"id":[{"timestamp_usec":"1368010135430040"}],"query_text":"DF, Mexico"}},{"query":{"id":[{"timestamp_usec":"1368010055725021"}],"query_text":"tokyo"}},{"query":{"id":[{"timestamp_usec":"1368009968610788"}],"query_text":"Great Wall Of China, Shenley Road, Borehamwood, United Kingdom"}},{"query":{"id":[{"timestamp_usec":"1368009884564669"}],"query_text":"Eiffel Tower, Avenue Anatole France, Paris, France"}},{"query":{"id":[{"timestamp_usec":"1368009646979533"}],"query_text":"Paris, France"}},{"query":{"id":[{"timestamp_usec":"1368009427172442"}],"query_text":"dc colombia"}},{"query":{"id":[{"timestamp_usec":"1367959765715944","type":"IMAGE_QUERY","tbm":"isch"},{"timestamp_usec":"1367959750190833"}],"query_text":"picture of glados"}},{"query":{"id":[{"timestamp_usec":"1367882858514625"}],"query_text":"portal walkthrough chamber 19"}},{"query":{"id":[{"timestamp_usec":"1367882364810745"}],"query_text":"portal walkthrough chamber 18"}},{"query":{"id":[{"timestamp_usec":"1367877711784738"}],"query_text":"dead island riptide cheats ps3"}},{"query":{"id":[{"timestamp_usec":"1367877700120899"}],"query_text":"dead island riptide"}},{"query":{"id":[{"timestamp_usec":"1367877687513113"}],"query_text":"dead island cheats"}},{"query":{"id":[{"timestamp_usec":"1367877666809307"}],"query_text":"where to find blueprints on paradise island dead island riptide"}},{"query":{"id":[{"timestamp_usec":"1367877627814572"}],"query_text":"where to find blueprints on paradise island"}},{"query":{"id":[{"timestamp_usec":"1367877577370882"}],"query_text":"where to find blueprints on paradise island dead island riptide"}},{"query":{"id":[{"timestamp_usec":"1367877419105439"}],"query_text":"where to find blueprints on paradise island"}},{"query":{"id":[{"timestamp_usec":"1367625133576728","type":"IMAGE_QUERY","tbm":"isch"},{"timestamp_usec":"1367625124706518"}],"query_text":"picture of quaker oats man"}},{"query":{"id":[{"timestamp_usec":"1367078468031505"}],"query_text":"Excovenix"}},{"query":{"id":[{"timestamp_usec":"1366515198252746"}],"query_text":"Excovenix"}},{"query":{"id":[{"timestamp_usec":"1365973834873672"}],"query_text":"what are the 8 parts of speech"}},{"query":{"id":[{"timestamp_usec":"1365894759896683"}],"query_text":"xbox.com/proofs"}},{"query":{"id":[{"timestamp_usec":"1365888769035034"}],"query_text":"xbox 360.com sign in"}},{"query":{"id":[{"timestamp_usec":"1365888241541426"}],"query_text":"yahoo.com"}},{"query":{"id":[{"timestamp_usec":"1365888182358788"}],"query_text":"xbox 360.com sign in"}},{"query":{"id":[{"timestamp_usec":"1365888047800329"}],"query_text":"xbox 360.com"}},{"query":{"id":[{"timestamp_usec":"1365887205304861"}],"query_text":"yahoo.com sign in mail"}},{"query":{"id":[{"timestamp_usec":"1365885903235163"}],"query_text":"xbox.com/proofs"}},{"query":{"id":[{"timestamp_usec":"1365885895320878"}],"query_text":"xbox.com/errorhelp"}},{"query":{"id":[{"timestamp_usec":"1365882034974560"}],"query_text":"xbox/proofs"}},{"query":{"id":[{"timestamp_usec":"1365881403035342"}],"query_text":"yahoo.com sign in mail"}},{"query":{"id":[{"timestamp_usec":"1365805568085284"}],"query_text":"xbox/proofs"}},{"query":{"id":[{"timestamp_usec":"1365804486929224"}],"query_text":"what does attributes mean"}},{"query":{"id":[{"timestamp_usec":"1365804330223112"}],"query_text":"xbox/proofs"}},{"query":{"id":[{"timestamp_usec":"1365804321166532"}],"query_text":"who was the first president"}},{"query":{"id":[{"timestamp_usec":"1365731114987585"}],"query_text":"who was the first president"}},{"query":{"id":[{"timestamp_usec":"1365643037627751"}],"query_text":"what does attributes mean"}},{"query":{"id":[{"timestamp_usec":"1365602102156158"}],"query_text":"what does attributes mean"}},{"query":{"id":[{"timestamp_usec":"1365394403859164"}],"query_text":"arroyo grande park"}},{"query":{"id":[{"timestamp_usec":"1365394204835586"}],"query_text":"whitney ranch recreation center"}},{"query":{"id":[{"timestamp_usec":"1365042522117783"}],"query_text":"what does attributes mean"}},{"query":{"id":[{"timestamp_usec":"1364871145429103"}],"query_text":"Thegamerguy10s xbox360 acount"}},{"query":{"id":[{"timestamp_usec":"1364868520452627"}],"query_text":"Thegamerguy10s xbox360 acount"}}]}