{"event":[{"query":{"id":[{"timestamp_usec":"1364364518291507"}],"query_text":"slender man pictures"}},{"query":{"id":[{"timestamp_usec":"1364362211177278","type":"IMAGE_QUERY","tbm":"isch"},{"timestamp_usec":"1364362209474559","type":"IMAGE_QUERY","tbm":"isch"},{"timestamp_usec":"1364362197668653"}],"query_text":"slender man pictures"}},{"query":{"id":[{"timestamp_usec":"1364174282123834"}],"query_text":"xbox live account"}},{"query":{"id":[{"timestamp_usec":"1364174083887697"}],"query_text":"xbox 360.com"}},{"query":{"id":[{"timestamp_usec":"1363905186177097"}],"query_text":"what are the 8 parts of speech"}},{"query":{"id":[{"timestamp_usec":"1363817533281668"}],"query_text":"11183 S. Eastern, Henderson NV 89052"}},{"query":{"id":[{"timestamp_usec":"1363529260734966"}],"query_text":"denver"}},{"query":{"id":[{"timestamp_usec":"1363059667853635"}],"query_text":"paintball las vegas"}},{"query":{"id":[{"timestamp_usec":"1362891832694866"}],"query_text":"yahoo.com sign in mail"}},{"query":{"id":[{"timestamp_usec":"1362358299738186"}],"query_text":"saints row 2 cheats"}},{"query":{"id":[{"timestamp_usec":"1361773419703765"}],"query_text":"ghast picture"}},{"query":{"id":[{"timestamp_usec":"1361773332762735"}],"query_text":"minecraft pics"}},{"query":{"id":[{"timestamp_usec":"1361772388631529"}],"query_text":"disney pictures"}},{"query":{"id":[{"timestamp_usec":"1361486618432976"}],"query_text":"minecraft.net/play"}},{"query":{"id":[{"timestamp_usec":"1361413679501039"}],"query_text":"xbox 360.com"}},{"query":{"id":[{"timestamp_usec":"1361413666040330"}],"query_text":"xbox 360"}},{"query":{"id":[{"timestamp_usec":"1360883140653096"}],"query_text":"redbox 89123"}},{"query":{"id":[{"timestamp_usec":"1360883104066902"}],"query_text":"silverado and bermuda redbox"}},{"query":{"id":[{"timestamp_usec":"1360882980393308"}],"query_text":"is dead space 3 out for redbox"}},{"query":{"id":[{"timestamp_usec":"1360882894137125"}],"query_text":"silverado and bermuda redbox"}},{"query":{"id":[{"timestamp_usec":"1360882887850047"}],"query_text":"silveroto and bermuda red box"}},{"query":{"id":[{"timestamp_usec":"1358978126953997"}],"query_text":"mesquite nevada"}},{"query":{"id":[{"timestamp_usec":"1358565394176621"}],"query_text":"mexican restaurants"}},{"query":{"id":[{"timestamp_usec":"1358565363279488"}],"query_text":"Restaurants"}},{"query":{"id":[{"timestamp_usec":"1358395397896194"}],"query_text":"pizza restaurants"}},{"query":{"id":[{"timestamp_usec":"1358395390909094"}],"query_text":"Restaurants"}},{"query":{"id":[{"timestamp_usec":"1358395377675316"}],"query_text":"Cafes"}},{"query":{"id":[{"timestamp_usec":"1358285465894843"}],"query_text":"Restaurants"}},{"query":{"id":[{"timestamp_usec":"1358285428086576"}],"query_text":"Attractions"}},{"query":{"id":[{"timestamp_usec":"1358045603267199"}],"query_text":"Legacy Little League las vegas nv"}}]}