{"event":[{"query":{"id":[{"timestamp_usec":"1412118722247261"}],"query_text":"(Current Location) -> Retro Bakery"}},{"query":{"id":[{"timestamp_usec":"1412118679697643"}],"query_text":"retro bakery"}},{"query":{"id":[{"timestamp_usec":"1412117916297248","type":"PRODUCT_QUERY","tbm":"shop"},{"timestamp_usec":"1412118659956476","type":"PRODUCT_QUERY","tbm":"shop"}],"query_text":"where can buy tom arma stunk costume"}},{"query":{"id":[{"timestamp_usec":"1412117916250100","type":"PRODUCT_QUERY","tbm":"shop"},{"timestamp_usec":"1412117773694677"}],"query_text":"what's does ssp mean"}},{"query":{"id":[{"timestamp_usec":"1412117735223089","type":"PRODUCT_QUERY","tbm":"shop"}],"query_text":"where can buy tom arma stunk costume"}},{"query":{"id":[{"timestamp_usec":"1412103034967747","type":"PRODUCT_QUERY","tbm":"shop"},{"timestamp_usec":"1412102599327289","type":"PRODUCT_QUERY","tbm":"shop"},{"timestamp_usec":"1412102297669146"}],"query_text":"where can buy tom arma stunk costume"}},{"query":{"id":[{"timestamp_usec":"1412099234710296"}],"query_text":"halloween express"}},{"query":{"id":[{"timestamp_usec":"1412035083254466"}],"query_text":"halloween express"}},{"query":{"id":[{"timestamp_usec":"1412013264395932","type":"IMAGE_QUERY","tbm":"isch"}],"query_text":"1996 Fleetwood Cadillac starter"}},{"query":{"id":[{"timestamp_usec":"1412012801074531"}],"query_text":"weather"}},{"query":{"id":[{"timestamp_usec":"1412010668112903"}],"query_text":"halloween express"}},{"query":{"id":[{"timestamp_usec":"1411963035509257","type":"IMAGE_QUERY","tbm":"isch"}],"query_text":"gary brennan henderson"}},{"query":{"id":[{"timestamp_usec":"1411956360574376"}],"query_text":"baby boy skunk Halloween costume tom arma"}},{"query":{"id":[{"timestamp_usec":"1411951002132553"}],"query_text":"baby boy skunk Halloween costume tom arma"}},{"query":{"id":[{"timestamp_usec":"1411950956935435","type":"PRODUCT_QUERY","tbm":"shop"},{"timestamp_usec":"1411950838488371","type":"PRODUCT_QUERY","tbm":"shop"},{"timestamp_usec":"1411950831609264"}],"query_text":"baby boy skunk Halloween costume tom aram"}},{"query":{"id":[{"timestamp_usec":"1411950321469009"}],"query_text":"baby boy skunk tom aram"}},{"query":{"id":[{"timestamp_usec":"1411950253126967","type":"IMAGE_QUERY","tbm":"isch"},{"timestamp_usec":"1411950248870329"}],"query_text":"baby boy skunk halloween costumes"}},{"query":{"id":[{"timestamp_usec":"1411949057584130"}],"query_text":"pizza hut"}},{"query":{"id":[{"timestamp_usec":"1411948918994166"}],"query_text":"Papa John's Pizza"}},{"query":{"id":[{"timestamp_usec":"1411918199647303"}],"query_text":"baby boy skunk halloween costumes"}},{"query":{"id":[{"timestamp_usec":"1411915994207282"}],"query_text":"what time does vons pharmacy open"}},{"query":{"id":[{"timestamp_usec":"1411874520103332"}],"query_text":"weather"}},{"query":{"id":[{"timestamp_usec":"1411869648347522","type":"IMAGE_QUERY","tbm":"isch"}],"query_text":"Halloween costume baby skunk"}},{"query":{"id":[{"timestamp_usec":"1411843067937716"}],"query_text":"walmart halloween costumes 2014"}},{"query":{"id":[{"timestamp_usec":"1411843045987163"}],"query_text":"key insuranc"}},{"query":{"id":[{"timestamp_usec":"1411839695298682"}],"query_text":"key insurance"}},{"query":{"id":[{"timestamp_usec":"1411838265390149"}],"query_text":"(Current Location) -> Retro Bakery"}},{"query":{"id":[{"timestamp_usec":"1411838227638716"}],"query_text":"retro bakery"}},{"query":{"id":[{"timestamp_usec":"1411838189080635","type":"PRODUCT_QUERY","tbm":"shop"},{"timestamp_usec":"1411838147179651","type":"IMAGE_QUERY","tbm":"isch"},{"timestamp_usec":"1411837983388761","type":"IMAGE_QUERY","tbm":"isch"},{"timestamp_usec":"1411837878431636","type":"IMAGE_QUERY","tbm":"isch"},{"timestamp_usec":"1411837872546853","type":"PRODUCT_QUERY","tbm":"shop"},{"timestamp_usec":"1411837781853182","type":"IMAGE_QUERY","tbm":"isch"},{"timestamp_usec":"1411837774801231"}],"query_text":"mickey mouse 1st birthday cake"}},{"query":{"id":[{"timestamp_usec":"1411788048395025"}],"query_text":"weather"}},{"query":{"id":[{"timestamp_usec":"1411787688862457"}],"query_text":"Monster Jam tv show"}},{"query":{"id":[{"timestamp_usec":"1411774860988664"}],"query_text":"clear"}},{"query":{"id":[{"timestamp_usec":"1411774440042247"}],"query_text":"res"}},{"query":{"id":[{"timestamp_usec":"1411774432650425"}],"query_text":"clear"}},{"query":{"id":[{"timestamp_usec":"1411764731011917"}],"query_text":"clear"}},{"query":{"id":[{"timestamp_usec":"1411693107556816"}],"query_text":"health card"}},{"query":{"id":[{"timestamp_usec":"1411515000687665"}],"query_text":"papa johns eastern and serene"}},{"query":{"id":[{"timestamp_usec":"1411514976814176"}],"query_text":"papa johns"}},{"query":{"id":[{"timestamp_usec":"1411506283694975"}],"query_text":"papa johns"}},{"query":{"id":[{"timestamp_usec":"1411506277181414"}],"query_text":"health card"}},{"query":{"id":[{"timestamp_usec":"1411500064959498","type":"IMAGE_QUERY","tbm":"isch"}],"query_text":"1990 corvette starter"}},{"query":{"id":[{"timestamp_usec":"1411488777775113","type":"IMAGE_QUERY","tbm":"isch"}],"query_text":"1990 corvette starter"}},{"query":{"id":[{"timestamp_usec":"1411441485886425","type":"IMAGE_QUERY","tbm":"isch"},{"timestamp_usec":"1411441537406003","type":"IMAGE_QUERY","tbm":"isch"},{"timestamp_usec":"1411441577288914","type":"IMAGE_QUERY","tbm":"isch"},{"timestamp_usec":"1411441609750457","type":"IMAGE_QUERY","tbm":"isch"},{"timestamp_usec":"1411441635157666","type":"IMAGE_QUERY","tbm":"isch"}],"query_text":"1990 corvette starter"}},{"query":{"id":[{"timestamp_usec":"1411428482661699"}],"query_text":"health card"}},{"query":{"id":[{"timestamp_usec":"1411418578756040"}],"query_text":"what housing track is 668 gull point ave las vegas nv 89123 called"}},{"query":{"id":[{"timestamp_usec":"1411409692102108"}],"query_text":"bk"}},{"query":{"id":[{"timestamp_usec":"1411409245264974"}],"query_text":"(Current Location) -> Burger King"}},{"query":{"id":[{"timestamp_usec":"1411409225186403"}],"query_text":"bk"}},{"query":{"id":[{"timestamp_usec":"1411357222354375"}],"query_text":"weather"}},{"query":{"id":[{"timestamp_usec":"1411357099407810"}],"query_text":"starbucks on eastern and pebble"}},{"query":{"id":[{"timestamp_usec":"1411337276182877"}],"query_text":"starbucks on eastern and pebble"}},{"query":{"id":[{"timestamp_usec":"1411332997098727"}],"query_text":"vons windmill and bermuda Starbucks"}},{"query":{"id":[{"timestamp_usec":"1411332974010705"}],"query_text":"vons windmill and bermuda"}},{"query":{"id":[{"timestamp_usec":"1411316901182216"}],"query_text":"walmart toys"}},{"query":{"id":[{"timestamp_usec":"1411312457627984"}],"query_text":"weather"}},{"query":{"id":[{"timestamp_usec":"1411312439768179"}],"query_text":"qvc the joy of toys"}},{"query":{"id":[{"timestamp_usec":"1411312439600691"}],"query_text":"Halloween costume for baby boys"}},{"query":{"id":[{"timestamp_usec":"1411312439262255"}],"query_text":"Halloween store"}},{"query":{"id":[{"timestamp_usec":"1411312435240378","type":"IMAGE_QUERY","tbm":"isch"},{"timestamp_usec":"1411312416412870"}],"query_text":"Halloween costume for baby boys stunk"}},{"query":{"id":[{"timestamp_usec":"1411312342600589","type":"IMAGE_QUERY","tbm":"isch"}],"query_text":"Halloween costume baby boy skunk"}},{"query":{"id":[{"timestamp_usec":"1411270919991066","type":"IMAGE_QUERY","tbm":"isch"}],"query_text":"Halloween costume baby boy skunk"}},{"query":{"id":[{"timestamp_usec":"1411270790053200","type":"IMAGE_QUERY","tbm":"isch"}],"query_text":"Halloween costume for baby boys stunk"}},{"query":{"id":[{"timestamp_usec":"1411270765718659","type":"IMAGE_QUERY","tbm":"isch"},{"timestamp_usec":"1411270666943696","type":"IMAGE_QUERY","tbm":"isch"},{"timestamp_usec":"1411270510091009","type":"IMAGE_QUERY","tbm":"isch"},{"timestamp_usec":"1411270437504388","type":"IMAGE_QUERY","tbm":"isch"},{"timestamp_usec":"1411270272314341","type":"IMAGE_QUERY","tbm":"isch"},{"timestamp_usec":"1411270153468518","type":"IMAGE_QUERY","tbm":"isch"},{"timestamp_usec":"1411270138674885"}],"query_text":"Halloween costume for baby boys"}},{"query":{"id":[{"timestamp_usec":"1411270058171033"}],"query_text":"Halloween store"}},{"query":{"id":[{"timestamp_usec":"1411266682317693","type":"IMAGE_QUERY","tbm":"isch"}],"query_text":"prince hawkcat"}},{"query":{"id":[{"timestamp_usec":"1411265157009304"}],"query_text":"Halloween 89123"}},{"query":{"id":[{"timestamp_usec":"1411265156841884"}],"query_text":"halloween eastern"}},{"query":{"id":[{"timestamp_usec":"1411265153428969"}],"query_text":"Halloween store henderson"}},{"query":{"id":[{"timestamp_usec":"1411265153341510"}],"query_text":"halloween store"}},{"query":{"id":[{"timestamp_usec":"1411265151024477"}],"query_text":"halloween stores on eastern"}},{"query":{"id":[{"timestamp_usec":"1411265147990169"}],"query_text":"jcp halloween costumes"}},{"query":{"id":[{"timestamp_usec":"1411264866589074"}],"query_text":"Halloween store"}},{"query":{"id":[{"timestamp_usec":"1411264852274444"}],"query_text":"jcp halloween costumes"}},{"query":{"id":[{"timestamp_usec":"1411264143568770"}],"query_text":"halloween stores on eastern"}},{"query":{"id":[{"timestamp_usec":"1411264119930821"}],"query_text":"halloween eastern"}},{"query":{"id":[{"timestamp_usec":"1411264065318914"}],"query_text":"halloween store"}},{"query":{"id":[{"timestamp_usec":"1411261249620777","type":"IMAGE_QUERY","tbm":"isch"}],"query_text":"big ass baby"}},{"query":{"id":[{"timestamp_usec":"1411259642698720"}],"query_text":"Halloween store henderson"}},{"query":{"id":[{"timestamp_usec":"1411259388220634"}],"query_text":"(Current Location) -> Halloween Express"}},{"query":{"id":[{"timestamp_usec":"1411258271793174"}],"query_text":"Halloween store"}},{"query":{"id":[{"timestamp_usec":"1411255984210745"}],"query_text":"qvc the joy of toys"}},{"query":{"id":[{"timestamp_usec":"1411097122718551"}],"query_text":"should uncle be capitalized"}},{"query":{"id":[{"timestamp_usec":"1411071359955883","type":"IMAGE_QUERY","tbm":"isch"}],"query_text":"queen"}},{"query":{"id":[{"timestamp_usec":"1411061511430032","type":"IMAGE_QUERY","tbm":"isch"}],"query_text":"Resident Evil movie the old lady in the diner that eat the bloody steak"}},{"query":{"id":[{"timestamp_usec":"1411049136134788","type":"IMAGE_QUERY","tbm":"isch"}],"query_text":"Resident Evil movie the old lady in the diner that eat the bloody steak"}},{"query":{"id":[{"timestamp_usec":"1411049134606919","type":"IMAGE_QUERY","tbm":"isch"},{"timestamp_usec":"1411047939256705"}],"query_text":"weather"}},{"query":{"id":[{"timestamp_usec":"1411047909708679","type":"IMAGE_QUERY","tbm":"isch"}],"query_text":"Resident Evil movie the old lady in the diner that eat the bloody steak"}},{"query":{"id":[{"timestamp_usec":"1411001064823870","type":"IMAGE_QUERY","tbm":"isch"},{"timestamp_usec":"1411001189762426","type":"IMAGE_QUERY","tbm":"isch"},{"timestamp_usec":"1411001226515113","type":"IMAGE_QUERY","tbm":"isch"}],"query_text":"Resident Evil movie the old lady in the diner that eat the bloody steak"}},{"query":{"id":[{"timestamp_usec":"1411001036528678","type":"IMAGE_QUERY","tbm":"isch"},{"timestamp_usec":"1411001021440332","type":"VIDEO_QUERY","tbm":"vid"},{"timestamp_usec":"1411000930129712"}],"query_text":"Resident Evil movie the old lady in the diner"}},{"query":{"id":[{"timestamp_usec":"1411000865012810","type":"IMAGE_QUERY","tbm":"isch"},{"timestamp_usec":"1411000871885105","type":"VIDEO_QUERY","tbm":"vid"}],"query_text":"Resident Evil the old lady"}},{"query":{"id":[{"timestamp_usec":"1411000851621257","type":"IMAGE_QUERY","tbm":"isch"}],"query_text":"Resident Evil movie the old lady in the dinner"}},{"query":{"id":[{"timestamp_usec":"1411000824358211","type":"IMAGE_QUERY","tbm":"isch"},{"timestamp_usec":"1411000817755228"}],"query_text":"Resident Evil the old lady"}},{"query":{"id":[{"timestamp_usec":"1411000755355873","type":"IMAGE_QUERY","tbm":"isch"},{"timestamp_usec":"1411000739240150","type":"VIDEO_QUERY","tbm":"vid"},{"timestamp_usec":"1411000720312518"}],"query_text":"movies that are video games"}},{"query":{"id":[{"timestamp_usec":"1411000679613682"}],"query_text":"the old lady in silent hill movie"}},{"query":{"id":[{"timestamp_usec":"1410970336473794"}],"query_text":"false premise"}},{"query":{"id":[{"timestamp_usec":"1410970126273059"}],"query_text":"verbs"}},{"query":{"id":[{"timestamp_usec":"1410969933018293"}],"query_text":"console means"}},{"query":{"id":[{"timestamp_usec":"1410919678957243","type":"IMAGE_QUERY","tbm":"isch"},{"timestamp_usec":"1410919812586791","type":"IMAGE_QUERY","tbm":"isch"},{"timestamp_usec":"1410919874983171","type":"IMAGE_QUERY","tbm":"isch"}],"query_text":"5 gallon jug"}},{"query":{"id":[{"timestamp_usec":"1410906582009116"}],"query_text":"haunted house"}},{"query":{"id":[{"timestamp_usec":"1410904192424547"}],"query_text":"weather"}},{"query":{"id":[{"timestamp_usec":"1410904185488075"}],"query_text":"dre"}},{"query":{"id":[{"timestamp_usec":"1410904185317945"}],"query_text":"desert rose high school"}},{"query":{"id":[{"timestamp_usec":"1410904183615649"}],"query_text":"desert rose high school enrollment"}},{"query":{"id":[{"timestamp_usec":"1410904183220119"}],"query_text":"desert rose high school location"}},{"query":{"id":[{"timestamp_usec":"1410901398070238"}],"query_text":"red box"}},{"query":{"id":[{"timestamp_usec":"1410883833765345"}],"query_text":"desert rose high school location"}},{"query":{"id":[{"timestamp_usec":"1410883735201075"}],"query_text":"desert rose high school enrollment"}},{"query":{"id":[{"timestamp_usec":"1410883648846288"}],"query_text":"desert rose high school"}},{"query":{"id":[{"timestamp_usec":"1410882195837729"}],"query_text":"(Current Location) -> 4260 Eucalyptus Ave, Las Vegas, NV 89121"}},{"query":{"id":[{"timestamp_usec":"1410882155781752"}],"query_text":"building 10 west 4260-b eucalyptus ave las vegas nv 89121"}},{"query":{"id":[{"timestamp_usec":"1410874839780594"}],"query_text":"building 10 west 4260-b eucalyptus ave las vegas nv 89121"}},{"query":{"id":[{"timestamp_usec":"1410844773598073"}],"query_text":"walmart layaway"}},{"query":{"id":[{"timestamp_usec":"1410844168266304"}],"query_text":"whitney ranch"}},{"query":{"id":[{"timestamp_usec":"1410736021020469"}],"query_text":"papa johns coupons"}},{"query":{"id":[{"timestamp_usec":"1410735794487716"}],"query_text":"dominos coupons"}},{"query":{"id":[{"timestamp_usec":"1410683813052383"}],"query_text":"(Current Location) -> Southwest Medical Associates Inc"}},{"query":{"id":[{"timestamp_usec":"1410683635653538"}],"query_text":"doctors urgent care"}},{"query":{"id":[{"timestamp_usec":"1410683614639046"}],"query_text":"health care clinic"}},{"query":{"id":[{"timestamp_usec":"1410683597697053"}],"query_text":"health care clinic near me"}},{"query":{"id":[{"timestamp_usec":"1410683543658380"}],"query_text":"health care clinic"}},{"query":{"id":[{"timestamp_usec":"1410674500327431","type":"IMAGE_QUERY","tbm":"isch"},{"timestamp_usec":"1410674509109869","type":"IMAGE_QUERY","tbm":"isch"},{"timestamp_usec":"1410674736359999","type":"IMAGE_QUERY","tbm":"isch"},{"timestamp_usec":"1410674815547961","type":"IMAGE_QUERY","tbm":"isch"}],"query_text":"is earth really bigger than what we think"}},{"query":{"id":[{"timestamp_usec":"1410645384053369"}],"query_text":"lowes workshops"}},{"query":{"id":[{"timestamp_usec":"1410623683970996"}],"query_text":"lowes workshops"}},{"query":{"id":[{"timestamp_usec":"1410623657897366"}],"query_text":"google"}},{"query":{"id":[{"timestamp_usec":"1410623631647211"}],"query_text":"lowes workshops"}},{"query":{"id":[{"timestamp_usec":"1410623262079571"}],"query_text":"lowes"}},{"query":{"id":[{"timestamp_usec":"1410623055392195"}],"query_text":"lowes workshops"}},{"query":{"id":[{"timestamp_usec":"1410581339148463","type":"IMAGE_QUERY","tbm":"isch"},{"timestamp_usec":"1410581344168709","type":"IMAGE_QUERY","tbm":"isch"},{"timestamp_usec":"1410581345697589","type":"IMAGE_QUERY","tbm":"isch"}],"query_text":"pin up, stratosphere hotel & casino (las vegas, nv), july 14"}},{"query":{"id":[{"timestamp_usec":"1410580532148218"}],"query_text":"google"}},{"query":{"id":[{"timestamp_usec":"1410568312458207","type":"IMAGE_QUERY","tbm":"isch"},{"timestamp_usec":"1410568361201276","type":"IMAGE_QUERY","tbm":"isch"},{"timestamp_usec":"1410568383803947","type":"IMAGE_QUERY","tbm":"isch"}],"query_text":"98 audi a6 thermostat"}},{"query":{"id":[{"timestamp_usec":"1410487491690781","type":"IMAGE_QUERY","tbm":"isch"}],"query_text":"stephanie mckenzie the point"}},{"query":{"id":[{"timestamp_usec":"1410462489291452","type":"IMAGE_QUERY","tbm":"isch"}],"query_text":"2012 e350 tow hitch test wiring"}},{"query":{"id":[{"timestamp_usec":"1410450254092723","type":"IMAGE_QUERY","tbm":"isch"},{"timestamp_usec":"1410450272414850","type":"IMAGE_QUERY","tbm":"isch"},{"timestamp_usec":"1410450289784089","type":"IMAGE_QUERY","tbm":"isch"},{"timestamp_usec":"1410450376098134","type":"IMAGE_QUERY","tbm":"isch"}],"query_text":"stephanie mckenzie the point"}},{"query":{"id":[{"timestamp_usec":"1410450225994092","type":"IMAGE_QUERY","tbm":"isch"}],"query_text":"stephanie mckenzie"}},{"query":{"id":[{"timestamp_usec":"1410422547947142"}],"query_text":"learn.net.edgeunity"}},{"query":{"id":[{"timestamp_usec":"1410422053526940"}],"query_text":"weather"}},{"query":{"id":[{"timestamp_usec":"1410384306131275"}],"query_text":"Learn.net.edgeunity"}},{"query":{"id":[{"timestamp_usec":"1410384269482612"}],"query_text":"ingenuity"}},{"query":{"id":[{"timestamp_usec":"1410384258223525"}],"query_text":"I knew it"}},{"query":{"id":[{"timestamp_usec":"1410384241086498"}],"query_text":"Legend engine nudity"}},{"query":{"id":[{"timestamp_usec":"1410384228491822"}],"query_text":"Learn.net.edge"}},{"query":{"id":[{"timestamp_usec":"1410356739636201"}],"query_text":"where do i pick up my high school transcript"}},{"query":{"id":[{"timestamp_usec":"1410328199584739"}],"query_text":"where do i pick up my high school transcript"}},{"query":{"id":[{"timestamp_usec":"1410326781987341"}],"query_text":"ccsd high school transcripts"}},{"query":{"id":[{"timestamp_usec":"1410298761874318"}],"query_text":"ccsd high school transcripts"}},{"query":{"id":[{"timestamp_usec":"1410292982874121"}],"query_text":"vons windmill and bermuda"}},{"query":{"id":[{"timestamp_usec":"1410288115776426"}],"query_text":"henderson wellness center henderson nv"}},{"query":{"id":[{"timestamp_usec":"1410287422891943"}],"query_text":"ccsd high school transcripts"}},{"query":{"id":[{"timestamp_usec":"1410287324182328"}],"query_text":"ccsd address"}},{"query":{"id":[{"timestamp_usec":"1410287221649015"}],"query_text":"ccsd high school transcripts"}},{"query":{"id":[{"timestamp_usec":"1410284334595743"}],"query_text":"(Current Location) -> Desert Rose Adult High School"}},{"query":{"id":[{"timestamp_usec":"1410282945920971"}],"query_text":"(Current Location) -> 7040 Laredo St, Las Vegas, NV"}},{"query":{"id":[{"timestamp_usec":"1410282889661410"}],"query_text":"(Current Location) -> Desert Rose Adult High School"}},{"query":{"id":[{"timestamp_usec":"1410281524370775"}],"query_text":"Desert Rose Adult High School -> 7040 Laredo St, Las Vegas, NV"}},{"query":{"id":[{"timestamp_usec":"1410281520045260"}],"query_text":"Desert Rose Adult High School -> (Current Location)"}},{"query":{"id":[{"timestamp_usec":"1410281513806347"}],"query_text":"(Current Location) -> Desert Rose Adult High School"}},{"query":{"id":[{"timestamp_usec":"1410281110902151"}],"query_text":"Desert Rose Adult High School -> 7040 laredo street, suite e, las vegas, 89117"}},{"query":{"id":[{"timestamp_usec":"1410280992272759"}],"query_text":"Desert Rose Adult High School -> (Current Location)"}},{"query":{"id":[{"timestamp_usec":"1410280964166106"}],"query_text":"(Current Location) -> Desert Rose Adult High School"}},{"query":{"id":[{"timestamp_usec":"1410275768312943"}],"query_text":"(Current Location) -> Desert Rose Adult High School"}},{"query":{"id":[{"timestamp_usec":"1410275753482081"}],"query_text":"desert rose high school"}},{"query":{"id":[{"timestamp_usec":"1410269713625101"}],"query_text":"Leo Tolstoy"}},{"query":{"id":[{"timestamp_usec":"1410206237288245"}],"query_text":"weather"}},{"query":{"id":[{"timestamp_usec":"1410155472879267"}],"query_text":"mickey mouse 1st birthday"}},{"query":{"id":[{"timestamp_usec":"1410155472735172","type":"IMAGE_QUERY","tbm":"isch"}],"query_text":"1st birthday ideas for boys"}},{"query":{"id":[{"timestamp_usec":"1410155472716196","type":"IMAGE_QUERY","tbm":"isch"}],"query_text":"mickey mouse 1st birthday"}},{"query":{"id":[{"timestamp_usec":"1410154582806690"}],"query_text":"1st birthday ideas for boys"}},{"query":{"id":[{"timestamp_usec":"1410154007737445","type":"IMAGE_QUERY","tbm":"isch"}],"query_text":"mickey mouse 1st birthday"}},{"query":{"id":[{"timestamp_usec":"1410150325398089","type":"IMAGE_QUERY","tbm":"isch"},{"timestamp_usec":"1410150319500521"}],"query_text":"mickey mouse 1st birthday"}},{"query":{"id":[{"timestamp_usec":"1410075728796262"}],"query_text":"desert adult school"}},{"query":{"id":[{"timestamp_usec":"1410075644804814"}],"query_text":"how to see how many credit I have in high school"}},{"query":{"id":[{"timestamp_usec":"1410075224278934"}],"query_text":"desert adult school"}},{"query":{"id":[{"timestamp_usec":"1410043478090887"}],"query_text":"weather"}},{"query":{"id":[{"timestamp_usec":"1410019239773708"}],"query_text":"lowes"}},{"query":{"id":[{"timestamp_usec":"1410018957763037"}],"query_text":"lowes workshops"}},{"query":{"id":[{"timestamp_usec":"1410018914314467"}],"query_text":"lowes"}},{"query":{"id":[{"timestamp_usec":"1409982004148701"}],"query_text":"home depot"}},{"query":{"id":[{"timestamp_usec":"1409962994203285"}],"query_text":"home depot"}},{"query":{"id":[{"timestamp_usec":"1409925782045399"}],"query_text":"beatty elementary school las vegas"}},{"query":{"id":[{"timestamp_usec":"1409853086260448"}],"query_text":"beatty elementary school las vegas"}},{"query":{"id":[{"timestamp_usec":"1409803280427466"}],"query_text":"key insurance"}},{"query":{"id":[{"timestamp_usec":"1409776785263369"}],"query_text":"(Current Location) -> Anderson Allen R CPA"}},{"query":{"id":[{"timestamp_usec":"1409774823814415"}],"query_text":"weather"}},{"query":{"id":[{"timestamp_usec":"1409690128354712"}],"query_text":"anaconda Nicki Minaj"}},{"query":{"id":[{"timestamp_usec":"1409680381355629"}],"query_text":"when is monster jam coming to las vegas nv"}},{"query":{"id":[{"timestamp_usec":"1409680036417258"}],"query_text":"when is monster jam coming to las Vegas nv"}},{"query":{"id":[{"timestamp_usec":"1409679986068997"}],"query_text":"weather"}},{"query":{"id":[{"timestamp_usec":"1409617210484236","type":"IMAGE_QUERY","tbm":"isch"}],"query_text":"refrigerator lock"}},{"query":{"id":[{"timestamp_usec":"1409539694242097"}],"query_text":"weather"}},{"query":{"id":[{"timestamp_usec":"1409517236424057"}],"query_text":"monster jan"}},{"query":{"id":[{"timestamp_usec":"1409512187523858"}],"query_text":"pill 2355"}},{"query":{"id":[{"timestamp_usec":"1409377236319032"}],"query_text":"porn"}},{"query":{"id":[{"timestamp_usec":"1409377070689323"}],"query_text":"weather"}},{"query":{"id":[{"timestamp_usec":"1409373651054558","type":"IMAGE_QUERY","tbm":"isch"}],"query_text":"las vegas wranglers mascot"}},{"query":{"id":[{"timestamp_usec":"1409340430722294"}],"query_text":"(Current Location) -> Elixir, 9550 S Eastern Ave, Las Vegas, NV 89123"}},{"query":{"id":[{"timestamp_usec":"1409333272966473"}],"query_text":"dollar loan center"}},{"query":{"id":[{"timestamp_usec":"1409332917567071"}],"query_text":"fresh and easy"}},{"query":{"id":[{"timestamp_usec":"1409319832428465"}],"query_text":"dollar loan center"}},{"query":{"id":[{"timestamp_usec":"1409319721790547"}],"query_text":"loan places in las vegas"}},{"query":{"id":[{"timestamp_usec":"1409254456842202"}],"query_text":"craiglist las vegas"}},{"query":{"id":[{"timestamp_usec":"1409195494832534"}],"query_text":"weather"}},{"query":{"id":[{"timestamp_usec":"1409185738190585"}],"query_text":"michele proctor las vegas facebook"}},{"query":{"id":[{"timestamp_usec":"1409185532848551"}],"query_text":"coupons cowabunga bay"}},{"query":{"id":[{"timestamp_usec":"1409185529662790"}],"query_text":"candid spandex"}},{"query":{"id":[{"timestamp_usec":"1409184745421299"}],"query_text":"cowabunga bay"}},{"query":{"id":[{"timestamp_usec":"1409184277661290"}],"query_text":"candid ass"}},{"query":{"id":[{"timestamp_usec":"1409168491452523"}],"query_text":"groupons"}},{"query":{"id":[{"timestamp_usec":"1409165497006888"}],"query_text":"cowabunga bay"}},{"query":{"id":[{"timestamp_usec":"1409117117928310"}],"query_text":"frozen birthday cake"}},{"query":{"id":[{"timestamp_usec":"1409116591999333"}],"query_text":"Cowabunga Bay"}},{"query":{"id":[{"timestamp_usec":"1409107982331747","type":"IMAGE_QUERY","tbm":"isch"}],"query_text":"megalodon"}},{"query":{"id":[{"timestamp_usec":"1409101674906112"}],"query_text":"Disney World family vacation"}},{"query":{"id":[{"timestamp_usec":"1409101665445078"}],"query_text":"Disney World vacation"}},{"query":{"id":[{"timestamp_usec":"1409093076068883"}],"query_text":"87"}},{"query":{"id":[{"timestamp_usec":"1409068194719240","type":"IMAGE_QUERY","tbm":"isch"},{"timestamp_usec":"1409068229307247","type":"IMAGE_QUERY","tbm":"isch"},{"timestamp_usec":"1409068252149112","type":"IMAGE_QUERY","tbm":"isch"}],"query_text":"fox and mackenzie 97.1"}},{"query":{"id":[{"timestamp_usec":"1409061090825854"}],"query_text":"craiglist las vegas"}},{"query":{"id":[{"timestamp_usec":"1409013149323789"}],"query_text":"craiglist las vegas"}},{"query":{"id":[{"timestamp_usec":"1409012314579172"}],"query_text":"clock"}},{"query":{"id":[{"timestamp_usec":"1409010256776216","type":"IMAGE_QUERY","tbm":"isch"},{"timestamp_usec":"1409010177230990","type":"IMAGE_QUERY","tbm":"isch"},{"timestamp_usec":"1409010170246183"}],"query_text":"clock"}},{"query":{"id":[{"timestamp_usec":"1409010141088182"}],"query_text":"m367 pill"}},{"query":{"id":[{"timestamp_usec":"1408994011135300"}],"query_text":"candid ass"}},{"query":{"id":[{"timestamp_usec":"1408913909556582"}],"query_text":"pill 2355"}},{"query":{"id":[{"timestamp_usec":"1408913831751034"}],"query_text":"pill 446"}},{"query":{"id":[{"timestamp_usec":"1408869137053098"}],"query_text":"los angeles ethnicity"}},{"query":{"id":[{"timestamp_usec":"1408855753282659"}],"query_text":"raiders going back to La"}},{"query":{"id":[{"timestamp_usec":"1408776683071339"}],"query_text":"why asian cant drive"}},{"query":{"id":[{"timestamp_usec":"1408770597013901"}],"query_text":"Ugly Kid Joe"}},{"query":{"id":[{"timestamp_usec":"1408766635973828"}],"query_text":"pay dish online"}},{"query":{"id":[{"timestamp_usec":"1408727373599331"}],"query_text":"craiglist las vegas"}},{"query":{"id":[{"timestamp_usec":"1408686208550390"}],"query_text":"why so many raider fans in denver"}},{"query":{"id":[{"timestamp_usec":"1408664517205313"}],"query_text":"porn"}},{"query":{"id":[{"timestamp_usec":"1408637525664319"}],"query_text":"lil caesers 89118"}},{"query":{"id":[{"timestamp_usec":"1408635734489951"}],"query_text":"craiglist las vegas"}},{"query":{"id":[{"timestamp_usec":"1408629752319637","type":"IMAGE_QUERY","tbm":"isch"},{"timestamp_usec":"1408629764879216","type":"IMAGE_QUERY","tbm":"isch"}],"query_text":"juicy liu 97.5"}},{"query":{"id":[{"timestamp_usec":"1408629584905116","type":"IMAGE_QUERY","tbm":"isch"},{"timestamp_usec":"1408629595212576","type":"IMAGE_QUERY","tbm":"isch"},{"timestamp_usec":"1408629614604332","type":"IMAGE_QUERY","tbm":"isch"}],"query_text":"chet buchanan big head"}},{"query":{"id":[{"timestamp_usec":"1408629298254155","type":"IMAGE_QUERY","tbm":"isch"}],"query_text":"jb kluc las vegas"}},{"query":{"id":[{"timestamp_usec":"1408576239863260","type":"IMAGE_QUERY","tbm":"isch"},{"timestamp_usec":"1408576270258983","type":"IMAGE_QUERY","tbm":"isch"}],"query_text":"magneto kills wolverine"}},{"query":{"id":[{"timestamp_usec":"1408576149811161"}],"query_text":"magneto vs wolverine"}},{"query":{"id":[{"timestamp_usec":"1408473105339873"}],"query_text":"pay dish online"}},{"query":{"id":[{"timestamp_usec":"1408472285625290"}],"query_text":"Silvestri junior high 8th grade school supply list"}},{"query":{"id":[{"timestamp_usec":"1408462899412292"}],"query_text":"craiglist las vegas"}},{"query":{"id":[{"timestamp_usec":"1408459701970070"}],"query_text":"pay my dish account"}},{"query":{"id":[{"timestamp_usec":"1408412485705183"}],"query_text":"craiglist las vegas"}},{"query":{"id":[{"timestamp_usec":"1408407018249594"}],"query_text":"horror movies best"}},{"query":{"id":[{"timestamp_usec":"1408396526588766"}],"query_text":"discord tshirt"}},{"query":{"id":[{"timestamp_usec":"1408377324537011"}],"query_text":"urgent care"}},{"query":{"id":[{"timestamp_usec":"1408366356955301"}],"query_text":"weather"}},{"query":{"id":[{"timestamp_usec":"1408366287745835"}],"query_text":"urgent care"}},{"query":{"id":[{"timestamp_usec":"1408308304648946"}],"query_text":"(Current Location) -> Southwest Medical Associates Inc"}},{"query":{"id":[{"timestamp_usec":"1408289151591419"}],"query_text":"urgent care"}},{"query":{"id":[{"timestamp_usec":"1408253261545458","type":"IMAGE_QUERY","tbm":"isch"},{"timestamp_usec":"1408253372508752","type":"IMAGE_QUERY","tbm":"isch"},{"timestamp_usec":"1408253521488444","type":"IMAGE_QUERY","tbm":"isch"}],"query_text":"5 gallon water jug cap dispenser"}},{"query":{"id":[{"timestamp_usec":"1408126184963235"}],"query_text":"what is ssp"}},{"query":{"id":[{"timestamp_usec":"1408046813610323"}],"query_text":"2010 Town and Country Chrysler oil filter"}},{"query":{"id":[{"timestamp_usec":"1408046795492933"}],"query_text":"2010 town and Chrysler"}},{"query":{"id":[{"timestamp_usec":"1408030953580977","type":"IMAGE_QUERY","tbm":"isch"}],"query_text":"petros zois las vegas"}},{"query":{"id":[{"timestamp_usec":"1408030908964965"}],"query_text":"petros las vegas"}},{"query":{"id":[{"timestamp_usec":"1407975228085191","type":"IMAGE_QUERY","tbm":"isch"},{"timestamp_usec":"1407975222831424"}],"query_text":"how to make a icecream cake"}},{"query":{"id":[{"timestamp_usec":"1407974994378634","type":"IMAGE_QUERY","tbm":"isch"}],"query_text":"how to make a kids icecream cake"}},{"query":{"id":[{"timestamp_usec":"1407974952078795","type":"IMAGE_QUERY","tbm":"isch"},{"timestamp_usec":"1407974915790318","type":"IMAGE_QUERY","tbm":"isch"},{"timestamp_usec":"1407974737029262","type":"IMAGE_QUERY","tbm":"isch"},{"timestamp_usec":"1407974726416192","type":"VIDEO_QUERY","tbm":"vid"},{"timestamp_usec":"1407974535512612","type":"IMAGE_QUERY","tbm":"isch"},{"timestamp_usec":"1407974260904708"}],"query_text":"how to make a icecream cake"}},{"query":{"id":[{"timestamp_usec":"1407974127043448"}],"query_text":"weather"}},{"query":{"id":[{"timestamp_usec":"1407971224999869"}],"query_text":"anniversary"}},{"query":{"id":[{"timestamp_usec":"1407971208519496"}],"query_text":"how to make a icecream cake"}},{"query":{"id":[{"timestamp_usec":"1407971208352506"}],"query_text":"what is 98.5 request number"}},{"query":{"id":[{"timestamp_usec":"1407969330376940"}],"query_text":"health card of las vegas nevada"}},{"query":{"id":[{"timestamp_usec":"1407958530510775"}],"query_text":"what is 98.5 request number"}},{"query":{"id":[{"timestamp_usec":"1407958414113633"}],"query_text":"what is 98.5 request phone number line"}},{"query":{"id":[{"timestamp_usec":"1407958397541524"}],"query_text":"what is 98.5 request number"}},{"query":{"id":[{"timestamp_usec":"1407952416629880"}],"query_text":"kday 93.5"}},{"query":{"id":[{"timestamp_usec":"1407948673685528"}],"query_text":"how to make a icecream cake"}},{"query":{"id":[{"timestamp_usec":"1407948671804855"}],"query_text":"cowobagua bay in las Vegas"}},{"query":{"id":[{"timestamp_usec":"1407948255712583"}],"query_text":"Cowabunga Bay Las Vegas Nevada"}},{"query":{"id":[{"timestamp_usec":"1407892277980571"}],"query_text":"Kalapana bays telephone number"}},{"query":{"id":[{"timestamp_usec":"1407892273982070"}],"query_text":"telephone the best phone number"}},{"query":{"id":[{"timestamp_usec":"1407892269149170"}],"query_text":"Kalapana pay telephone number"}},{"query":{"id":[{"timestamp_usec":"1407892268776769"}],"query_text":"caliburger baby telephone number"}},{"query":{"id":[{"timestamp_usec":"1407891984755197"}],"query_text":"cowabunga bay"}},{"query":{"id":[{"timestamp_usec":"1407891971905245"}],"query_text":"caliburger baby telephone number"}},{"query":{"id":[{"timestamp_usec":"1407891961215007"}],"query_text":"Kalapana pay telephone number"}},{"query":{"id":[{"timestamp_usec":"1407891949090814"}],"query_text":"Kalapana bays telephone number"}},{"query":{"id":[{"timestamp_usec":"1407891931464460"}],"query_text":"telephone the best phone number"}},{"query":{"id":[{"timestamp_usec":"1407876540773469"}],"query_text":"skyzone"}},{"query":{"id":[{"timestamp_usec":"1407876162512377"}],"query_text":"Craiglist las Vegas nv"}},{"query":{"id":[{"timestamp_usec":"1407875299987430"}],"query_text":"ice cream cake pain ball"}},{"query":{"id":[{"timestamp_usec":"1407874365728066","type":"IMAGE_QUERY","tbm":"isch"},{"timestamp_usec":"1407874433686479","type":"IMAGE_QUERY","tbm":"isch"},{"timestamp_usec":"1407874520817574","type":"IMAGE_QUERY","tbm":"isch"}],"query_text":"ice cream cake kids paintball"}},{"query":{"id":[{"timestamp_usec":"1407874346247871","type":"IMAGE_QUERY","tbm":"isch"}],"query_text":"ice cream cake pain ball"}},{"query":{"id":[{"timestamp_usec":"1407874132258767","type":"IMAGE_QUERY","tbm":"isch"},{"timestamp_usec":"1407874137378132","type":"IMAGE_QUERY","tbm":"isch"}],"query_text":"ice cream cake paintball"}},{"query":{"id":[{"timestamp_usec":"1407874062658191","type":"IMAGE_QUERY","tbm":"isch"},{"timestamp_usec":"1407874041689454"}],"query_text":"ice cream cake pain ball"}},{"query":{"id":[{"timestamp_usec":"1407873968436198","type":"IMAGE_QUERY","tbm":"isch"}],"query_text":"ice cream cake paint ball"}},{"query":{"id":[{"timestamp_usec":"1407873944208001","type":"IMAGE_QUERY","tbm":"isch"},{"timestamp_usec":"1407873937881985","type":"IMAGE_QUERY","tbm":"isch"},{"timestamp_usec":"1407873914414826"}],"query_text":"ice cream cake"}},{"query":{"id":[{"timestamp_usec":"1407873328924034","type":"IMAGE_QUERY","tbm":"isch"},{"timestamp_usec":"1407873352541322","type":"IMAGE_QUERY","tbm":"isch"},{"timestamp_usec":"1407873388241411","type":"IMAGE_QUERY","tbm":"isch"}],"query_text":"flat earth"}},{"query":{"id":[{"timestamp_usec":"1407863803646964"}],"query_text":"Craiglist las Vegas nv"}},{"query":{"id":[{"timestamp_usec":"1407736624299292"}],"query_text":"weather"}},{"query":{"id":[{"timestamp_usec":"1407720767135403"}],"query_text":"Shakey's Monterey"}},{"query":{"id":[{"timestamp_usec":"1407720752693069"}],"query_text":"Shakey's Pizza"}},{"query":{"id":[{"timestamp_usec":"1407720751517337"}],"query_text":"Shakey's Monterey Park"}},{"query":{"id":[{"timestamp_usec":"1407720680210346"}],"query_text":"Shakey's Pizza"}},{"query":{"id":[{"timestamp_usec":"1407720669535789"}],"query_text":"where is a Yoshinoya"}},{"query":{"id":[{"timestamp_usec":"1407720265021865"}],"query_text":"(Current Location) -> Yoshinoya, 1461 S La Cienega Blvd, Los Angeles, CA 90035"}},{"query":{"id":[{"timestamp_usec":"1407720145126310"}],"query_text":"where is a Yoshinoya"}},{"query":{"id":[{"timestamp_usec":"1407641034470949"}],"query_text":"cvs"}},{"query":{"id":[{"timestamp_usec":"1407640941216878"}],"query_text":"(Current Location) -> CVS Pharmacy | Photo"}},{"query":{"id":[{"timestamp_usec":"1407640895544504"}],"query_text":"cvs"}},{"query":{"id":[{"timestamp_usec":"1407639968495643"}],"query_text":"map"}},{"query":{"id":[{"timestamp_usec":"1407639751916606"}],"query_text":"mapquest"}},{"query":{"id":[{"timestamp_usec":"1407629083296413"}],"query_text":"children Museum"}},{"query":{"id":[{"timestamp_usec":"1407629016772498"}],"query_text":"Museum"}},{"query":{"id":[{"timestamp_usec":"1407607123425778"}],"query_text":"carrows menu"}},{"query":{"id":[{"timestamp_usec":"1407607022391765"}],"query_text":"carrows"}},{"query":{"id":[{"timestamp_usec":"1407606996886000"}],"query_text":"cafes OR restaurants OR bars"}},{"query":{"id":[{"timestamp_usec":"1407606854494398"}],"query_text":"map"}},{"query":{"id":[{"timestamp_usec":"1407604466052541"}],"query_text":"cafes OR restaurants OR bars"}},{"query":{"id":[{"timestamp_usec":"1407591639784803"}],"query_text":"placita olvera church"}},{"query":{"id":[{"timestamp_usec":"1407591483980532"}],"query_text":"map"}},{"query":{"id":[{"timestamp_usec":"1407539249950509"}],"query_text":"venice ca"}},{"query":{"id":[{"timestamp_usec":"1407469776129393"}],"query_text":"what time does Kohls close"}},{"query":{"id":[{"timestamp_usec":"1407469747367919"}],"query_text":"what time does Burlington Coat Factory close"}},{"query":{"id":[{"timestamp_usec":"1407420593247818"}],"query_text":"what is the weather going to be like in Los Angeles"}},{"query":{"id":[{"timestamp_usec":"1407379508704840","type":"IMAGE_QUERY","tbm":"isch"}],"query_text":"sharp stereo system"}},{"query":{"id":[{"timestamp_usec":"1407340573059916"}],"query_text":"key insurance company naic#12966"}},{"query":{"id":[{"timestamp_usec":"1407340568863410"}],"query_text":"whats cdiff infection"}},{"query":{"id":[{"timestamp_usec":"1407340253628420"}],"query_text":"Valleywide properties"}},{"query":{"id":[{"timestamp_usec":"1407340245573434"}],"query_text":"Hollywood property"}},{"query":{"id":[{"timestamp_usec":"1407301710660130"}],"query_text":"whats cdiff infection"}},{"query":{"id":[{"timestamp_usec":"1407300724892552"}],"query_text":"key insurance company naic#12966"}},{"query":{"id":[{"timestamp_usec":"1407289772806283"}],"query_text":"key insurance company naic#12966"}},{"query":{"id":[{"timestamp_usec":"1407251197854739"}],"query_text":"what time does Vons pharmacy open"}},{"query":{"id":[{"timestamp_usec":"1407199377668307","type":"IMAGE_QUERY","tbm":"isch"}],"query_text":"juicy liu las vegas"}},{"query":{"id":[{"timestamp_usec":"1407183827086621"}],"query_text":"weather"}},{"query":{"id":[{"timestamp_usec":"1407010807879113"}],"query_text":"sheraton hotel lax"}},{"query":{"id":[{"timestamp_usec":"1406843485004187"}],"query_text":"where is 310"}},{"query":{"id":[{"timestamp_usec":"1406842382049575"}],"query_text":"Valleywide property management"}},{"query":{"id":[{"timestamp_usec":"1406612819153233","type":"IMAGE_QUERY","tbm":"isch"}],"query_text":"dough cutter roller"}},{"query":{"id":[{"timestamp_usec":"1406579674501501"}],"query_text":"where can I get a Samsung Tab charger"}},{"query":{"id":[{"timestamp_usec":"1406579662179504"}],"query_text":"where can I get a Galaxy Tab charger"}},{"query":{"id":[{"timestamp_usec":"1406572339368453"}],"query_text":"weather"}},{"query":{"id":[{"timestamp_usec":"1406562908654130"}],"query_text":"health card"}},{"query":{"id":[{"timestamp_usec":"1406557881445844"}],"query_text":"health card"}},{"query":{"id":[{"timestamp_usec":"1406520423851737"}],"query_text":"weather"}},{"query":{"id":[{"timestamp_usec":"1406520391618779"}],"query_text":"cheap house for rent 89123"}},{"query":{"id":[{"timestamp_usec":"1406511024378487"}],"query_text":"cheap house for rent 89123"}},{"query":{"id":[{"timestamp_usec":"1406508941651095"}],"query_text":"weather"}},{"query":{"id":[{"timestamp_usec":"1406447903668572"}],"query_text":"what is dicord"}},{"query":{"id":[{"timestamp_usec":"1406447865723284"}],"query_text":"what is discord or conflict of personalities"}},{"query":{"id":[{"timestamp_usec":"1406447851597492","type":"IMAGE_QUERY","tbm":"isch"}],"query_text":"what is dicord"}},{"query":{"id":[{"timestamp_usec":"1406447847533805"}],"query_text":"what is discord"}},{"query":{"id":[{"timestamp_usec":"1406447846421980","type":"VIDEO_QUERY","tbm":"vid"},{"timestamp_usec":"1406447675980580","type":"IMAGE_QUERY","tbm":"isch"},{"timestamp_usec":"1406447675817366","type":"VIDEO_QUERY","tbm":"vid"},{"timestamp_usec":"1406447642285312"}],"query_text":"what is discord or conflict of personalities"}},{"query":{"id":[{"timestamp_usec":"1406447128796606"}],"query_text":"what is discord"}},{"query":{"id":[{"timestamp_usec":"1406447118311175"}],"query_text":"what is dicord"}},{"query":{"id":[{"timestamp_usec":"1406441984872897"}],"query_text":"pt number on pebble and eastern"}},{"query":{"id":[{"timestamp_usec":"1406441776876999"}],"query_text":"whats going on at pts on eastern and pebble"}},{"query":{"id":[{"timestamp_usec":"1406436326271247"}],"query_text":"whats going on at pts on eastern and pebble"}},{"query":{"id":[{"timestamp_usec":"1406435165146164"}],"query_text":"pt pub pebble and eastern"}},{"query":{"id":[{"timestamp_usec":"1406435111612735"}],"query_text":"whats going on at pts on eastern and pebble"}},{"query":{"id":[{"timestamp_usec":"1406433381719820"}],"query_text":"whats going on at pts on Eastern and pebble"}},{"query":{"id":[{"timestamp_usec":"1406341633515699"}],"query_text":"Instagram"}},{"query":{"id":[{"timestamp_usec":"1406335378946716"}],"query_text":"weather"}},{"query":{"id":[{"timestamp_usec":"1406259101124710"}],"query_text":"officemax next week ad"}},{"query":{"id":[{"timestamp_usec":"1406250816420567"}],"query_text":"kids formal wear"}},{"query":{"id":[{"timestamp_usec":"1406235355765121"}],"query_text":"health card"}},{"query":{"id":[{"timestamp_usec":"1406230444943436"}],"query_text":"how much are tickets for Soak City Knotts Berry Farm"}},{"query":{"id":[{"timestamp_usec":"1406145369017812"}],"query_text":"Gmail sign up"}},{"query":{"id":[{"timestamp_usec":"1406145034587366"}],"query_text":"Gmail"}},{"query":{"id":[{"timestamp_usec":"1406126125275612"}],"query_text":"Saint Rose Parkway pediatrics"}},{"query":{"id":[{"timestamp_usec":"1406125841375390"}],"query_text":"Saint Rose pediatrics"}},{"query":{"id":[{"timestamp_usec":"1406125815737894"}],"query_text":"Saint Rose Parkway pediatrics"}},{"query":{"id":[{"timestamp_usec":"1406125798527976"}],"query_text":"desert"}},{"query":{"id":[{"timestamp_usec":"1406125186486320"}],"query_text":"white and Hispanic"}},{"query":{"id":[{"timestamp_usec":"1406125179339643"}],"query_text":"desert"}},{"query":{"id":[{"timestamp_usec":"1406125177518506"}],"query_text":"PDF"}},{"query":{"id":[{"timestamp_usec":"1406125051465254"}],"query_text":"Denise at st. Rose pediatrics"}},{"query":{"id":[{"timestamp_usec":"1406125044558212"}],"query_text":"PDF"}},{"query":{"id":[{"timestamp_usec":"1406125044407780"}],"query_text":"Saint Rose pediatrics names of the daughters"}},{"query":{"id":[{"timestamp_usec":"1406124881082853"}],"query_text":"Saint Rose pediatrics names of the doctors"}},{"query":{"id":[{"timestamp_usec":"1406124860251028"}],"query_text":"Saint Rose pediatrics names of the daughters"}},{"query":{"id":[{"timestamp_usec":"1406124852825883"}],"query_text":"PDF"}},{"query":{"id":[{"timestamp_usec":"1406124763610543"}],"query_text":"Saint Rose pediatrics"}},{"query":{"id":[{"timestamp_usec":"1406124755828356"}],"query_text":"PDF"}},{"query":{"id":[{"timestamp_usec":"1406124742355868"}],"query_text":"desert"}},{"query":{"id":[{"timestamp_usec":"1406122428860641"}],"query_text":"weather"}},{"query":{"id":[{"timestamp_usec":"1406007136758688"}],"query_text":"East LA Doubletree hotels"}},{"query":{"id":[{"timestamp_usec":"1405990041162087"}],"query_text":"(Current Location) -> Center For Sight"}},{"query":{"id":[{"timestamp_usec":"1405989985909372"}],"query_text":"Center for sight on Craig Road"}},{"query":{"id":[{"timestamp_usec":"1405989974629659"}],"query_text":"i4 sites"}},{"query":{"id":[{"timestamp_usec":"1405989932172186"}],"query_text":"eyes for sites on Craig Road"}},{"query":{"id":[{"timestamp_usec":"1405989922490012"}],"query_text":"is precise on Craig Road"}},{"query":{"id":[{"timestamp_usec":"1405989915214881"}],"query_text":"i4 sites"}},{"query":{"id":[{"timestamp_usec":"1405989711296718"}],"query_text":"kids formal in the Galleria Mall"}},{"query":{"id":[{"timestamp_usec":"1405989690782596"}],"query_text":"the kids to the Galleria Mall"}},{"query":{"id":[{"timestamp_usec":"1405989679814417"}],"query_text":"where in the Galleria Mall"}},{"query":{"id":[{"timestamp_usec":"1405989646766071"}],"query_text":"is there a baptism outfits for las vegas"}},{"query":{"id":[{"timestamp_usec":"1405894369882764"}],"query_text":"where is kids formal las Vegas"}},{"query":{"id":[{"timestamp_usec":"1405890238842824","type":"IMAGE_QUERY","tbm":"isch"},{"timestamp_usec":"1405890215564311","type":"IMAGE_QUERY","tbm":"isch"},{"timestamp_usec":"1405890159027375","type":"IMAGE_QUERY","tbm":"isch"},{"timestamp_usec":"1405890149669940"}],"query_text":"where is kids formal las Vegas"}},{"query":{"id":[{"timestamp_usec":"1405889898165301"}],"query_text":"is there a baptism outfits for las vegas"}},{"query":{"id":[{"timestamp_usec":"1405889287027788"}],"query_text":"is there a baptism outfits for Las Vegas"}},{"query":{"id":[{"timestamp_usec":"1405889193572958"}],"query_text":"weather"}},{"query":{"id":[{"timestamp_usec":"1405878131802832","type":"IMAGE_QUERY","tbm":"isch"},{"timestamp_usec":"1405878140948719","type":"IMAGE_QUERY","tbm":"isch"},{"timestamp_usec":"1405878142767784","type":"IMAGE_QUERY","tbm":"isch"},{"timestamp_usec":"1405878144822010","type":"IMAGE_QUERY","tbm":"isch"}],"query_text":"pin up, stratosphere hotel & casino (las vegas, nv), july 14"}},{"query":{"id":[{"timestamp_usec":"1405847697724128","type":"IMAGE_QUERY","tbm":"isch"}],"query_text":"bug glue adhesive"}},{"query":{"id":[{"timestamp_usec":"1405811563994412","type":"IMAGE_QUERY","tbm":"isch"},{"timestamp_usec":"1405811615237956","type":"IMAGE_QUERY","tbm":"isch"}],"query_text":"freddie mercury"}},{"query":{"id":[{"timestamp_usec":"1405802483347629"}],"query_text":"where is there a baptism"}},{"query":{"id":[{"timestamp_usec":"1405802483095010"}],"query_text":"where is there a baptism clothes store near by"}},{"query":{"id":[{"timestamp_usec":"1405799524834213"}],"query_text":"where is there a baptism clothes store near by"}},{"query":{"id":[{"timestamp_usec":"1405799492505743"}],"query_text":"where is there a baptism"}},{"query":{"id":[{"timestamp_usec":"1405696518409152"}],"query_text":"where is the Health Department on Valley View"}},{"query":{"id":[{"timestamp_usec":"1405696517134339"}],"query_text":"where is the health department"}},{"query":{"id":[{"timestamp_usec":"1405696513837157"}],"query_text":"where is the Health District on Valley View"}},{"query":{"id":[{"timestamp_usec":"1405696467148174"}],"query_text":"where is the Health District on Valley View in Las Vegas"}},{"query":{"id":[{"timestamp_usec":"1405696439052175"}],"query_text":"where is the Health District on Valley View"}},{"query":{"id":[{"timestamp_usec":"1405696433030369"}],"query_text":"where is the health department"}},{"query":{"id":[{"timestamp_usec":"1405696419875168"}],"query_text":"where is the Health Department on Valley View"}},{"query":{"id":[{"timestamp_usec":"1405696282991556"}],"query_text":"where can I get my birth certificate in Las Vegas Nevada"}},{"query":{"id":[{"timestamp_usec":"1405696247155129"}],"query_text":"can I get my birth certificate"}},{"query":{"id":[{"timestamp_usec":"1405696239027389"}],"query_text":"what are the addresses for the health department"}},{"query":{"id":[{"timestamp_usec":"1405696202719170"}],"query_text":"what is the address for the health district"}},{"query":{"id":[{"timestamp_usec":"1405696174187387"}],"query_text":"what are the addresses for the health department"}},{"query":{"id":[{"timestamp_usec":"1405696165752398"}],"query_text":"what is the address for both House districts"}},{"query":{"id":[{"timestamp_usec":"1405696157482357"}],"query_text":"what is the address for bowl healthy"}},{"query":{"id":[{"timestamp_usec":"1405696149787282"}],"query_text":"what is the address to fold a 7"}},{"query":{"id":[{"timestamp_usec":"1405695982089558"}],"query_text":"where are both health districts located at"}},{"query":{"id":[{"timestamp_usec":"1405695962423420"}],"query_text":"where are the health district located at"}},{"query":{"id":[{"timestamp_usec":"1405695949607002"}],"query_text":"Ella health"}},{"query":{"id":[{"timestamp_usec":"1405695927217001"}],"query_text":"the Health Department on Valley View"}},{"query":{"id":[{"timestamp_usec":"1405695846413713"}],"query_text":"where do you go to get your birth certificate in Las Vegas Nevada"}},{"query":{"id":[{"timestamp_usec":"1405694931145393","type":"IMAGE_QUERY","tbm":"isch"},{"timestamp_usec":"1405694940726205","type":"IMAGE_QUERY","tbm":"isch"}],"query_text":"fox and mckenzie"}},{"query":{"id":[{"timestamp_usec":"1405609363173631"}],"query_text":"raging waters in Pomona"}},{"query":{"id":[{"timestamp_usec":"1405609185443535","type":"IMAGE_QUERY","tbm":"isch"},{"timestamp_usec":"1405609187994139","type":"IMAGE_QUERY","tbm":"isch"},{"timestamp_usec":"1405609189761914","type":"IMAGE_QUERY","tbm":"isch"}],"query_text":"pin up, stratosphere hotel & casino (las vegas, nv), july 14"}},{"query":{"id":[{"timestamp_usec":"1405608877765517"}],"query_text":"how do you find discounted tickets for raisin water"}},{"query":{"id":[{"timestamp_usec":"1405608845662090","type":"IMAGE_QUERY","tbm":"isch"},{"timestamp_usec":"1405608848717312","type":"IMAGE_QUERY","tbm":"isch"},{"timestamp_usec":"1405608850798004","type":"IMAGE_QUERY","tbm":"isch"}],"query_text":"pin up, stratosphere hotel & casino (las vegas, nv), july 14"}},{"query":{"id":[{"timestamp_usec":"1405608807346093"}],"query_text":"how can you find cheap tickets to raging waters in Pomona"}},{"query":{"id":[{"timestamp_usec":"1405555224265717"}],"query_text":"how do you bake macaroni and cheese"}},{"query":{"id":[{"timestamp_usec":"1405555186521389"}],"query_text":"does medicaid take over"}},{"query":{"id":[{"timestamp_usec":"1405546430199721"}],"query_text":"does medicaid pay for the lap band surgery"}},{"query":{"id":[{"timestamp_usec":"1405546412355396"}],"query_text":"does medicaid pay"}},{"query":{"id":[{"timestamp_usec":"1405531680716114"}],"query_text":"baby boy baptism outfits"}},{"query":{"id":[{"timestamp_usec":"1405497172309796"}],"query_text":"catholic baptism outfits for baby boys"}},{"query":{"id":[{"timestamp_usec":"1405496086927849"}],"query_text":"baby boy baptism outfits"}},{"query":{"id":[{"timestamp_usec":"1405455888757432"}],"query_text":"weather"}},{"query":{"id":[{"timestamp_usec":"1405373912125200","type":"IMAGE_QUERY","tbm":"isch"},{"timestamp_usec":"1405373638211929","type":"IMAGE_QUERY","tbm":"isch"},{"timestamp_usec":"1405373617230420"}],"query_text":"pin up, stratosphere hotel & casino (las vegas, nv), july 14"}},{"query":{"id":[{"timestamp_usec":"1405311252236545"}],"query_text":"the phone number on windmill"}},{"query":{"id":[{"timestamp_usec":"1405310976005877"}],"query_text":"the phone number for Smiths on windmill"}},{"query":{"id":[{"timestamp_usec":"1405310932958734"}],"query_text":"the phone number on windmill"}},{"query":{"id":[{"timestamp_usec":"1405310893772232"}],"query_text":"miss the phone number on windmill"}},{"query":{"id":[{"timestamp_usec":"1405310852565691"}],"query_text":"un windmill the phone number"}},{"query":{"id":[{"timestamp_usec":"1405310748129363"}],"query_text":"Smiths on windmill"}},{"query":{"id":[{"timestamp_usec":"1405310732233698"}],"query_text":"what time does the Smiths gas station close"}},{"query":{"id":[{"timestamp_usec":"1405310713598274"}],"query_text":"Smith's Las Vegas, NV"}},{"query":{"id":[{"timestamp_usec":"1405310006906072"}],"query_text":"target on silverado ranch"}},{"query":{"id":[{"timestamp_usec":"1405309807793857"}],"query_text":"target on Silverado ranch"}},{"query":{"id":[{"timestamp_usec":"1405294147548430"}],"query_text":"Griffith Park Los Angeles, CA"}},{"query":{"id":[{"timestamp_usec":"1405294132783839"}],"query_text":"amusement parks in Los Angeles California"}},{"query":{"id":[{"timestamp_usec":"1405294001954988"}],"query_text":"Peekaboo Playland Los Angeles, CA"}},{"query":{"id":[{"timestamp_usec":"1405293967828991"}],"query_text":"amusement parks in Los Angeles California"}},{"query":{"id":[{"timestamp_usec":"1405289292012839"}],"query_text":"baby boy baptism outfits"}},{"query":{"id":[{"timestamp_usec":"1405289083255189","type":"IMAGE_QUERY","tbm":"isch"}],"query_text":"baby boys baptism outfits"}},{"query":{"id":[{"timestamp_usec":"1405289061253731"}],"query_text":"baby boy baptism outfits"}},{"query":{"id":[{"timestamp_usec":"1405288714202532","type":"IMAGE_QUERY","tbm":"isch"},{"timestamp_usec":"1405288694234755"}],"query_text":"where can i find baby baptism clothes in las vegas nevada"}},{"query":{"id":[{"timestamp_usec":"1405288008955196"}],"query_text":"where can I find baby baptism clothes in Las Vegas Nevada"}},{"query":{"id":[{"timestamp_usec":"1405187812501104","type":"IMAGE_QUERY","tbm":"isch"},{"timestamp_usec":"1405187793458789","type":"VIDEO_QUERY","tbm":"vid"},{"timestamp_usec":"1405187783340652"}],"query_text":"porn"}},{"query":{"id":[{"timestamp_usec":"1405187697492879"}],"query_text":"night school 4 girls, hard rock cafe - las vegas (las vegas, nv), july 12"}},{"query":{"id":[{"timestamp_usec":"1405094256263242"}],"query_text":"weather"}},{"query":{"id":[{"timestamp_usec":"1405049087294924"}],"query_text":"adult superstore"}},{"query":{"id":[{"timestamp_usec":"1405048980966103"}],"query_text":"Adult Superstore Las Vegas, NV"}},{"query":{"id":[{"timestamp_usec":"1405048021525383"}],"query_text":"adult superstore"}},{"query":{"id":[{"timestamp_usec":"1405038255590203"}],"query_text":"weather"}},{"query":{"id":[{"timestamp_usec":"1405025611542677"}],"query_text":"Enrique Iglesias loco"}},{"query":{"id":[{"timestamp_usec":"1405007075369156"}],"query_text":"is Cala Bunga Bay open today"}},{"query":{"id":[{"timestamp_usec":"1404961099667414"}],"query_text":"left for dead"}},{"query":{"id":[{"timestamp_usec":"1404929124724401"}],"query_text":"who won the world cup"}},{"query":{"id":[{"timestamp_usec":"1404851791718532"}],"query_text":"cute 8 months babies"}},{"query":{"id":[{"timestamp_usec":"1404851730822589"}],"query_text":"Ju"}},{"query":{"id":[{"timestamp_usec":"1404851709102935"}],"query_text":"who won the World Cup"}},{"query":{"id":[{"timestamp_usec":"1404851506372138"}],"query_text":"how many more games are left for the world cup"}},{"query":{"id":[{"timestamp_usec":"1404851315073717"}],"query_text":"when is fever over"}},{"query":{"id":[{"timestamp_usec":"1404851272419153","type":"NEWS_QUERY","tbm":"nws"},{"timestamp_usec":"1404851267166663"}],"query_text":"who won the World Cup"}},{"query":{"id":[{"timestamp_usec":"1404843661868128"}],"query_text":"regal colonnade 14 summer movie Express schedule"}},{"query":{"id":[{"timestamp_usec":"1404841037534510"}],"query_text":"recreational center on Green Valley Parkway"}},{"query":{"id":[{"timestamp_usec":"1404840993530689"}],"query_text":"regal colonnade 14 summer movie Express schedule"}},{"query":{"id":[{"timestamp_usec":"1404838382620753"}],"query_text":"regal colonnade 14 summer movie Express schedule"}},{"query":{"id":[{"timestamp_usec":"1404837781119541"}],"query_text":"will it rain today"}},{"query":{"id":[{"timestamp_usec":"1404837232482212"}],"query_text":"weather"}},{"query":{"id":[{"timestamp_usec":"1404837200252101"}],"query_text":"the regulation center in green valley parkway"}},{"query":{"id":[{"timestamp_usec":"1404802192152522"}],"query_text":"the regulation Center in Green Valley Parkway"}},{"query":{"id":[{"timestamp_usec":"1404768294538993","type":"IMAGE_QUERY","tbm":"isch"},{"timestamp_usec":"1404768309021074","type":"IMAGE_QUERY","tbm":"isch"}],"query_text":"dane brooks real estate"}},{"query":{"id":[{"timestamp_usec":"1404763216341499"}],"query_text":"what time does the Springs Preserve open"}},{"query":{"id":[{"timestamp_usec":"1404751273862226"}],"query_text":"Enrique Iglesias loco"}},{"query":{"id":[{"timestamp_usec":"1404750457295060"}],"query_text":"weather"}},{"query":{"id":[{"timestamp_usec":"1404750029035340"}],"query_text":"valleywide property"}},{"query":{"id":[{"timestamp_usec":"1404709845902629"}],"query_text":"weather"}},{"query":{"id":[{"timestamp_usec":"1404602879662514"}],"query_text":"pay power bill online"}},{"query":{"id":[{"timestamp_usec":"1404602589677232"}],"query_text":"key insurance company naic#12966"}},{"query":{"id":[{"timestamp_usec":"1404454427509915"}],"query_text":"weather"}},{"query":{"id":[{"timestamp_usec":"1404433814754495","type":"IMAGE_QUERY","tbm":"isch"},{"timestamp_usec":"1404433809830034"}],"query_text":"4th of july food ideas"}},{"query":{"id":[{"timestamp_usec":"1404427244490444"}],"query_text":"4th of july food ideas"}},{"query":{"id":[{"timestamp_usec":"1404404395890013"}],"query_text":"8 months baby"}},{"query":{"id":[{"timestamp_usec":"1404402832442344"}],"query_text":"weather"}},{"query":{"id":[{"timestamp_usec":"1404402829250885"}],"query_text":"4th of july food ideas"}},{"query":{"id":[{"timestamp_usec":"1404375125320599"}],"query_text":"4th of july fun food ideas"}},{"query":{"id":[{"timestamp_usec":"1404375054836886"}],"query_text":"4th of july food ideas"}},{"query":{"id":[{"timestamp_usec":"1404374886836386"}],"query_text":"weather"}},{"query":{"id":[{"timestamp_usec":"1404364587428314"}],"query_text":"kid food for 4th of july"}},{"query":{"id":[{"timestamp_usec":"1404359728124540","type":"IMAGE_QUERY","tbm":"isch"},{"timestamp_usec":"1404359760514567","type":"IMAGE_QUERY","tbm":"isch"}],"query_text":"2000 ford expedition suspension relay location"}},{"query":{"id":[{"timestamp_usec":"1404358889969196","type":"IMAGE_QUERY","tbm":"isch"},{"timestamp_usec":"1404358887083082"}],"query_text":"kid food for 4th of july"}},{"query":{"id":[{"timestamp_usec":"1404357292572194","type":"IMAGE_QUERY","tbm":"isch"},{"timestamp_usec":"1404357303272197","type":"IMAGE_QUERY","tbm":"isch"},{"timestamp_usec":"1404357835286450","type":"IMAGE_QUERY","tbm":"isch"},{"timestamp_usec":"1404357877649948","type":"IMAGE_QUERY","tbm":"isch"},{"timestamp_usec":"1404357898520680","type":"IMAGE_QUERY","tbm":"isch"}],"query_text":"2000 ford expedition air suspension relay fuse"}},{"query":{"id":[{"timestamp_usec":"1404351614701893"}],"query_text":"kid food for 4th of july"}},{"query":{"id":[{"timestamp_usec":"1404313827816684"}],"query_text":"on Maryland Parkway and Silverado ranch"}},{"query":{"id":[{"timestamp_usec":"1404313793310779","type":"NEWS_QUERY","tbm":"nws"},{"timestamp_usec":"1404313741976198"}],"query_text":"Smith"}},{"query":{"id":[{"timestamp_usec":"1404313616290480"}],"query_text":"how much are diapers at Smiths"}},{"query":{"id":[{"timestamp_usec":"1404311343887724"}],"query_text":"Google tell me the weather now"}},{"query":{"id":[{"timestamp_usec":"1404255927448700"}],"query_text":"Valleywide property"}},{"query":{"id":[{"timestamp_usec":"1404249519954761"}],"query_text":"health card of las vegas nevada"}},{"query":{"id":[{"timestamp_usec":"1404248378600048"}],"query_text":"health card of Las Vegas Nevada"}}]}