{"event":[{"query":{"id":[{"timestamp_usec":"1396286904047478","type":"IMAGE_QUERY","tbm":"isch"}],"query_text":"baby at five months old"}},{"query":{"id":[{"timestamp_usec":"1396232314318789"}],"query_text":"how many pounds is a kilo"}},{"query":{"id":[{"timestamp_usec":"1396232312335506"}],"query_text":"michigang criminal force kills cop"}},{"query":{"id":[{"timestamp_usec":"1396216620961866"}],"query_text":"google"}},{"query":{"id":[{"timestamp_usec":"1396207648687143"}],"query_text":"weather"}},{"query":{"id":[{"timestamp_usec":"1396184024710167"}],"query_text":"7025170638metropcs.com"}},{"query":{"id":[{"timestamp_usec":"1396183924904685"}],"query_text":"metrppcs email"}},{"query":{"id":[{"timestamp_usec":"1396183883041351"}],"query_text":"metropcs email contact"}},{"query":{"id":[{"timestamp_usec":"1396183838826550"}],"query_text":"metrppcs email"}},{"query":{"id":[{"timestamp_usec":"1396168040195432","type":"IMAGE_QUERY","tbm":"isch"}],"query_text":"firelink shrine map"}},{"query":{"id":[{"timestamp_usec":"1396156478672585"}],"query_text":"2pac aint no nigga like fuck jay z"}},{"query":{"id":[{"timestamp_usec":"1396135748581241"}],"query_text":"What happens if you kill the stone dragon in ash lake"}},{"query":{"id":[{"timestamp_usec":"1396125285093520"}],"query_text":"weather"}},{"query":{"id":[{"timestamp_usec":"1396111745282300"}],"query_text":"(Current Location) -> Winchell's"}},{"query":{"id":[{"timestamp_usec":"1396111396499288"}],"query_text":"Winchell's -> (Current Location)"}},{"query":{"id":[{"timestamp_usec":"1396110985244233"}],"query_text":"(Current Location) -> Winchell's"}},{"query":{"id":[{"timestamp_usec":"1396075211010597"}],"query_text":"picasa"}},{"query":{"id":[{"timestamp_usec":"1396074818941326"}],"query_text":"gmail sign up"}},{"query":{"id":[{"timestamp_usec":"1396065541326330"}],"query_text":"gmail"}},{"query":{"id":[{"timestamp_usec":"1396065463665180"}],"query_text":"is marriage a scam"}},{"query":{"id":[{"timestamp_usec":"1396042371790542"}],"query_text":"(Current Location) -> MetroPCS Authorized Retailer"}},{"query":{"id":[{"timestamp_usec":"1395997291477564"}],"query_text":"sears hendrson"}},{"query":{"id":[{"timestamp_usec":"1395994621653551"}],"query_text":"cheapbtool top chest drawers"}},{"query":{"id":[{"timestamp_usec":"1395994608979378"}],"query_text":"tool top chest drawers"}},{"query":{"id":[{"timestamp_usec":"1395987342780835"}],"query_text":"gmail sign up"}},{"query":{"id":[{"timestamp_usec":"1395941233350251"}],"query_text":"gmail sign up"}},{"query":{"id":[{"timestamp_usec":"1395903818987259"}],"query_text":"gmail sign up"}},{"query":{"id":[{"timestamp_usec":"1395902374122972"}],"query_text":"4 drawer tool chest platimun black craftsman"}},{"query":{"id":[{"timestamp_usec":"1395895730173534"}],"query_text":"gmail sign up"}},{"query":{"id":[{"timestamp_usec":"1395876943534436"}],"query_text":"gmail sign up"}},{"query":{"id":[{"timestamp_usec":"1395841766617736","type":"IMAGE_QUERY","tbm":"isch"},{"timestamp_usec":"1395841786472308","type":"IMAGE_QUERY","tbm":"isch"},{"timestamp_usec":"1395841813931623","type":"IMAGE_QUERY","tbm":"isch"}],"query_text":"tongue vore"}},{"query":{"id":[{"timestamp_usec":"1395841735356684","type":"IMAGE_QUERY","tbm":"isch"}],"query_text":"whale penis sperm"}},{"query":{"id":[{"timestamp_usec":"1395841684070371","type":"IMAGE_QUERY","tbm":"isch"},{"timestamp_usec":"1395841677528324"}],"query_text":"whale penis"}},{"query":{"id":[{"timestamp_usec":"1395822289139363","type":"IMAGE_QUERY","tbm":"isch"}],"query_text":"fidget from dust an elysian tail"}},{"query":{"id":[{"timestamp_usec":"1395822085358988"}],"query_text":"los angeles freemason lodges"}},{"query":{"id":[{"timestamp_usec":"1395815889420389","type":"IMAGE_QUERY","tbm":"isch"},{"timestamp_usec":"1395815913879436","type":"IMAGE_QUERY","tbm":"isch"}],"query_text":"vorarephilia"}},{"query":{"id":[{"timestamp_usec":"1395713564159652","type":"IMAGE_QUERY","tbm":"isch"},{"timestamp_usec":"1395713610802437","type":"IMAGE_QUERY","tbm":"isch"}],"query_text":"Coldplay what to listen to when"}},{"query":{"id":[{"timestamp_usec":"1395683989768966"}],"query_text":"stanley tool box with wheels"}},{"query":{"id":[{"timestamp_usec":"1395683651780832"}],"query_text":"snapshot pictures leaked"}},{"query":{"id":[{"timestamp_usec":"1395683165325472","type":"VIDEO_QUERY","tbm":"vid"}],"query_text":"snapshot 14w05a"}},{"query":{"id":[{"timestamp_usec":"1395683119972749","type":"VIDEO_QUERY","tbm":"vid"}],"query_text":"my documents folder icon"}},{"query":{"id":[{"timestamp_usec":"1395676668698351","type":"VIDEO_QUERY","tbm":"vid"}],"query_text":"my history on snapshot"}},{"query":{"id":[{"timestamp_usec":"1395675741922713","type":"IMAGE_QUERY","tbm":"isch"},{"timestamp_usec":"1395675765189950","type":"VIDEO_QUERY","tbm":"vid"},{"timestamp_usec":"1395676636210004","type":"VIDEO_QUERY","tbm":"vid"}],"query_text":"my documents folder icon"}},{"query":{"id":[{"timestamp_usec":"1395675725652068","type":"IMAGE_QUERY","tbm":"isch"}],"query_text":"my pictures folder"}},{"query":{"id":[{"timestamp_usec":"1395675637239448","type":"IMAGE_QUERY","tbm":"isch"}],"query_text":"go to my history"}},{"query":{"id":[{"timestamp_usec":"1395674392462129"}],"query_text":"boyleheightsx13@yahoo.com"}},{"query":{"id":[{"timestamp_usec":"1395673827062833"}],"query_text":"boyleheightsx3@yahoo.com"}},{"query":{"id":[{"timestamp_usec":"1395671704337336"}],"query_text":"goole"}},{"query":{"id":[{"timestamp_usec":"1395669684028138"}],"query_text":"goole"}},{"query":{"id":[{"timestamp_usec":"1395662596355868"}],"query_text":"goole"}},{"query":{"id":[{"timestamp_usec":"1395661249433290"}],"query_text":"what is voraephilia"}},{"query":{"id":[{"timestamp_usec":"1395656737490262"}],"query_text":"625 Palm Wash Ln, Henderson, NV"}},{"query":{"id":[{"timestamp_usec":"1395655152863357","type":"IMAGE_QUERY","tbm":"isch"}],"query_text":"skulblaka"}},{"query":{"id":[{"timestamp_usec":"1395654688064188"}],"query_text":"im a vorarephiller and im proud"}},{"query":{"id":[{"timestamp_usec":"1395654575818667"}],"query_text":"why do people find vore so addictive"}},{"query":{"id":[{"timestamp_usec":"1395654407970272","type":"IMAGE_QUERY","tbm":"isch"}],"query_text":"herpy monster"}},{"query":{"id":[{"timestamp_usec":"1395654351562255"}],"query_text":"porn"}},{"query":{"id":[{"timestamp_usec":"1395654343190299","type":"IMAGE_QUERY","tbm":"isch"}],"query_text":"Orca penis"}},{"query":{"id":[{"timestamp_usec":"1395654310230570","type":"IMAGE_QUERY","tbm":"isch"}],"query_text":"mlp vore digest"}},{"query":{"id":[{"timestamp_usec":"1395654300310791","type":"IMAGE_QUERY","tbm":"isch"}],"query_text":"macro vore"}},{"query":{"id":[{"timestamp_usec":"1395654276971308","type":"IMAGE_QUERY","tbm":"isch"}],"query_text":"micro vore"}},{"query":{"id":[{"timestamp_usec":"1395654179238211"}],"query_text":"porn"}},{"query":{"id":[{"timestamp_usec":"1395654169146849","type":"IMAGE_QUERY","tbm":"isch"}],"query_text":"ponythroat"}},{"query":{"id":[{"timestamp_usec":"1395654114925750","type":"IMAGE_QUERY","tbm":"isch"}],"query_text":"vagina vore"}},{"query":{"id":[{"timestamp_usec":"1395654093408954","type":"IMAGE_QUERY","tbm":"isch"}],"query_text":"saliva vore"}},{"query":{"id":[{"timestamp_usec":"1395653941083672","type":"IMAGE_QUERY","tbm":"isch"}],"query_text":"Gross vore"}},{"query":{"id":[{"timestamp_usec":"1395653334198252","type":"IMAGE_QUERY","tbm":"isch"}],"query_text":"animal sperm"}},{"query":{"id":[{"timestamp_usec":"1395653005392915","type":"IMAGE_QUERY","tbm":"isch"},{"timestamp_usec":"1395653025813013","type":"IMAGE_QUERY","tbm":"isch"}],"query_text":"tongue herpy"}},{"query":{"id":[{"timestamp_usec":"1395647722708624","type":"IMAGE_QUERY","tbm":"isch"},{"timestamp_usec":"1395647763754012","type":"IMAGE_QUERY","tbm":"isch"}],"query_text":"saliva vore"}},{"query":{"id":[{"timestamp_usec":"1395647643872541","type":"IMAGE_QUERY","tbm":"isch"},{"timestamp_usec":"1395647662723887","type":"IMAGE_QUERY","tbm":"isch"}],"query_text":"Gross vore"}},{"query":{"id":[{"timestamp_usec":"1395646903481508","type":"IMAGE_QUERY","tbm":"isch"},{"timestamp_usec":"1395646941710617","type":"IMAGE_QUERY","tbm":"isch"},{"timestamp_usec":"1395646947669210","type":"IMAGE_QUERY","tbm":"isch"}],"query_text":"vagina vore"}},{"query":{"id":[{"timestamp_usec":"1395646673064500","type":"IMAGE_QUERY","tbm":"isch"},{"timestamp_usec":"1395646862453506","type":"IMAGE_QUERY","tbm":"isch"}],"query_text":"penis vore"}},{"query":{"id":[{"timestamp_usec":"1395646532038742","type":"IMAGE_QUERY","tbm":"isch"}],"query_text":"ponythroat"}},{"query":{"id":[{"timestamp_usec":"1395646302367469"}],"query_text":"porn"}},{"query":{"id":[{"timestamp_usec":"1395646250922472","type":"IMAGE_QUERY","tbm":"isch"},{"timestamp_usec":"1395646272326956","type":"IMAGE_QUERY","tbm":"isch"}],"query_text":"ponythroat"}},{"query":{"id":[{"timestamp_usec":"1395646235133420","type":"IMAGE_QUERY","tbm":"isch"}],"query_text":"tongue vore"}},{"query":{"id":[{"timestamp_usec":"1395646189467514"}],"query_text":"porn"}},{"query":{"id":[{"timestamp_usec":"1395645893092606","type":"IMAGE_QUERY","tbm":"isch"},{"timestamp_usec":"1395646097547639","type":"IMAGE_QUERY","tbm":"isch"}],"query_text":"tongue vore"}},{"query":{"id":[{"timestamp_usec":"1395645810334772"}],"query_text":"porn"}},{"query":{"id":[{"timestamp_usec":"1395645308766745","type":"IMAGE_QUERY","tbm":"isch"},{"timestamp_usec":"1395645390891893","type":"IMAGE_QUERY","tbm":"isch"}],"query_text":"micro vore"}},{"query":{"id":[{"timestamp_usec":"1395644366606853","type":"IMAGE_QUERY","tbm":"isch"},{"timestamp_usec":"1395644568269015","type":"IMAGE_QUERY","tbm":"isch"},{"timestamp_usec":"1395644945571808","type":"IMAGE_QUERY","tbm":"isch"}],"query_text":"macro vore"}},{"query":{"id":[{"timestamp_usec":"1395644178682840","type":"IMAGE_QUERY","tbm":"isch"}],"query_text":"marco vore"}},{"query":{"id":[{"timestamp_usec":"1395644026703946","type":"IMAGE_QUERY","tbm":"isch"}],"query_text":"mlp vore digest"}},{"query":{"id":[{"timestamp_usec":"1395642916698652","type":"IMAGE_QUERY","tbm":"isch"}],"query_text":"stanley tool box with wheels"}},{"query":{"id":[{"timestamp_usec":"1395641350845785","type":"IMAGE_QUERY","tbm":"isch"},{"timestamp_usec":"1395641485118589","type":"IMAGE_QUERY","tbm":"isch"},{"timestamp_usec":"1395641621402460","type":"IMAGE_QUERY","tbm":"isch"}],"query_text":"Orca penis"}},{"query":{"id":[{"timestamp_usec":"1395641180595035"}],"query_text":"porn"}},{"query":{"id":[{"timestamp_usec":"1395641123544283","type":"IMAGE_QUERY","tbm":"isch"},{"timestamp_usec":"1395641120012319"}],"query_text":"Orca penis"}},{"query":{"id":[{"timestamp_usec":"1395637651058544"}],"query_text":"porn"}},{"query":{"id":[{"timestamp_usec":"1395603846469324","type":"IMAGE_QUERY","tbm":"isch"}],"query_text":"whale sperm collection"}},{"query":{"id":[{"timestamp_usec":"1395603823821237","type":"IMAGE_QUERY","tbm":"isch"}],"query_text":"whale orgy"}},{"query":{"id":[{"timestamp_usec":"1395603796624179","type":"IMAGE_QUERY","tbm":"isch"},{"timestamp_usec":"1395603814762585","type":"IMAGE_QUERY","tbm":"isch"}],"query_text":"whale orgasam"}},{"query":{"id":[{"timestamp_usec":"1395603741912245","type":"IMAGE_QUERY","tbm":"isch"}],"query_text":"inside a whale mouth"}},{"query":{"id":[{"timestamp_usec":"1395603671101816","type":"IMAGE_QUERY","tbm":"isch"}],"query_text":"inside a whale stomach"}},{"query":{"id":[{"timestamp_usec":"1395603524467600","type":"IMAGE_QUERY","tbm":"isch"}],"query_text":"whale vagina"}},{"query":{"id":[{"timestamp_usec":"1395603466071941","type":"IMAGE_QUERY","tbm":"isch"},{"timestamp_usec":"1395603486604522","type":"IMAGE_QUERY","tbm":"isch"}],"query_text":"whale sperm in ocean"}},{"query":{"id":[{"timestamp_usec":"1395603206107670","type":"IMAGE_QUERY","tbm":"isch"},{"timestamp_usec":"1395603324252804","type":"IMAGE_QUERY","tbm":"isch"}],"query_text":"Whale penis"}},{"query":{"id":[{"timestamp_usec":"1395602905562982"}],"query_text":"whale herpes"}},{"query":{"id":[{"timestamp_usec":"1395474067032989","type":"IMAGE_QUERY","tbm":"isch"},{"timestamp_usec":"1395474101738248","type":"IMAGE_QUERY","tbm":"isch"},{"timestamp_usec":"1395474108627157","type":"IMAGE_QUERY","tbm":"isch"}],"query_text":"herpy monster"}},{"query":{"id":[{"timestamp_usec":"1395473831057459","type":"IMAGE_QUERY","tbm":"isch"},{"timestamp_usec":"1395473998167234","type":"IMAGE_QUERY","tbm":"isch"}],"query_text":"herpy night fury"}},{"query":{"id":[{"timestamp_usec":"1395473746504320","type":"IMAGE_QUERY","tbm":"isch"},{"timestamp_usec":"1395473773122090","type":"IMAGE_QUERY","tbm":"isch"}],"query_text":"herpy godzilla"}},{"query":{"id":[{"timestamp_usec":"1395473684660301","type":"IMAGE_QUERY","tbm":"isch"}],"query_text":"herpy pokemon"}},{"query":{"id":[{"timestamp_usec":"1395473673902358","type":"IMAGE_QUERY","tbm":"isch"}],"query_text":"herpy oral"}},{"query":{"id":[{"timestamp_usec":"1395473629854220","type":"IMAGE_QUERY","tbm":"isch"}],"query_text":"herpy image"}},{"query":{"id":[{"timestamp_usec":"1395473511328482","type":"IMAGE_QUERY","tbm":"isch"}],"query_text":"herpy reptile"}},{"query":{"id":[{"timestamp_usec":"1395473477292598","type":"IMAGE_QUERY","tbm":"isch"}],"query_text":"herpy dragons mating"}},{"query":{"id":[{"timestamp_usec":"1395473451301127","type":"IMAGE_QUERY","tbm":"isch"}],"query_text":"herpy berthder"}},{"query":{"id":[{"timestamp_usec":"1395440248057472","type":"IMAGE_QUERY","tbm":"isch"}],"query_text":"herpy dinosaur"}},{"query":{"id":[{"timestamp_usec":"1395409968338175","type":"IMAGE_QUERY","tbm":"isch"}],"query_text":"herpy godzilla"}},{"query":{"id":[{"timestamp_usec":"1395409857527669","type":"IMAGE_QUERY","tbm":"isch"},{"timestamp_usec":"1395409906497744","type":"IMAGE_QUERY","tbm":"isch"}],"query_text":"herpy bowser"}},{"query":{"id":[{"timestamp_usec":"1395409779098517","type":"IMAGE_QUERY","tbm":"isch"}],"query_text":"herpy here there be dragons"}},{"query":{"id":[{"timestamp_usec":"1395374325506857","type":"IMAGE_QUERY","tbm":"isch"}],"query_text":"herpy bowser"}},{"query":{"id":[{"timestamp_usec":"1395374071923092","type":"IMAGE_QUERY","tbm":"isch"},{"timestamp_usec":"1395374286579029","type":"IMAGE_QUERY","tbm":"isch"}],"query_text":"herpy yoshi"}},{"query":{"id":[{"timestamp_usec":"1395373947738515","type":"IMAGE_QUERY","tbm":"isch"}],"query_text":"herpy berthder"}},{"query":{"id":[{"timestamp_usec":"1395373559692072","type":"IMAGE_QUERY","tbm":"isch"}],"query_text":"herpy dragon you over"}},{"query":{"id":[{"timestamp_usec":"1395373480230352","type":"IMAGE_QUERY","tbm":"isch"}],"query_text":"herpy dinosaur"}},{"query":{"id":[{"timestamp_usec":"1395373312657316","type":"IMAGE_QUERY","tbm":"isch"},{"timestamp_usec":"1395373347372702","type":"IMAGE_QUERY","tbm":"isch"}],"query_text":"My little pony vore"}},{"query":{"id":[{"timestamp_usec":"1395373182252792","type":"IMAGE_QUERY","tbm":"isch"},{"timestamp_usec":"1395373227925718","type":"IMAGE_QUERY","tbm":"isch"},{"timestamp_usec":"1395373266499260","type":"IMAGE_QUERY","tbm":"isch"}],"query_text":"My little pony spike herpy"}},{"query":{"id":[{"timestamp_usec":"1395372970173837","type":"IMAGE_QUERY","tbm":"isch"},{"timestamp_usec":"1395373102584395","type":"IMAGE_QUERY","tbm":"isch"}],"query_text":"My little pony spuke herpy"}},{"query":{"id":[{"timestamp_usec":"1395372849022761","type":"IMAGE_QUERY","tbm":"isch"},{"timestamp_usec":"1395372933994135","type":"IMAGE_QUERY","tbm":"isch"}],"query_text":"My little pony spike herpy"}},{"query":{"id":[{"timestamp_usec":"1395372842634103","type":"IMAGE_QUERY","tbm":"isch"}],"query_text":"My little pony spuke herpy"}},{"query":{"id":[{"timestamp_usec":"1395372783747153","type":"IMAGE_QUERY","tbm":"isch"}],"query_text":"dragons mating herpy"}},{"query":{"id":[{"timestamp_usec":"1395372663250976","type":"IMAGE_QUERY","tbm":"isch"},{"timestamp_usec":"1395372735573411","type":"IMAGE_QUERY","tbm":"isch"}],"query_text":"dragons mating with humans"}},{"query":{"id":[{"timestamp_usec":"1395372592082358","type":"IMAGE_QUERY","tbm":"isch"},{"timestamp_usec":"1395372629058532","type":"IMAGE_QUERY","tbm":"isch"}],"query_text":"dragons mating with unicorns"}},{"query":{"id":[{"timestamp_usec":"1395372506512240","type":"IMAGE_QUERY","tbm":"isch"},{"timestamp_usec":"1395372536108384","type":"IMAGE_QUERY","tbm":"isch"}],"query_text":"herpy dragons mating gif"}},{"query":{"id":[{"timestamp_usec":"1395372390389935","type":"IMAGE_QUERY","tbm":"isch"},{"timestamp_usec":"1395372427639972","type":"IMAGE_QUERY","tbm":"isch"}],"query_text":"herpy dragons mating"}},{"query":{"id":[{"timestamp_usec":"1395361654108411","type":"IMAGE_QUERY","tbm":"isch"},{"timestamp_usec":"1395361669524755","type":"IMAGE_QUERY","tbm":"isch"}],"query_text":"herpy here there be dragons"}},{"query":{"id":[{"timestamp_usec":"1395361622003890","type":"IMAGE_QUERY","tbm":"isch"},{"timestamp_usec":"1395361622552231","type":"IMAGE_QUERY","tbm":"isch"}],"query_text":"herpy dragoness"}},{"query":{"id":[{"timestamp_usec":"1395361180020898","type":"IMAGE_QUERY","tbm":"isch"},{"timestamp_usec":"1395361229229545","type":"IMAGE_QUERY","tbm":"isch"},{"timestamp_usec":"1395361271284724","type":"IMAGE_QUERY","tbm":"isch"}],"query_text":"Dragon penis"}},{"query":{"id":[{"timestamp_usec":"1395360346752648","type":"IMAGE_QUERY","tbm":"isch"},{"timestamp_usec":"1395360375189740","type":"IMAGE_QUERY","tbm":"isch"},{"timestamp_usec":"1395360763915761","type":"IMAGE_QUERY","tbm":"isch"},{"timestamp_usec":"1395360925218506","type":"IMAGE_QUERY","tbm":"isch"}],"query_text":"dragons mating"}},{"query":{"id":[{"timestamp_usec":"1395360181253664","type":"IMAGE_QUERY","tbm":"isch"},{"timestamp_usec":"1395360203079936","type":"IMAGE_QUERY","tbm":"isch"},{"timestamp_usec":"1395360226204049","type":"IMAGE_QUERY","tbm":"isch"},{"timestamp_usec":"1395360278196678","type":"IMAGE_QUERY","tbm":"isch"}],"query_text":"deviantart dragon vore"}},{"query":{"id":[{"timestamp_usec":"1395359964433663","type":"IMAGE_QUERY","tbm":"isch"},{"timestamp_usec":"1395360041502013","type":"IMAGE_QUERY","tbm":"isch"},{"timestamp_usec":"1395360074304451","type":"IMAGE_QUERY","tbm":"isch"},{"timestamp_usec":"1395360104392099","type":"IMAGE_QUERY","tbm":"isch"}],"query_text":"Dragon vore"}},{"query":{"id":[{"timestamp_usec":"1395359528448634","type":"IMAGE_QUERY","tbm":"isch"},{"timestamp_usec":"1395359601373030","type":"IMAGE_QUERY","tbm":"isch"},{"timestamp_usec":"1395359640447133","type":"IMAGE_QUERY","tbm":"isch"}],"query_text":"pokemon vore"}},{"query":{"id":[{"timestamp_usec":"1395358320848429","type":"IMAGE_QUERY","tbm":"isch"},{"timestamp_usec":"1395358523888781","type":"IMAGE_QUERY","tbm":"isch"},{"timestamp_usec":"1395358550983106","type":"IMAGE_QUERY","tbm":"isch"},{"timestamp_usec":"1395359068631887","type":"IMAGE_QUERY","tbm":"isch"}],"query_text":"vorarephilia"}},{"query":{"id":[{"timestamp_usec":"1395358301888083","type":"IMAGE_QUERY","tbm":"isch"}],"query_text":"i'm a vorarephilia and"}},{"query":{"id":[{"timestamp_usec":"1395358101719175"}],"query_text":"im a vorarephiller and im proud"}},{"query":{"id":[{"timestamp_usec":"1395196961267469"}],"query_text":"why do people find vore so addictive"}},{"query":{"id":[{"timestamp_usec":"1395193075842130","type":"IMAGE_QUERY","tbm":"isch"},{"timestamp_usec":"1395193093762547","type":"IMAGE_QUERY","tbm":"isch"}],"query_text":"dragon"}},{"query":{"id":[{"timestamp_usec":"1395101748976375"}],"query_text":"(Current Location) -> Costco Wholesale"}},{"query":{"id":[{"timestamp_usec":"1394958139347874"}],"query_text":"All dragom weapons in Dark souls"}},{"query":{"id":[{"timestamp_usec":"1394846187937115","type":"IMAGE_QUERY","tbm":"isch"}],"query_text":"gk chesterton quotes dragons"}},{"query":{"id":[{"timestamp_usec":"1394846182487099","type":"IMAGE_QUERY","tbm":"isch"}],"query_text":"g.k. chesterton quotes"}},{"query":{"id":[{"timestamp_usec":"1393519651545279"}],"query_text":"(Current Location) -> Dr. Andrew M. Cash Desert Institute Of Spine Care"}},{"query":{"id":[{"timestamp_usec":"1392881362114670","type":"VIDEO_QUERY","tbm":"vid"},{"timestamp_usec":"1392881363042344","type":"VIDEO_QUERY","tbm":"vid"}],"query_text":"Snoop do"}},{"query":{"id":[{"timestamp_usec":"1392877994151196","type":"VIDEO_QUERY","tbm":"vid"}],"query_text":"Easy e full"}},{"query":{"id":[{"timestamp_usec":"1392787873187312","type":"VIDEO_QUERY","tbm":"vid"}],"query_text":"Chappelle full"}},{"query":{"id":[{"timestamp_usec":"1392616103124648","type":"IMAGE_QUERY","tbm":"isch"},{"timestamp_usec":"1392615846969161","type":"IMAGE_QUERY","tbm":"isch"},{"timestamp_usec":"1392615836724277"}],"query_text":"Dust next chapter picture"}},{"query":{"id":[{"timestamp_usec":"1392571575339151"}],"query_text":"(Current Location) -> 467 E Silverado Ranch Bl"}},{"query":{"id":[{"timestamp_usec":"1392571493281517"}],"query_text":"(Current Location) -> 1263 E Silverado Ranch Blvd, Las Vegas, NV 89183"}},{"query":{"id":[{"timestamp_usec":"1392527867104665"}],"query_text":"Dust an elysian tale next chapter picture"}},{"query":{"id":[{"timestamp_usec":"1392015391452656","type":"IMAGE_QUERY","tbm":"isch"},{"timestamp_usec":"1392015310885263","type":"IMAGE_QUERY","tbm":"isch"},{"timestamp_usec":"1392014798837519","type":"IMAGE_QUERY","tbm":"isch"},{"timestamp_usec":"1392014616124942","type":"IMAGE_QUERY","tbm":"isch"},{"timestamp_usec":"1392014598320962"}],"query_text":"funny spongebob pictures"}},{"query":{"id":[{"timestamp_usec":"1391578883700557"}],"query_text":"Can someone acctualy live in a whales belly"}},{"query":{"id":[{"timestamp_usec":"1391229988903275","type":"IMAGE_QUERY","tbm":"isch"},{"timestamp_usec":"1391230042040001","type":"IMAGE_QUERY","tbm":"isch"},{"timestamp_usec":"1391230070843425","type":"IMAGE_QUERY","tbm":"isch"}],"query_text":"Picture of a dragon"}},{"query":{"id":[{"timestamp_usec":"1391229935519698","type":"IMAGE_QUERY","tbm":"isch"},{"timestamp_usec":"1391229957262179","type":"IMAGE_QUERY","tbm":"isch"}],"query_text":"Picture of dragons"}},{"query":{"id":[{"timestamp_usec":"1391229871183160","type":"IMAGE_QUERY","tbm":"isch"},{"timestamp_usec":"1391229906711776","type":"IMAGE_QUERY","tbm":"isch"}],"query_text":"picture of real dragons"}},{"query":{"id":[{"timestamp_usec":"1391229707764322","type":"IMAGE_QUERY","tbm":"isch"},{"timestamp_usec":"1391229750469680","type":"IMAGE_QUERY","tbm":"isch"},{"timestamp_usec":"1391229798416827","type":"IMAGE_QUERY","tbm":"isch"},{"timestamp_usec":"1391229835929324","type":"IMAGE_QUERY","tbm":"isch"}],"query_text":"Picture of dragons"}},{"query":{"id":[{"timestamp_usec":"1390953858170171"}],"query_text":"evaporation"}},{"query":{"id":[{"timestamp_usec":"1390313742502511","type":"IMAGE_QUERY","tbm":"isch"}],"query_text":"drawing of two people by a lake"}},{"query":{"id":[{"timestamp_usec":"1390313703683421","type":"IMAGE_QUERY","tbm":"isch"},{"timestamp_usec":"1390313673263013","type":"IMAGE_QUERY","tbm":"isch"},{"timestamp_usec":"1390313667619443"}],"query_text":"drawing of three people by a lake"}},{"query":{"id":[{"timestamp_usec":"1390268074662478","type":"IMAGE_QUERY","tbm":"isch"},{"timestamp_usec":"1390268150533390","type":"IMAGE_QUERY","tbm":"isch"},{"timestamp_usec":"1390268207616063","type":"IMAGE_QUERY","tbm":"isch"}],"query_text":"images of alduin's face"}},{"query":{"id":[{"timestamp_usec":"1389843517820617","type":"IMAGE_QUERY","tbm":"isch"},{"timestamp_usec":"1389843492578307","type":"IMAGE_QUERY","tbm":"isch"},{"timestamp_usec":"1389843424914487","type":"IMAGE_QUERY","tbm":"isch"},{"timestamp_usec":"1389843396903247","type":"IMAGE_QUERY","tbm":"isch"},{"timestamp_usec":"1389843396208464","type":"IMAGE_QUERY","tbm":"isch"},{"timestamp_usec":"1389843390862614"}],"query_text":"picture of white dragon"}},{"query":{"id":[{"timestamp_usec":"1389819263597102","type":"IMAGE_QUERY","tbm":"isch"},{"timestamp_usec":"1389819269282098","type":"IMAGE_QUERY","tbm":"isch"}],"query_text":"Tleyk pictures"}},{"query":{"id":[{"timestamp_usec":"1389819220447097","type":"IMAGE_QUERY","tbm":"isch"}],"query_text":"Tleyk '02 pictures"}},{"query":{"id":[{"timestamp_usec":"1389819188513805","type":"IMAGE_QUERY","tbm":"isch"},{"timestamp_usec":"1389819205150026","type":"IMAGE_QUERY","tbm":"isch"}],"query_text":"Tleyk '02"}},{"query":{"id":[{"timestamp_usec":"1389819152247007","type":"IMAGE_QUERY","tbm":"isch"},{"timestamp_usec":"1389819142557167","type":"IMAGE_QUERY","tbm":"isch"},{"timestamp_usec":"1389819138117992"}],"query_text":"Tleyk"}},{"query":{"id":[{"timestamp_usec":"1389819083507239"}],"query_text":"tylek"}},{"query":{"id":[{"timestamp_usec":"1389818831782245","type":"IMAGE_QUERY","tbm":"isch"},{"timestamp_usec":"1389818874918949","type":"IMAGE_QUERY","tbm":"isch"},{"timestamp_usec":"1389818898154214","type":"IMAGE_QUERY","tbm":"isch"},{"timestamp_usec":"1389818927122002","type":"IMAGE_QUERY","tbm":"isch"}],"query_text":"drawings of a black dragon head"}},{"query":{"id":[{"timestamp_usec":"1389818766034884","type":"IMAGE_QUERY","tbm":"isch"},{"timestamp_usec":"1389818742308531","type":"IMAGE_QUERY","tbm":"isch"},{"timestamp_usec":"1389818718794656","type":"IMAGE_QUERY","tbm":"isch"},{"timestamp_usec":"1389818680717272","type":"IMAGE_QUERY","tbm":"isch"},{"timestamp_usec":"1389818679774411","type":"IMAGE_QUERY","tbm":"isch"},{"timestamp_usec":"1389818668619503"}],"query_text":"drawings of a black dragon"}},{"query":{"id":[{"timestamp_usec":"1389799412832019","type":"IMAGE_QUERY","tbm":"isch"},{"timestamp_usec":"1389799382971061","type":"IMAGE_QUERY","tbm":"isch"},{"timestamp_usec":"1389799349866381","type":"IMAGE_QUERY","tbm":"isch"},{"timestamp_usec":"1389799322343555","type":"IMAGE_QUERY","tbm":"isch"},{"timestamp_usec":"1389799317360278"}],"query_text":"pictures of a black dragon"}},{"query":{"id":[{"timestamp_usec":"1389671266269270","type":"IMAGE_QUERY","tbm":"isch"}],"query_text":"pretentious game whole poem"}},{"query":{"id":[{"timestamp_usec":"1389671227878215","type":"IMAGE_QUERY","tbm":"isch"},{"timestamp_usec":"1389671217945285"}],"query_text":"pretentious game poem"}},{"query":{"id":[{"timestamp_usec":"1389662355367132","type":"IMAGE_QUERY","tbm":"isch"}],"query_text":"coldplay quotes from songs"}},{"query":{"id":[{"timestamp_usec":"1389662345491852","type":"IMAGE_QUERY","tbm":"isch"},{"timestamp_usec":"1389662341263929","type":"IMAGE_QUERY","tbm":"isch"},{"timestamp_usec":"1389662329547254"}],"query_text":"coldplay quotes"}},{"query":{"id":[{"timestamp_usec":"1389319518052207","type":"IMAGE_QUERY","tbm":"isch"},{"timestamp_usec":"1389319559197773","type":"IMAGE_QUERY","tbm":"isch"},{"timestamp_usec":"1389319583086953","type":"IMAGE_QUERY","tbm":"isch"}],"query_text":"a drawing of a person walking in darkness"}},{"query":{"id":[{"timestamp_usec":"1389319447134681","type":"IMAGE_QUERY","tbm":"isch"},{"timestamp_usec":"1389319468872884","type":"IMAGE_QUERY","tbm":"isch"},{"timestamp_usec":"1389319498012613","type":"IMAGE_QUERY","tbm":"isch"}],"query_text":"a drawing of a boy walking in darkness"}},{"query":{"id":[{"timestamp_usec":"1389319429989505","type":"IMAGE_QUERY","tbm":"isch"},{"timestamp_usec":"1389319407414617","type":"IMAGE_QUERY","tbm":"isch"},{"timestamp_usec":"1389319381550506","type":"IMAGE_QUERY","tbm":"isch"},{"timestamp_usec":"1389319369502305"}],"query_text":"a drawing of a man walking in darkness"}},{"query":{"id":[{"timestamp_usec":"1389236068711044"}],"query_text":"625palm washlane Henderson N.V."}},{"query":{"id":[{"timestamp_usec":"1389234316057632"}],"query_text":"(Current Location) -> 625 Palm Wash Ln, Henderson, NV 89011"}},{"query":{"id":[{"timestamp_usec":"1389234217722228"}],"query_text":"625 Palm Wash Ln, Henderson, NV"}},{"query":{"id":[{"timestamp_usec":"1389227420472438"}],"query_text":"how to say luck follow all the in swedish"}},{"query":{"id":[{"timestamp_usec":"1389140553424478","type":"IMAGE_QUERY","tbm":"isch"},{"timestamp_usec":"1389140573082244","type":"IMAGE_QUERY","tbm":"isch"}],"query_text":"A drawing of a 17 old boy with a hoodie on"}},{"query":{"id":[{"timestamp_usec":"1389140501097202","type":"IMAGE_QUERY","tbm":"isch"},{"timestamp_usec":"1389140489195142"}],"query_text":"A 17 year old boy with a hoodie on"}},{"query":{"id":[{"timestamp_usec":"1389069586557667"}],"query_text":"how to say may luck follow all of the in swedish"}},{"query":{"id":[{"timestamp_usec":"1389068248078703"}],"query_text":"how to change username in packetwriter"}},{"query":{"id":[{"timestamp_usec":"1388913847613421"}],"query_text":"how to say may luck follow the in swedish"}},{"query":{"id":[{"timestamp_usec":"1388819508302113"}],"query_text":"Ontario, CA"}},{"query":{"id":[{"timestamp_usec":"1388819079603391"}],"query_text":"Palm Springs, CA"}}]}