{"event":[{"query":{"id":[{"timestamp_usec":"1403997239879867"}],"query_text":"(Current Location) -> 317 Velino Ave, Las Vegas, NV 89123"}},{"query":{"id":[{"timestamp_usec":"1403997225552353"}],"query_text":"317 velino ave las Vegas nv 89123"}},{"query":{"id":[{"timestamp_usec":"1403996724577189"}],"query_text":"is Mario Garcia gay"}},{"query":{"id":[{"timestamp_usec":"1403994250268015"}],"query_text":"is Mario Garcia gay"}},{"query":{"id":[{"timestamp_usec":"1403978843857723"}],"query_text":"what time do they close Pahrump fireworks"}},{"query":{"id":[{"timestamp_usec":"1403978830616267"}],"query_text":"what time do they close from fireworks"}},{"query":{"id":[{"timestamp_usec":"1403978776813189"}],"query_text":"Google why is it bad luck to get a baby's hair cut before his woman"}},{"query":{"id":[{"timestamp_usec":"1403978404125440"}],"query_text":"Google why is it bad luck to get a baby's hair cut before he is one"}},{"query":{"id":[{"timestamp_usec":"1403978363514820"}],"query_text":"Google why is it bad luck to get a baby's hair cut before his woman"}},{"query":{"id":[{"timestamp_usec":"1403978285587338"}],"query_text":"(Current Location) -> U.S. 491, Shiprock, NM 87420"}},{"query":{"id":[{"timestamp_usec":"1403978172035582"}],"query_text":"why is it bad to get a baby's hair cut before he's one"}},{"query":{"id":[{"timestamp_usec":"1403977903073188","type":"IMAGE_QUERY","tbm":"isch"},{"timestamp_usec":"1403977880769590","type":"IMAGE_QUERY","tbm":"isch"},{"timestamp_usec":"1403977709268165","type":"IMAGE_QUERY","tbm":"isch"},{"timestamp_usec":"1403977695654372"}],"query_text":"awesome soccer player haircuts"}},{"query":{"id":[{"timestamp_usec":"1403927634075011"}],"query_text":"texas chainsaw massacre redbox"}},{"query":{"id":[{"timestamp_usec":"1403927606291743"}],"query_text":"Chainsaw Massacre"}},{"query":{"id":[{"timestamp_usec":"1403908669128913"}],"query_text":"renew my health card in Nevada"}},{"query":{"id":[{"timestamp_usec":"1403906503937271"}],"query_text":"what is the legal age to leave a kid home alone by himself in Nevada"}},{"query":{"id":[{"timestamp_usec":"1403839064195816","type":"IMAGE_QUERY","tbm":"isch"}],"query_text":"Expedition 5 lug nut 14 millimeter"}},{"query":{"id":[{"timestamp_usec":"1403804499767680"}],"query_text":"celebrando hispanic festival, clark county amphitheater, june 28"}},{"query":{"id":[{"timestamp_usec":"1403803762684286"}],"query_text":"nys nevada"}},{"query":{"id":[{"timestamp_usec":"1403754049036100"}],"query_text":"what time does the fireworks close up in Pahrump"}},{"query":{"id":[{"timestamp_usec":"1403754016132013"}],"query_text":"what time does from fireworks close"}},{"query":{"id":[{"timestamp_usec":"1403725222632797"}],"query_text":"map"}},{"query":{"id":[{"timestamp_usec":"1403722185486215"}],"query_text":"(Current Location) -> Laughlin, NV"}},{"query":{"id":[{"timestamp_usec":"1403722177158435"}],"query_text":"my driving history"}},{"query":{"id":[{"timestamp_usec":"1403721604904123"}],"query_text":"my contact big daddy"}},{"query":{"id":[{"timestamp_usec":"1403721576112383"}],"query_text":"google my 702-517-0638"}},{"query":{"id":[{"timestamp_usec":"1403721536979838"}],"query_text":"google my locations"}},{"query":{"id":[{"timestamp_usec":"1403721491918827"}],"query_text":"my locations"}},{"query":{"id":[{"timestamp_usec":"1403721321598244"}],"query_text":"map"}},{"query":{"id":[{"timestamp_usec":"1403716173151409"}],"query_text":"(Current Location) -> Laughlin, NV"}},{"query":{"id":[{"timestamp_usec":"1403716155392611"}],"query_text":"how do I get to Laughlin"}},{"query":{"id":[{"timestamp_usec":"1403655097914468"}],"query_text":"re k iglesias loco"}},{"query":{"id":[{"timestamp_usec":"1403625817741583"}],"query_text":"re K Iglesias loco"}},{"query":{"id":[{"timestamp_usec":"1403539537700471"}],"query_text":"world cup"}},{"query":{"id":[{"timestamp_usec":"1403483196381194"}],"query_text":"(Current Location) -> 625 Palm Wash Ln, Henderson, NV 89011"}},{"query":{"id":[{"timestamp_usec":"1403483174113867"}],"query_text":"625 palm wash ln"}},{"query":{"id":[{"timestamp_usec":"1403452232874354","type":"NEWS_QUERY","tbm":"nws"},{"timestamp_usec":"1403452206899502","type":"PRODUCT_QUERY","tbm":"shop"},{"timestamp_usec":"1403452183988225"}],"query_text":"Google tell me the weather"}},{"query":{"id":[{"timestamp_usec":"1403324528592636","type":"IMAGE_QUERY","tbm":"isch"},{"timestamp_usec":"1403324568780771","type":"IMAGE_QUERY","tbm":"isch"},{"timestamp_usec":"1403324689877239","type":"IMAGE_QUERY","tbm":"isch"}],"query_text":"happy hardcore rave music 1998"}},{"query":{"id":[{"timestamp_usec":"1403324487920470","type":"IMAGE_QUERY","tbm":"isch"},{"timestamp_usec":"1403324447583818","type":"IMAGE_QUERY","tbm":"isch"},{"timestamp_usec":"1403324421440155"}],"query_text":"happy hardcore rave music"}},{"query":{"id":[{"timestamp_usec":"1403324246095044","type":"IMAGE_QUERY","tbm":"isch"},{"timestamp_usec":"1403324242202620"}],"query_text":"rave CD 1998-2000 with a smiley face"}},{"query":{"id":[{"timestamp_usec":"1403320991303371"}],"query_text":"rave music 1998-2000"}},{"query":{"id":[{"timestamp_usec":"1403320908017274","type":"IMAGE_QUERY","tbm":"isch"},{"timestamp_usec":"1403320942403840","type":"IMAGE_QUERY","tbm":"isch"},{"timestamp_usec":"1403320988912208","type":"IMAGE_QUERY","tbm":"isch"}],"query_text":"rave music 1998-2000 cd covers"}},{"query":{"id":[{"timestamp_usec":"1403320893146652","type":"IMAGE_QUERY","tbm":"isch"},{"timestamp_usec":"1403320857807607","type":"IMAGE_QUERY","tbm":"isch"},{"timestamp_usec":"1403320833587012"}],"query_text":"rave music 1998-2000"}},{"query":{"id":[{"timestamp_usec":"1403320773252932"}],"query_text":"rave music 2000"}},{"query":{"id":[{"timestamp_usec":"1403320761892403"}],"query_text":"rave music 2000 images"}},{"query":{"id":[{"timestamp_usec":"1403320674953455","type":"VIDEO_QUERY","tbm":"vid"},{"timestamp_usec":"1403320665307734"}],"query_text":"rave music 2000"}},{"query":{"id":[{"timestamp_usec":"1403289759675274"}],"query_text":"eis cream cafe in las Vegas nv"}},{"query":{"id":[{"timestamp_usec":"1403286089798259","type":"PRODUCT_QUERY","tbm":"shop"},{"timestamp_usec":"1403286088943030","type":"NEWS_QUERY","tbm":"nws"},{"timestamp_usec":"1403286070127483","type":"VIDEO_QUERY","tbm":"vid"},{"timestamp_usec":"1403286027328447","type":"IMAGE_QUERY","tbm":"isch"},{"timestamp_usec":"1403286019332370"}],"query_text":"joseph proctor in las vegas nv"}},{"query":{"id":[{"timestamp_usec":"1403286015570882"}],"query_text":"joseph proctor"}},{"query":{"id":[{"timestamp_usec":"1403286009421935"}],"query_text":"Joseph Proctor"}},{"query":{"id":[{"timestamp_usec":"1403285790956891"}],"query_text":"Joseph Proctor in las Vegas nv"}},{"query":{"id":[{"timestamp_usec":"1403285764591019"}],"query_text":"Joseph Proctor"}},{"query":{"id":[{"timestamp_usec":"1403282214383071"}],"query_text":"what age can babies have peanut butter"}},{"query":{"id":[{"timestamp_usec":"1403277497295463"}],"query_text":"Amy Proctor in las vegas nv"}},{"query":{"id":[{"timestamp_usec":"1403276738101292","type":"VIDEO_QUERY","tbm":"vid"},{"timestamp_usec":"1403276692876087"}],"query_text":"finding nemo"}},{"query":{"id":[{"timestamp_usec":"1403276654655365"}],"query_text":"finding nemo 2"}},{"query":{"id":[{"timestamp_usec":"1403276450661424","type":"VIDEO_QUERY","tbm":"vid"}],"query_text":"dada song frozen"}},{"query":{"id":[{"timestamp_usec":"1403276429787274","type":"VIDEO_QUERY","tbm":"vid"},{"timestamp_usec":"1403276419857106"}],"query_text":"dasda song frozen"}},{"query":{"id":[{"timestamp_usec":"1403254739373368"}],"query_text":"what does it mean if your face is greasy"}},{"query":{"id":[{"timestamp_usec":"1403220959421101"}],"query_text":"hot 97.5 request phone number"}},{"query":{"id":[{"timestamp_usec":"1403220388432695"}],"query_text":"97.5 phone number Las Vegas"}},{"query":{"id":[{"timestamp_usec":"1403220381184030"}],"query_text":"ushersign kissing"}},{"query":{"id":[{"timestamp_usec":"1403220361440686"}],"query_text":"ariana grande one last problem"}},{"query":{"id":[{"timestamp_usec":"1403220315886404"}],"query_text":"ushersign kissing"}},{"query":{"id":[{"timestamp_usec":"1403220280182537"}],"query_text":"usher kissing"}},{"query":{"id":[{"timestamp_usec":"1403220240809161"}],"query_text":"ushersign kissing"}},{"query":{"id":[{"timestamp_usec":"1403215075779005","type":"VIDEO_QUERY","tbm":"vid"},{"timestamp_usec":"1403215146087893","type":"VIDEO_QUERY","tbm":"vid"}],"query_text":"dada song frozen"}},{"query":{"id":[{"timestamp_usec":"1403215042367060","type":"VIDEO_QUERY","tbm":"vid"},{"timestamp_usec":"1403215040989552","type":"IMAGE_QUERY","tbm":"isch"},{"timestamp_usec":"1403215019167606"}],"query_text":"dada song"}},{"query":{"id":[{"timestamp_usec":"1403214999729998"}],"query_text":"badass song"}},{"query":{"id":[{"timestamp_usec":"1403214937463458","type":"VIDEO_QUERY","tbm":"vid"},{"timestamp_usec":"1403214927929337"}],"query_text":"elsa the dada"}},{"query":{"id":[{"timestamp_usec":"1403214916252299"}],"query_text":"Elsa the Dada"}},{"query":{"id":[{"timestamp_usec":"1403214190951542"}],"query_text":"Google tell me the weather"}},{"query":{"id":[{"timestamp_usec":"1403209891387539"}],"query_text":"Valleywide property management"}},{"query":{"id":[{"timestamp_usec":"1403195875182697"}],"query_text":"bow legged babies"}},{"query":{"id":[{"timestamp_usec":"1403193982554507"}],"query_text":"what day was may 27 1982"}},{"query":{"id":[{"timestamp_usec":"1403193909265050"}],"query_text":"what day was february 5 1983"}},{"query":{"id":[{"timestamp_usec":"1403133187140498"}],"query_text":"where is area code 916 in california"}},{"query":{"id":[{"timestamp_usec":"1403125732403319"}],"query_text":"discount for discovering the dinosaurs"}},{"query":{"id":[{"timestamp_usec":"1403115829910937"}],"query_text":"can rent a leaf vacuum"}},{"query":{"id":[{"timestamp_usec":"1403115281691491"}],"query_text":"leaf vacuum"}},{"query":{"id":[{"timestamp_usec":"1403113263682108"}],"query_text":"leave soccer"}},{"query":{"id":[{"timestamp_usec":"1403113237592210"}],"query_text":"leaf sucker"}},{"query":{"id":[{"timestamp_usec":"1403113218125260"}],"query_text":"leave soccer"}},{"query":{"id":[{"timestamp_usec":"1403113178890489"}],"query_text":"Aleve sucker"}},{"query":{"id":[{"timestamp_usec":"1403107719206390"}],"query_text":"Google the weather for today"}},{"query":{"id":[{"timestamp_usec":"1403073889412263"}],"query_text":"Vegas"}},{"query":{"id":[{"timestamp_usec":"1403073863090883"}],"query_text":"the dinosaurs at"}},{"query":{"id":[{"timestamp_usec":"1403045158944304"}],"query_text":"release on redbox"}},{"query":{"id":[{"timestamp_usec":"1403027044366745"}],"query_text":"movies at 14"}},{"query":{"id":[{"timestamp_usec":"1402983461294043","type":"IMAGE_QUERY","tbm":"isch"},{"timestamp_usec":"1402983471467362","type":"IMAGE_QUERY","tbm":"isch"}],"query_text":"eye chart bernard jensen"}},{"query":{"id":[{"timestamp_usec":"1402982860988821","type":"IMAGE_QUERY","tbm":"isch"}],"query_text":"spots on iris baby"}},{"query":{"id":[{"timestamp_usec":"1402982225128837","type":"IMAGE_QUERY","tbm":"isch"},{"timestamp_usec":"1402982263150106","type":"IMAGE_QUERY","tbm":"isch"},{"timestamp_usec":"1402982291528887","type":"IMAGE_QUERY","tbm":"isch"},{"timestamp_usec":"1402982350022454","type":"IMAGE_QUERY","tbm":"isch"}],"query_text":"spots on iris"}},{"query":{"id":[{"timestamp_usec":"1402979851903026"}],"query_text":"valleywide properties las vegas"}},{"query":{"id":[{"timestamp_usec":"1402952652063832","type":"IMAGE_QUERY","tbm":"isch"},{"timestamp_usec":"1402952657892152","type":"IMAGE_QUERY","tbm":"isch"},{"timestamp_usec":"1402952674778301","type":"IMAGE_QUERY","tbm":"isch"},{"timestamp_usec":"1402952689582207","type":"IMAGE_QUERY","tbm":"isch"}],"query_text":"different color eyes on babies"}},{"query":{"id":[{"timestamp_usec":"1402952493695587","type":"IMAGE_QUERY","tbm":"isch"},{"timestamp_usec":"1402952523749916","type":"IMAGE_QUERY","tbm":"isch"}],"query_text":"what do you call people with color iris"}},{"query":{"id":[{"timestamp_usec":"1402855756152598"}],"query_text":"does ariana grande play on yo gabba gabba"}},{"query":{"id":[{"timestamp_usec":"1402778054573343"}],"query_text":"cute halloween costumes for infants"}},{"query":{"id":[{"timestamp_usec":"1402777520106433"}],"query_text":"cute Halloween costumes for infants"}},{"query":{"id":[{"timestamp_usec":"1402772897587435","type":"IMAGE_QUERY","tbm":"isch"},{"timestamp_usec":"1402772776303687","type":"IMAGE_QUERY","tbm":"isch"},{"timestamp_usec":"1402772765114381"}],"query_text":"cute Halloween costumes for infants"}},{"query":{"id":[{"timestamp_usec":"1402772265120225"}],"query_text":"cute baby Costco"}},{"query":{"id":[{"timestamp_usec":"1402671177488170"}],"query_text":"does ariana grande play fifa"}},{"query":{"id":[{"timestamp_usec":"1402671177328859"}],"query_text":"does ariana grande play on Yo Gabba Gabba"}},{"query":{"id":[{"timestamp_usec":"1402671055073886"}],"query_text":"who plays Foofa on Yo Gabba Gabba"}},{"query":{"id":[{"timestamp_usec":"1402671029494728"}],"query_text":"does ariana grande play on Yo Gabba Gabba"}},{"query":{"id":[{"timestamp_usec":"1402671013397694"}],"query_text":"does ariana grande play 4"}},{"query":{"id":[{"timestamp_usec":"1402625451410914"}],"query_text":"danny trejo"}},{"query":{"id":[{"timestamp_usec":"1402594139751208","type":"IMAGE_QUERY","tbm":"isch"},{"timestamp_usec":"1402594147931764","type":"IMAGE_QUERY","tbm":"isch"}],"query_text":"kim kelly 97.1 the point"}},{"query":{"id":[{"timestamp_usec":"1402594107359872","type":"IMAGE_QUERY","tbm":"isch"}],"query_text":"kim kelley the point"}},{"query":{"id":[{"timestamp_usec":"1402424337753647"}],"query_text":"find it c bitsy spider the song"}},{"query":{"id":[{"timestamp_usec":"1402424330685422"}],"query_text":"find"}},{"query":{"id":[{"timestamp_usec":"1402424299865626"}],"query_text":"Google find me the song"}},{"query":{"id":[{"timestamp_usec":"1402395445347111"}],"query_text":"what does mean when bottom of your foot has white spots"}},{"query":{"id":[{"timestamp_usec":"1402393921406786"}],"query_text":"weather las vegas"}},{"query":{"id":[{"timestamp_usec":"1402369572145843"}],"query_text":"Shutterfly"}},{"query":{"id":[{"timestamp_usec":"1402369563715868"}],"query_text":"best danny trejo movies"}},{"query":{"id":[{"timestamp_usec":"1402368284110793"}],"query_text":"danny trejo movies western"}},{"query":{"id":[{"timestamp_usec":"1402368117067000"}],"query_text":"danny trejo movies 2014"}},{"query":{"id":[{"timestamp_usec":"1402368054663194"}],"query_text":"the last duane movie"}},{"query":{"id":[{"timestamp_usec":"1402368036382301"}],"query_text":"danny trejo movies 2014"}},{"query":{"id":[{"timestamp_usec":"1402368025575388"}],"query_text":"bad ass 2012"}},{"query":{"id":[{"timestamp_usec":"1402368017069656"}],"query_text":"danny trejo movies list"}},{"query":{"id":[{"timestamp_usec":"1402367827478022"}],"query_text":"danny trejo movies"}},{"query":{"id":[{"timestamp_usec":"1402367311788676"}],"query_text":"danny trejo"}},{"query":{"id":[{"timestamp_usec":"1402367291169405"}],"query_text":"danny trejo movies"}},{"query":{"id":[{"timestamp_usec":"1402367224149659"}],"query_text":"danny trejo"}},{"query":{"id":[{"timestamp_usec":"1402285665862088"}],"query_text":"Fox TV shows 90s"}},{"query":{"id":[{"timestamp_usec":"1402285619096934"}],"query_text":"TV show where Shawn Elliott"}},{"query":{"id":[{"timestamp_usec":"1402285607335815"}],"query_text":"life show TV show on Fox"}},{"query":{"id":[{"timestamp_usec":"1402285599576483"}],"query_text":"life fucks Sirius"}},{"query":{"id":[{"timestamp_usec":"1402285588964457"}],"query_text":"the weather in Las Vegas"}},{"query":{"id":[{"timestamp_usec":"1402283208611594","type":"IMAGE_QUERY","tbm":"isch"},{"timestamp_usec":"1402283233553363","type":"IMAGE_QUERY","tbm":"isch"},{"timestamp_usec":"1402283255348608","type":"IMAGE_QUERY","tbm":"isch"},{"timestamp_usec":"1402283274027575","type":"IMAGE_QUERY","tbm":"isch"},{"timestamp_usec":"1402283306904900","type":"IMAGE_QUERY","tbm":"isch"}],"query_text":"where is Spanky loco from"}},{"query":{"id":[{"timestamp_usec":"1402258935121683"}],"query_text":"the weather in Las Vegas"}},{"query":{"id":[{"timestamp_usec":"1402179503946875"}],"query_text":"Enrique Iglesias loco"}},{"query":{"id":[{"timestamp_usec":"1402046904521670"}],"query_text":"Cee Lo Amy"}},{"query":{"id":[{"timestamp_usec":"1402027726859530"}],"query_text":"look up a serial number on the dollar bill"}},{"query":{"id":[{"timestamp_usec":"1402006632541336"}],"query_text":"key insurance company naic#12966"}},{"query":{"id":[{"timestamp_usec":"1402006576448183"}],"query_text":"key insurance"}},{"query":{"id":[{"timestamp_usec":"1401941216617109"}],"query_text":"how many pounds should a 7 month old weigh"}},{"query":{"id":[{"timestamp_usec":"1401937119124068"}],"query_text":"la kings"}},{"query":{"id":[{"timestamp_usec":"1401890694244792"}],"query_text":"valleywide properties las vegas"}},{"query":{"id":[{"timestamp_usec":"1401831270874093"}],"query_text":"redbox new release"}},{"query":{"id":[{"timestamp_usec":"1401831013242455"}],"query_text":"movies 14 showtimes"}},{"query":{"id":[{"timestamp_usec":"1401775550047281"}],"query_text":"weather"}},{"query":{"id":[{"timestamp_usec":"1401775246559412"}],"query_text":"redbox new release"}},{"query":{"id":[{"timestamp_usec":"1401761955710774","type":"IMAGE_QUERY","tbm":"isch"}],"query_text":"2000 Ford Expedition tether anchors"}},{"query":{"id":[{"timestamp_usec":"1401586396203423"}],"query_text":"find the State Museum"}},{"query":{"id":[{"timestamp_usec":"1401586288022324","type":"IMAGE_QUERY","tbm":"isch"},{"timestamp_usec":"1401586166685667","type":"IMAGE_QUERY","tbm":"isch"},{"timestamp_usec":"1401586161183262"}],"query_text":"the nevada state museum las vegas"}},{"query":{"id":[{"timestamp_usec":"1401586159574786"}],"query_text":"nevada state museum las vegas"}},{"query":{"id":[{"timestamp_usec":"1401575501419780"}],"query_text":"Google find me the ring Brothers Circus"}},{"query":{"id":[{"timestamp_usec":"1401575471999135"}],"query_text":"Google find Barnes and Ringo service"}},{"query":{"id":[{"timestamp_usec":"1401574999198895"}],"query_text":"Google tell me when the circus comes to Las Vegas Nevada"}},{"query":{"id":[{"timestamp_usec":"1401574986969897"}],"query_text":"Google"}},{"query":{"id":[{"timestamp_usec":"1401563585465047"}],"query_text":"nevada state museum las vegas"}},{"query":{"id":[{"timestamp_usec":"1401563556524401"}],"query_text":"the nevada state museum las vegas"}},{"query":{"id":[{"timestamp_usec":"1401563335757225","type":"IMAGE_QUERY","tbm":"isch"},{"timestamp_usec":"1401562429887041"}],"query_text":"find the State Museum"}},{"query":{"id":[{"timestamp_usec":"1401557199921113"}],"query_text":"springs reserve"}},{"query":{"id":[{"timestamp_usec":"1401554737544285"}],"query_text":"weather"}},{"query":{"id":[{"timestamp_usec":"1401489565127242"}],"query_text":"denny's"}},{"query":{"id":[{"timestamp_usec":"1401471170926060"}],"query_text":"twin peaks las vegas"}},{"query":{"id":[{"timestamp_usec":"1401377401878822"}],"query_text":"Shutterfly"}},{"query":{"id":[{"timestamp_usec":"1401292429244881"}],"query_text":"soccer play set with a net"}},{"query":{"id":[{"timestamp_usec":"1401292401787544","type":"IMAGE_QUERY","tbm":"isch"},{"timestamp_usec":"1401292328383213"}],"query_text":"soccer place set with a net"}},{"query":{"id":[{"timestamp_usec":"1401291396796160"}],"query_text":"car seats"}},{"query":{"id":[{"timestamp_usec":"1401291385307784"}],"query_text":"how many pounds do have to be for the car seat baby sit up in"}},{"query":{"id":[{"timestamp_usec":"1401290088269825"}],"query_text":"how many pounds do u lose when u poop"}},{"query":{"id":[{"timestamp_usec":"1401247594417609"}],"query_text":"Margaret Thatcher's address in Las Vegas Nevada"}},{"query":{"id":[{"timestamp_usec":"1401247593895177"}],"query_text":"Margaret Proctor's address in Las Vegas Nevada"}},{"query":{"id":[{"timestamp_usec":"1401247593811354"}],"query_text":"Proctor 8912"}},{"query":{"id":[{"timestamp_usec":"1401247593469001"}],"query_text":"Proctor 89123"}},{"query":{"id":[{"timestamp_usec":"1401247433266153"}],"query_text":"Margaret proctors address in Las Vegas Nevada 89123"}},{"query":{"id":[{"timestamp_usec":"1401247405779813"}],"query_text":"Proctor 89123"}},{"query":{"id":[{"timestamp_usec":"1401247397424848"}],"query_text":"Proctor 8912"}},{"query":{"id":[{"timestamp_usec":"1401247260512924"}],"query_text":"Margaret Proctor's address in Las Vegas Nevada"}},{"query":{"id":[{"timestamp_usec":"1401247217609535"}],"query_text":"Margaret Thatcher's address in Las Vegas Nevada"}},{"query":{"id":[{"timestamp_usec":"1401241771191334"}],"query_text":"Redbox new release"}},{"query":{"id":[{"timestamp_usec":"1401240466444314"}],"query_text":"pizzahut"}},{"query":{"id":[{"timestamp_usec":"1401240357298323"}],"query_text":"bowling alley near me"}},{"query":{"id":[{"timestamp_usec":"1401240357082017"}],"query_text":"where is the closest bowling alley"}},{"query":{"id":[{"timestamp_usec":"1401240356200243"}],"query_text":"the bowling alley on Green Valley Parkway"}},{"query":{"id":[{"timestamp_usec":"1401240036172270"}],"query_text":"Sunset Station Strike Zone Henderson, NV"}},{"query":{"id":[{"timestamp_usec":"1401240003299806"}],"query_text":"the bowling alley on Green Valley Parkway"}},{"query":{"id":[{"timestamp_usec":"1401239964565081"}],"query_text":"where is the closest bowling alley"}},{"query":{"id":[{"timestamp_usec":"1401239909964155"}],"query_text":"Sunset Station Strike Zone Henderson, NV"}},{"query":{"id":[{"timestamp_usec":"1401239899463168"}],"query_text":"where is the closest bowling alley"}},{"query":{"id":[{"timestamp_usec":"1401239770367984"}],"query_text":"bowling alley near me"}},{"query":{"id":[{"timestamp_usec":"1401239565915472"}],"query_text":"bowling at South Point"}},{"query":{"id":[{"timestamp_usec":"1401238466390214"}],"query_text":"buy show tickets in las vegas"}},{"query":{"id":[{"timestamp_usec":"1401238466386795"}],"query_text":"where to buy discount show tickets in las vegas"}},{"query":{"id":[{"timestamp_usec":"1401238466386781"}],"query_text":"buy show tickets on eastern"}},{"query":{"id":[{"timestamp_usec":"1401238466000476"}],"query_text":"porn"}},{"query":{"id":[{"timestamp_usec":"1401237031808218"}],"query_text":"where to buy discount show tickets in las vegas excalibur"}},{"query":{"id":[{"timestamp_usec":"1401237018822819"}],"query_text":"where to buy discount show tickets in las vegas"}},{"query":{"id":[{"timestamp_usec":"1401236753027927"}],"query_text":"where to buy discount show tickets in las vegas Excalibur"}},{"query":{"id":[{"timestamp_usec":"1401236727775858"}],"query_text":"where to buy discount show tickets in las vegas"}},{"query":{"id":[{"timestamp_usec":"1401235278633168"}],"query_text":"where to buy discount show tickets in las vegas at the Excalibur dinner show"}},{"query":{"id":[{"timestamp_usec":"1401235126870275"}],"query_text":"where to buy discount show tickets in las vegas"}},{"query":{"id":[{"timestamp_usec":"1401235109113297"}],"query_text":"buy show tickets in las vegas"}},{"query":{"id":[{"timestamp_usec":"1401235047488715"}],"query_text":"buy show tickets on eastern"}},{"query":{"id":[{"timestamp_usec":"1401234938224840"}],"query_text":"buy show tickets in las vegas"}},{"query":{"id":[{"timestamp_usec":"1401234584418887"}],"query_text":"weather for today"}},{"query":{"id":[{"timestamp_usec":"1401225694945453"}],"query_text":"the elementary school number"}},{"query":{"id":[{"timestamp_usec":"1401225673740313"}],"query_text":"Beatty elementary watch out"}},{"query":{"id":[{"timestamp_usec":"1401224534297856"}],"query_text":"gracie is loco"}},{"query":{"id":[{"timestamp_usec":"1401224533651145"}],"query_text":"Ricky Iglesias loco"}},{"query":{"id":[{"timestamp_usec":"1401224533620922"}],"query_text":"show tickets on Eastern and serene"}},{"query":{"id":[{"timestamp_usec":"1401223930839535"}],"query_text":"show tickets for locals"}},{"query":{"id":[{"timestamp_usec":"1401223638109304"}],"query_text":"show tickets on Eastern and serene"}},{"query":{"id":[{"timestamp_usec":"1401223629910605"}],"query_text":"Ricky Iglesias loco"}},{"query":{"id":[{"timestamp_usec":"1401221051777600"}],"query_text":"Ricky Iglesias loco"}},{"query":{"id":[{"timestamp_usec":"1401221033125635"}],"query_text":"gracie is loco"}},{"query":{"id":[{"timestamp_usec":"1401220903433750"}],"query_text":"Enrique Iglesias loco"}},{"query":{"id":[{"timestamp_usec":"1401216853977330","type":"NEWS_QUERY","tbm":"nws"},{"timestamp_usec":"1401216814535199"}],"query_text":"retro bakery"}},{"query":{"id":[{"timestamp_usec":"1401211015783886"}],"query_text":"the Excalibur dinner night thing"}},{"query":{"id":[{"timestamp_usec":"1401209920193660"}],"query_text":"cheapest tickets for ka las vegas nv"}},{"query":{"id":[{"timestamp_usec":"1401209072515688"}],"query_text":"how long is the show ka"}},{"query":{"id":[{"timestamp_usec":"1401208860348521"}],"query_text":"time and prices of ka"}},{"query":{"id":[{"timestamp_usec":"1401204697602277"}],"query_text":"time and prices of ka"}},{"query":{"id":[{"timestamp_usec":"1401167340460721"}],"query_text":"cheap apartments 89123"}},{"query":{"id":[{"timestamp_usec":"1401167340372589"}],"query_text":"parkway apartments 89123"}},{"query":{"id":[{"timestamp_usec":"1401166987924048"}],"query_text":"cheap apartments 89123"}},{"query":{"id":[{"timestamp_usec":"1401166461668889"}],"query_text":"cheap apartments"}},{"query":{"id":[{"timestamp_usec":"1401157023838454"}],"query_text":"what is the weather in"}},{"query":{"id":[{"timestamp_usec":"1401145553371755"}],"query_text":"sumiqur"}},{"query":{"id":[{"timestamp_usec":"1401145538397157"}],"query_text":"rumiqur"}},{"query":{"id":[{"timestamp_usec":"1401145521389432"}],"query_text":"runiqer"}},{"query":{"id":[{"timestamp_usec":"1401145479763035"}],"query_text":"suniger"}},{"query":{"id":[{"timestamp_usec":"1401145446700932"}],"query_text":"rudigier"}},{"query":{"id":[{"timestamp_usec":"1401145433268511"}],"query_text":"runigier"}},{"query":{"id":[{"timestamp_usec":"1401135787634725"}],"query_text":"palms Palace Resort Spa Las Vegas, NV"}},{"query":{"id":[{"timestamp_usec":"1401135743363047"}],"query_text":"Red Rock Casino Resort Spa Las Vegas, NV"}},{"query":{"id":[{"timestamp_usec":"1401135732502917"}],"query_text":"best hotel suites in las vegas nv"}},{"query":{"id":[{"timestamp_usec":"1401135607521236"}],"query_text":"Palms Casino Resort Las Vegas, NV"}},{"query":{"id":[{"timestamp_usec":"1401135597524505"}],"query_text":"best hotel suites in las vegas nv"}},{"query":{"id":[{"timestamp_usec":"1401134710633395"}],"query_text":"ka the show"}},{"query":{"id":[{"timestamp_usec":"1401134682192023"}],"query_text":"call the show"}},{"query":{"id":[{"timestamp_usec":"1401134671524407"}],"query_text":"kaa"}},{"query":{"id":[{"timestamp_usec":"1401134511997746"}],"query_text":"Century 16 South Point and XD Las Vegas, NV"}},{"query":{"id":[{"timestamp_usec":"1401134503147193"}],"query_text":"Google tell me when the movies what movies are playing tomorrow"}},{"query":{"id":[{"timestamp_usec":"1401134494030404"}],"query_text":"Regal Colonnade 14 Las Vegas, NV"}},{"query":{"id":[{"timestamp_usec":"1401134064497643"}],"query_text":"Regal Colonnade 14 Tuesday may 27 2014 Las Vegas, NV"}},{"query":{"id":[{"timestamp_usec":"1401134024780681"}],"query_text":"Regal Colonnade 14 Las Vegas, NV"}},{"query":{"id":[{"timestamp_usec":"1401133971122312"}],"query_text":"Google tell me when the movies what movies are playing tomorrow"}},{"query":{"id":[{"timestamp_usec":"1401133893681514"}],"query_text":"Google tell me when the lego movie comes out"}},{"query":{"id":[{"timestamp_usec":"1401133880669388"}],"query_text":"movie comes out on DVD"}},{"query":{"id":[{"timestamp_usec":"1401089190803261","type":"IMAGE_QUERY","tbm":"isch"}],"query_text":"anderson cooper tattooed arms"}},{"query":{"id":[{"timestamp_usec":"1401041796675051"}],"query_text":"good birthday gifts for 7 year old boy"}},{"query":{"id":[{"timestamp_usec":"1401041751998901","type":"IMAGE_QUERY","tbm":"isch"},{"timestamp_usec":"1401041048707084","type":"IMAGE_QUERY","tbm":"isch"},{"timestamp_usec":"1401041035607656"}],"query_text":"Google tell me the best present for a 7 year old birthday boy"}},{"query":{"id":[{"timestamp_usec":"1401040755909776"}],"query_text":"Google tell me the best present for 7 year old boy"}},{"query":{"id":[{"timestamp_usec":"1401040726868776"}],"query_text":"Google tell me an awesome"}},{"query":{"id":[{"timestamp_usec":"1401039586738681","type":"IMAGE_QUERY","tbm":"isch"},{"timestamp_usec":"1401039579234422"}],"query_text":"best water parks in las vegas nv"}},{"query":{"id":[{"timestamp_usec":"1401039299223794","type":"IMAGE_QUERY","tbm":"isch"},{"timestamp_usec":"1401037800021391"}],"query_text":"Google find a water park in Henderson Nevada"}},{"query":{"id":[{"timestamp_usec":"1401037789377419"}],"query_text":"Google find telephone number in Henderson Nevada"}},{"query":{"id":[{"timestamp_usec":"1401037346484563"}],"query_text":"Google tell me the weather for today"}},{"query":{"id":[{"timestamp_usec":"1401037345592954"}],"query_text":"Google tell me tired 800 Urgent can I use it for regular machine"}},{"query":{"id":[{"timestamp_usec":"1401037345218094"}],"query_text":"Google tell me if I can use tie downs for regular"}},{"query":{"id":[{"timestamp_usec":"1401037344797590"}],"query_text":"Google tell me tired 800 Urgent can I use it for regular"}},{"query":{"id":[{"timestamp_usec":"1401036896176976"}],"query_text":"can you use tide he detergent in a regular washer"}},{"query":{"id":[{"timestamp_usec":"1401036829522724"}],"query_text":"Google tell me tired 800 Urgent can I use it for regular"}},{"query":{"id":[{"timestamp_usec":"1401036783427059"}],"query_text":"Google tell me tired 800 Urgent can I use it for regular machine"}},{"query":{"id":[{"timestamp_usec":"1401036744015438"}],"query_text":"Google tell me if I can use tie downs for regular"}},{"query":{"id":[{"timestamp_usec":"1401035678391133"}],"query_text":"Google tell me the weather for today"}},{"query":{"id":[{"timestamp_usec":"1400960734526172"}],"query_text":"Springs reserve"}},{"query":{"id":[{"timestamp_usec":"1400959887539150"}],"query_text":"(Current Location) -> Springs Preserve"}},{"query":{"id":[{"timestamp_usec":"1400959772260741"}],"query_text":"Springs reserve"}},{"query":{"id":[{"timestamp_usec":"1400912059153047","type":"IMAGE_QUERY","tbm":"isch"}],"query_text":"pompeii"}},{"query":{"id":[{"timestamp_usec":"1400900989562198","type":"IMAGE_QUERY","tbm":"isch"}],"query_text":"pompeii"}},{"query":{"id":[{"timestamp_usec":"1400899185615070"}],"query_text":"3030 party"}},{"query":{"id":[{"timestamp_usec":"1400886185051680"}],"query_text":"(Current Location) -> 8043 N Durango Dr, Las Vegas, NV 89131"}},{"query":{"id":[{"timestamp_usec":"1400874787809939"}],"query_text":"best magic show in vegas reviews"}},{"query":{"id":[{"timestamp_usec":"1400874750554952"}],"query_text":"best magic show in vegas"}},{"query":{"id":[{"timestamp_usec":"1400874708920703"}],"query_text":"david copperfield"}},{"query":{"id":[{"timestamp_usec":"1400861052736709","type":"IMAGE_QUERY","tbm":"isch"},{"timestamp_usec":"1400861040500427"}],"query_text":"birthday gift my husband"}},{"query":{"id":[{"timestamp_usec":"1400860901247114"}],"query_text":"birthday present for my husband"}},{"query":{"id":[{"timestamp_usec":"1400796853200668"}],"query_text":"retro bakery"}},{"query":{"id":[{"timestamp_usec":"1400771579402679"}],"query_text":"springs preserve"}},{"query":{"id":[{"timestamp_usec":"1400769574264687"}],"query_text":"Red Box"}},{"query":{"id":[{"timestamp_usec":"1400767414461588"}],"query_text":"weather for today"}},{"query":{"id":[{"timestamp_usec":"1400734038557433"}],"query_text":"David Copperfield tickets"}},{"query":{"id":[{"timestamp_usec":"1400732224564669"}],"query_text":"the best show in Las Vegas"}},{"query":{"id":[{"timestamp_usec":"1400732048555037"}],"query_text":"Red Box"}},{"query":{"id":[{"timestamp_usec":"1400731946531789"}],"query_text":"David Copperfield tickets"}},{"query":{"id":[{"timestamp_usec":"1400724242164051"}],"query_text":"Walking with Dinosaurs movie"}},{"query":{"id":[{"timestamp_usec":"1400710595153397"}],"query_text":"Red Box"}},{"query":{"id":[{"timestamp_usec":"1400710376653095"}],"query_text":"Katt Williams Las Vegas"}},{"query":{"id":[{"timestamp_usec":"1400709826874954"}],"query_text":"tosh tickets mirage"}},{"query":{"id":[{"timestamp_usec":"1400637216812147"}],"query_text":"446 pill soma"}},{"query":{"id":[{"timestamp_usec":"1400636831811753"}],"query_text":"446 pill"}},{"query":{"id":[{"timestamp_usec":"1400568501060012","type":"IMAGE_QUERY","tbm":"isch"},{"timestamp_usec":"1400568526541841","type":"IMAGE_QUERY","tbm":"isch"}],"query_text":"swag"}},{"query":{"id":[{"timestamp_usec":"1400540150842377"}],"query_text":"daniel tosh taco bell commercial youtube"}},{"query":{"id":[{"timestamp_usec":"1400538418977361"}],"query_text":"daniel tosh"}},{"query":{"id":[{"timestamp_usec":"1400526087067525","type":"IMAGE_QUERY","tbm":"isch"}],"query_text":"germs"}},{"query":{"id":[{"timestamp_usec":"1400490519666274","type":"IMAGE_QUERY","tbm":"isch"},{"timestamp_usec":"1400490602057345","type":"IMAGE_QUERY","tbm":"isch"}],"query_text":"germs"}},{"query":{"id":[{"timestamp_usec":"1400462823575247"}],"query_text":"big lots"}},{"query":{"id":[{"timestamp_usec":"1400434994873963"}],"query_text":"children museum"}},{"query":{"id":[{"timestamp_usec":"1400432330999933"}],"query_text":"chuck e cheese on eastern and serene"}},{"query":{"id":[{"timestamp_usec":"1400432196866590"}],"query_text":"Chuck E Cheese on Eastern and serene"}},{"query":{"id":[{"timestamp_usec":"1400431723000273"}],"query_text":"what is the weather today"}},{"query":{"id":[{"timestamp_usec":"1400360593291279","type":"IMAGE_QUERY","tbm":"isch"},{"timestamp_usec":"1400360655830406","type":"IMAGE_QUERY","tbm":"isch"}],"query_text":"tire wear"}},{"query":{"id":[{"timestamp_usec":"1400311363480646","type":"IMAGE_QUERY","tbm":"isch"},{"timestamp_usec":"1400311387728449","type":"IMAGE_QUERY","tbm":"isch"}],"query_text":"emma stone before fame"}},{"query":{"id":[{"timestamp_usec":"1400219993759601","type":"IMAGE_QUERY","tbm":"isch"},{"timestamp_usec":"1400219998972972","type":"IMAGE_QUERY","tbm":"isch"},{"timestamp_usec":"1400220020062677","type":"IMAGE_QUERY","tbm":"isch"}],"query_text":"vince camuto cuff bracelet"}},{"query":{"id":[{"timestamp_usec":"1400210875294209"}],"query_text":"a 349 white round"}},{"query":{"id":[{"timestamp_usec":"1400209225791427","type":"IMAGE_QUERY","tbm":"isch"}],"query_text":"446 percocet"}},{"query":{"id":[{"timestamp_usec":"1400128571672751","type":"IMAGE_QUERY","tbm":"isch"}],"query_text":"Kelly Price"}},{"query":{"id":[{"timestamp_usec":"1400033476953494"}],"query_text":"Enrique Iglesias loco"}},{"query":{"id":[{"timestamp_usec":"1399689713807459"}],"query_text":"Redbox"}},{"query":{"id":[{"timestamp_usec":"1399689712338757"}],"query_text":"call big daddy"}},{"query":{"id":[{"timestamp_usec":"1399689711983704"}],"query_text":"locate Mobile big daddy"}},{"query":{"id":[{"timestamp_usec":"1399689711129215"}],"query_text":"locate my Big Daddy"}},{"query":{"id":[{"timestamp_usec":"1399689710605575"}],"query_text":"locate big daddy"}},{"query":{"id":[{"timestamp_usec":"1399689710051759"}],"query_text":"locate contact big daddy"}},{"query":{"id":[{"timestamp_usec":"1399689427532408"}],"query_text":"locate big daddy"}},{"query":{"id":[{"timestamp_usec":"1399689418418330"}],"query_text":"locate my Big Daddy"}},{"query":{"id":[{"timestamp_usec":"1399689375561649"}],"query_text":"locate Mobile big daddy"}},{"query":{"id":[{"timestamp_usec":"1399688752515678"}],"query_text":"call big daddy"}},{"query":{"id":[{"timestamp_usec":"1399688740958635"}],"query_text":"Redbox"}},{"query":{"id":[{"timestamp_usec":"1399684201328446"}],"query_text":"Google check my asshole"}},{"query":{"id":[{"timestamp_usec":"1399684098233706"}],"query_text":"check my stinky"}},{"query":{"id":[{"timestamp_usec":"1399683937015964"}],"query_text":"Google check my asshole"}},{"query":{"id":[{"timestamp_usec":"1399683753904181"}],"query_text":"call big daddy"}},{"query":{"id":[{"timestamp_usec":"1399683492180738"}],"query_text":"Redbox movies"}},{"query":{"id":[{"timestamp_usec":"1399498895346635","type":"IMAGE_QUERY","tbm":"isch"}],"query_text":"brake rotor turn machine called"}},{"query":{"id":[{"timestamp_usec":"1399442700658349","type":"IMAGE_QUERY","tbm":"isch"}],"query_text":"vietnam game ps2"}},{"query":{"id":[{"timestamp_usec":"1399442645725906","type":"IMAGE_QUERY","tbm":"isch"}],"query_text":"vietnam game tom berenger on cover"}},{"query":{"id":[{"timestamp_usec":"1399421444375440"}],"query_text":"my comments on youtube"}},{"query":{"id":[{"timestamp_usec":"1399421397403770","type":"VIDEO_QUERY","tbm":"vid"}],"query_text":"porn"}},{"query":{"id":[{"timestamp_usec":"1399421378775321","type":"VIDEO_QUERY","tbm":"vid"},{"timestamp_usec":"1399421323985565"}],"query_text":"my comments on youtube"}},{"query":{"id":[{"timestamp_usec":"1399158366527563"}],"query_text":"when is mothers day 2014"}},{"query":{"id":[{"timestamp_usec":"1399144261302302"}],"query_text":"mariogarcas@hotmail.com"}},{"query":{"id":[{"timestamp_usec":"1399092981018761"}],"query_text":"mycommnet"}},{"query":{"id":[{"timestamp_usec":"1399092754710280"}],"query_text":"my commnet"}},{"query":{"id":[{"timestamp_usec":"1399092675222928"}],"query_text":"my comments on youtube"}},{"query":{"id":[{"timestamp_usec":"1399092666563890"}],"query_text":"my commnet"}},{"query":{"id":[{"timestamp_usec":"1399092614424916"}],"query_text":"mycommnet"}},{"query":{"id":[{"timestamp_usec":"1399083964702811"}],"query_text":"location of my phone 702-517-0638 on maps"}},{"query":{"id":[{"timestamp_usec":"1399083950409368"}],"query_text":"locate my phone"}},{"query":{"id":[{"timestamp_usec":"1399083948520692"}],"query_text":"location of my phone 702-517-0638"}},{"query":{"id":[{"timestamp_usec":"1399083891737401","type":"NEWS_QUERY","tbm":"nws"},{"timestamp_usec":"1399083458635174"}],"query_text":"what is love"}},{"query":{"id":[{"timestamp_usec":"1399083416895355","type":"NEWS_QUERY","tbm":"nws"},{"timestamp_usec":"1399083383868162"}],"query_text":"location of my phone 702-517-0638"}},{"query":{"id":[{"timestamp_usec":"1399083350907179"}],"query_text":"locate my phone"}},{"query":{"id":[{"timestamp_usec":"1399083287172488"}],"query_text":"location of my phone 702-517-0638 on maps"}},{"query":{"id":[{"timestamp_usec":"1399083095544755"}],"query_text":"(Current Location) -> 2440 St Rose Pkwy, Henderson, NV 89074"}},{"query":{"id":[{"timestamp_usec":"1399081150130389"}],"query_text":"(Current Location) -> 2440 St Rose Pkwy, Henderson, NV 89074"}},{"query":{"id":[{"timestamp_usec":"1399080623581905"}],"query_text":"Enrique Iglesias loco"}},{"query":{"id":[{"timestamp_usec":"1399077497258707"}],"query_text":"reply_binwnb_jugtzca"}},{"query":{"id":[{"timestamp_usec":"1399077453745105"}],"query_text":"my google contact"}},{"query":{"id":[{"timestamp_usec":"1399077246734408"}],"query_text":"Hat Company @36.019790,-115.150360"}},{"query":{"id":[{"timestamp_usec":"1399077231655899"}],"query_text":"my phone 702-517-0638"}},{"query":{"id":[{"timestamp_usec":"1399077175420270"}],"query_text":"702-517-0638 lv nv"}},{"query":{"id":[{"timestamp_usec":"1399077115553188"}],"query_text":"location of my phone 702-517-0638 on maps"}},{"query":{"id":[{"timestamp_usec":"1399077096614826"}],"query_text":"location of my phone 702-517-0638"}},{"query":{"id":[{"timestamp_usec":"1399077009658231"}],"query_text":"porn"}},{"query":{"id":[{"timestamp_usec":"1398991216012372"}],"query_text":"locate my phone"}},{"query":{"id":[{"timestamp_usec":"1398991085042365"}],"query_text":"location of my phone 702-517-0638"}},{"query":{"id":[{"timestamp_usec":"1398990616146365"}],"query_text":"location history"}},{"query":{"id":[{"timestamp_usec":"1398972209318709"}],"query_text":"my videos"}},{"query":{"id":[{"timestamp_usec":"1398925983842074"}],"query_text":"add reminder"}},{"query":{"id":[{"timestamp_usec":"1398916675578086"}],"query_text":"is there a app to mange my app storage"}},{"query":{"id":[{"timestamp_usec":"1398914862531065"}],"query_text":"new yahoo desktop"}},{"query":{"id":[{"timestamp_usec":"1398914827642002"}],"query_text":"new yahoo dashboard"}},{"query":{"id":[{"timestamp_usec":"1398910430159643"}],"query_text":"why is my baby inside of mouth all white"}},{"query":{"id":[{"timestamp_usec":"1398905427634476"}],"query_text":"why is my baby inside of mouth all white"}},{"query":{"id":[{"timestamp_usec":"1398904186707886"}],"query_text":"yahoo map . search local"}},{"query":{"id":[{"timestamp_usec":"1398904165900408"}],"query_text":"yahoo search"}},{"query":{"id":[{"timestamp_usec":"1398832177815658","type":"IMAGE_QUERY","tbm":"isch"}],"query_text":"nba playoffs bracket"}},{"query":{"id":[{"timestamp_usec":"1398725080364034","type":"IMAGE_QUERY","tbm":"isch"}],"query_text":"Daniel Sterling's girlfriend"}},{"query":{"id":[{"timestamp_usec":"1398673308198818"}],"query_text":"Best Western Plus Henderson Hotel, North Boulder Highway, Henderson, NV"}},{"query":{"id":[{"timestamp_usec":"1398585311757063"}],"query_text":"when I search my advanced reasearc"}},{"query":{"id":[{"timestamp_usec":"1398375992400721"}],"query_text":"Enrique Iglesias loco"}},{"query":{"id":[{"timestamp_usec":"1397353487334294"}],"query_text":"translation spanish to english"}},{"query":{"id":[{"timestamp_usec":"1397215102215252","type":"NEWS_QUERY","tbm":"nws"},{"timestamp_usec":"1397215080525690"}],"query_text":"lakers"}},{"query":{"id":[{"timestamp_usec":"1397215039046528"}],"query_text":"dodgers"}},{"query":{"id":[{"timestamp_usec":"1397214914625893","type":"PRODUCT_QUERY","tbm":"shop"},{"timestamp_usec":"1397214887924011"}],"query_text":"brake lathe"}},{"query":{"id":[{"timestamp_usec":"1397213083520006"}],"query_text":"uah"}},{"query":{"id":[{"timestamp_usec":"1397212862989291"}],"query_text":"odds to win world cup soccer"}},{"query":{"id":[{"timestamp_usec":"1397212835252261"}],"query_text":"odds to win world series 2014"}},{"query":{"id":[{"timestamp_usec":"1397212757194338"}],"query_text":"fifa"}},{"query":{"id":[{"timestamp_usec":"1397211750618997"}],"query_text":"401k"}},{"query":{"id":[{"timestamp_usec":"1397211750618960"}],"query_text":"Gaudin Ford"}},{"query":{"id":[{"timestamp_usec":"1397209435946196"}],"query_text":"weather"}},{"query":{"id":[{"timestamp_usec":"1397206500239126"}],"query_text":"Gaudin Ford"}},{"query":{"id":[{"timestamp_usec":"1397206500238003"}],"query_text":"craigslist las vegas"}},{"query":{"id":[{"timestamp_usec":"1397205725537895"}],"query_text":"Gaudin Ford"}},{"query":{"id":[{"timestamp_usec":"1397205725537392"}],"query_text":"craigslist las vegas"}},{"query":{"id":[{"timestamp_usec":"1397205385352966"}],"query_text":"oreillys"}},{"query":{"id":[{"timestamp_usec":"1397205198441416"}],"query_text":"dual compressor caliper tool manual"}},{"query":{"id":[{"timestamp_usec":"1397205111068701","type":"PRODUCT_QUERY","tbm":"shop"},{"timestamp_usec":"1397205163307932","type":"IMAGE_QUERY","tbm":"isch"}],"query_text":"dual compressor caliper tool"}},{"query":{"id":[{"timestamp_usec":"1397205100849973"}],"query_text":"Gaudin Ford"}},{"query":{"id":[{"timestamp_usec":"1397205100848983"}],"query_text":"dual compressor caliper tool"}},{"query":{"id":[{"timestamp_usec":"1397114434617388"}],"query_text":"chrome/metromail"}},{"query":{"id":[{"timestamp_usec":"1397114384680606"}],"query_text":"metro mail"}},{"query":{"id":[{"timestamp_usec":"1397113955817271"}],"query_text":"my yahoo"}},{"query":{"id":[{"timestamp_usec":"1397113933054861"}],"query_text":"my yahoo web history"}},{"query":{"id":[{"timestamp_usec":"1397103614376619"}],"query_text":"chrome"}},{"query":{"id":[{"timestamp_usec":"1397100740846971"}],"query_text":"Gaudin Ford"}},{"query":{"id":[{"timestamp_usec":"1397085085256327"}],"query_text":"Gaudin Ford"}},{"query":{"id":[{"timestamp_usec":"1397073349470592"}],"query_text":"www.google.com/profiles"}},{"query":{"id":[{"timestamp_usec":"1397073202035093"}],"query_text":"www.google.com/profiles/me/editprofile"}},{"query":{"id":[{"timestamp_usec":"1397073144997262"}],"query_text":"www.google.com/profiles/christine.battocchio"}},{"query":{"id":[{"timestamp_usec":"1397070823046390"}],"query_text":"gmail sign up"}},{"query":{"id":[{"timestamp_usec":"1397066880523185"}],"query_text":"gmail sign up"}},{"query":{"id":[{"timestamp_usec":"1397022169523911"}],"query_text":"chrome bing history"}},{"query":{"id":[{"timestamp_usec":"1397019153125137"}],"query_text":"walmart"}},{"query":{"id":[{"timestamp_usec":"1397018138590858"}],"query_text":"gmail sign up"}},{"query":{"id":[{"timestamp_usec":"1397016058261932"}],"query_text":"gmail sign up"}},{"query":{"id":[{"timestamp_usec":"1397001175418624"}],"query_text":"gamestop"}},{"query":{"id":[{"timestamp_usec":"1397001079552582"}],"query_text":"walmart"}},{"query":{"id":[{"timestamp_usec":"1396998972326391"}],"query_text":"walmart"}},{"query":{"id":[{"timestamp_usec":"1396996334481782"}],"query_text":"nevada tire city"}},{"query":{"id":[{"timestamp_usec":"1396996272015948"}],"query_text":"nevada city tire"}},{"query":{"id":[{"timestamp_usec":"1396995044425843"}],"query_text":"bank of america 89123"}},{"query":{"id":[{"timestamp_usec":"1396995038973906"}],"query_text":"bank of america"}},{"query":{"id":[{"timestamp_usec":"1396991897927484"}],"query_text":"gmail sign up"}},{"query":{"id":[{"timestamp_usec":"1396988350971431"}],"query_text":"gmail sign up"}},{"query":{"id":[{"timestamp_usec":"1396987944403042"}],"query_text":"chrome"}},{"query":{"id":[{"timestamp_usec":"1396982614665703"}],"query_text":"chrome"}},{"query":{"id":[{"timestamp_usec":"1396982602613220"}],"query_text":"chrome for android"}},{"query":{"id":[{"timestamp_usec":"1396982594371989"}],"query_text":"firefox"}},{"query":{"id":[{"timestamp_usec":"1396982559374810"}],"query_text":"chrome"}},{"query":{"id":[{"timestamp_usec":"1396982490858948"}],"query_text":"chrome cookies"}},{"query":{"id":[{"timestamp_usec":"1396982056390002"}],"query_text":"chrome sdk download"}},{"query":{"id":[{"timestamp_usec":"1396981806776699"}],"query_text":"bank of america 89123"}},{"query":{"id":[{"timestamp_usec":"1396981776249256"}],"query_text":"bank of america"}},{"query":{"id":[{"timestamp_usec":"1396965509958210"}],"query_text":"weather"}},{"query":{"id":[{"timestamp_usec":"1396956211907307"}],"query_text":"gmail sign up"}},{"query":{"id":[{"timestamp_usec":"1396945601250782"}],"query_text":"code google com android"}},{"query":{"id":[{"timestamp_usec":"1396937023245903"}],"query_text":"google"}},{"query":{"id":[{"timestamp_usec":"1396415432661310"}],"query_text":"my history on snapshot"}},{"query":{"id":[{"timestamp_usec":"1396415398244946","type":"IMAGE_QUERY","tbm":"isch"}],"query_text":"my pictures folder"}},{"query":{"id":[{"timestamp_usec":"1396415340043199","type":"VIDEO_QUERY","tbm":"vid"}],"query_text":"my documents folder icon"}},{"query":{"id":[{"timestamp_usec":"1396415147369195"}],"query_text":"how to turn key fuse jeep compass"}},{"query":{"id":[{"timestamp_usec":"1396414751847987"}],"query_text":"jeep compass pdf"}},{"query":{"id":[{"timestamp_usec":"1396414748061144"}],"query_text":"jeep compass pl"}},{"query":{"id":[{"timestamp_usec":"1396414743242148"}],"query_text":"jeep compass pdi"}},{"query":{"id":[{"timestamp_usec":"1396414679120099"}],"query_text":"how to turn key fuse jeep compass"}},{"query":{"id":[{"timestamp_usec":"1396414609237114"}],"query_text":"pdi jeep compass"}},{"query":{"id":[{"timestamp_usec":"1396414503778909"}],"query_text":"how to turn key fuse jeep compass"}},{"query":{"id":[{"timestamp_usec":"1396414437908786"}],"query_text":"craigslist las vegas"}},{"query":{"id":[{"timestamp_usec":"1396414122220365"}],"query_text":"gmail"}},{"query":{"id":[{"timestamp_usec":"1396413832925809"}],"query_text":"my metro pcs account"}},{"query":{"id":[{"timestamp_usec":"1396413527893854"}],"query_text":"where are my cookies"}},{"query":{"id":[{"timestamp_usec":"1396413393331007"}],"query_text":"Burlington Coat Factory"}},{"query":{"id":[{"timestamp_usec":"1396410538513336"}],"query_text":"craigslist las vegas"}},{"query":{"id":[{"timestamp_usec":"1396392380711378"}],"query_text":"(Current Location) -> Burlington Coat Factory"}},{"query":{"id":[{"timestamp_usec":"1396392356976254"}],"query_text":"Burlington Coat Factory"}},{"query":{"id":[{"timestamp_usec":"1396392324432551"}],"query_text":"vons pharms"}},{"query":{"id":[{"timestamp_usec":"1396392113070894"}],"query_text":"vons in 89123"}},{"query":{"id":[{"timestamp_usec":"1396392049318034"}],"query_text":"vons pharmacy close"}},{"query":{"id":[{"timestamp_usec":"1396389233230191"}],"query_text":"Burlington Coat Factory"}},{"query":{"id":[{"timestamp_usec":"1396388297012990"}],"query_text":"(Current Location) -> Burlington Coat Factory"}},{"query":{"id":[{"timestamp_usec":"1396388125186885"}],"query_text":"Burlington Coat Factory"}},{"query":{"id":[{"timestamp_usec":"1396350861417214"}],"query_text":"dropbox"}},{"query":{"id":[{"timestamp_usec":"1396349307803766"}],"query_text":"what is bluetooth"}},{"query":{"id":[{"timestamp_usec":"1396345062677614"}],"query_text":"my yahoo web history"}},{"query":{"id":[{"timestamp_usec":"1396324892071045"}],"query_text":"scientist who invented free vaccine with no patten"}},{"query":{"id":[{"timestamp_usec":"1396322074270187"}],"query_text":"google"}}]}