{"event":[{"query":{"id":[{"timestamp_usec":"1420064103772935","type":"IMAGE_QUERY","tbm":"isch"}],"query_text":"what does Manuel mean"}},{"query":{"id":[{"timestamp_usec":"1420061904899879"}],"query_text":"what does Manuel mean"}},{"query":{"id":[{"timestamp_usec":"1420061881910160"}],"query_text":"how to get pen off your face"}},{"query":{"id":[{"timestamp_usec":"1420061865931960"}],"query_text":"okay Google search for new songs"}},{"query":{"id":[{"timestamp_usec":"1420061841535068","type":"VIDEO_QUERY","tbm":"vid"}],"query_text":"Megan trails new song"}},{"query":{"id":[{"timestamp_usec":"1420061809124180"}],"query_text":"okay Google search for Megan trails new song"}},{"query":{"id":[{"timestamp_usec":"1420061794604409"}],"query_text":"search for Megan trailer"}},{"query":{"id":[{"timestamp_usec":"1420061788603201"}],"query_text":"blank space"}},{"query":{"id":[{"timestamp_usec":"1420061498790670"}],"query_text":"Taylor Swift songs"}},{"query":{"id":[{"timestamp_usec":"1420061471849174"}],"query_text":"how to give CPR to a child"}},{"query":{"id":[{"timestamp_usec":"1420061443350876"}],"query_text":"okay Google what is Elsa"}},{"query":{"id":[{"timestamp_usec":"1420061433067731"}],"query_text":"how big is your butt"}},{"query":{"id":[{"timestamp_usec":"1420058502588432"}],"query_text":"okay Google okay Google"}},{"query":{"id":[{"timestamp_usec":"1420058488196209"}],"query_text":"Google what is"}},{"query":{"id":[{"timestamp_usec":"1420058478855349"}],"query_text":"ok God"}},{"query":{"id":[{"timestamp_usec":"1420058456207346"}],"query_text":"Elsa mean"}},{"query":{"id":[{"timestamp_usec":"1420058433459918"}],"query_text":"what does Olaf mean"}},{"query":{"id":[{"timestamp_usec":"1420058407047949"}],"query_text":"what does Mario mean"}},{"query":{"id":[{"timestamp_usec":"1420058396567828"}],"query_text":"does Amy mean"}},{"query":{"id":[{"timestamp_usec":"1420058371751009"}],"query_text":"Google what does Joseph mean"}},{"query":{"id":[{"timestamp_usec":"1420058363536088"}],"query_text":"okay Google what is Gordo mean"}},{"query":{"id":[{"timestamp_usec":"1420058342486447"}],"query_text":"okay Google what is glutamine"}},{"query":{"id":[{"timestamp_usec":"1420058319132190"}],"query_text":"okay Google what is Bianca mean"}},{"query":{"id":[{"timestamp_usec":"1420058310335157"}],"query_text":"is it going to rain in Kansas"}},{"query":{"id":[{"timestamp_usec":"1420057962478683"}],"query_text":"snow in Kansas"}},{"query":{"id":[{"timestamp_usec":"1420057952105432"}],"query_text":"okay Google is it going to rain in Kansas"}},{"query":{"id":[{"timestamp_usec":"1420057943403451"}],"query_text":"in the rain in Kansas"}},{"query":{"id":[{"timestamp_usec":"1420057914915899"}],"query_text":"Las Vegas will be cold in Las Vegas"}},{"query":{"id":[{"timestamp_usec":"1420057899593352"}],"query_text":"is it going to rain in Las Vegas"}},{"query":{"id":[{"timestamp_usec":"1420057884726803"}],"query_text":"locate where southeast towing"}},{"query":{"id":[{"timestamp_usec":"1420057873831286"}],"query_text":"locate weather southeast Ellis"}},{"query":{"id":[{"timestamp_usec":"1420057860887048"}],"query_text":"okay Google search for"}},{"query":{"id":[{"timestamp_usec":"1420057849847682"}],"query_text":"Ticketmaster Miami"}},{"query":{"id":[{"timestamp_usec":"1420057839953067"}],"query_text":"is it going to rain in Miami"}},{"query":{"id":[{"timestamp_usec":"1420057830441661"}],"query_text":"is it going to rain in Africa"}},{"query":{"id":[{"timestamp_usec":"1420057812100048"}],"query_text":"cold in Los Angeles"}},{"query":{"id":[{"timestamp_usec":"1420057799915656"}],"query_text":"it going to rain in Los Angeles"}},{"query":{"id":[{"timestamp_usec":"1420057787674526"}],"query_text":"in Paris will it rain"}},{"query":{"id":[{"timestamp_usec":"1420057779273844"}],"query_text":"will it rain"}},{"query":{"id":[{"timestamp_usec":"1420057769074197"}],"query_text":"Thursday in London"}},{"query":{"id":[{"timestamp_usec":"1420057756882934"}],"query_text":"is it going to rain on"}},{"query":{"id":[{"timestamp_usec":"1420057749180706"}],"query_text":"rainy Monday"}},{"query":{"id":[{"timestamp_usec":"1420057740547877"}],"query_text":"going to snow in London"}},{"query":{"id":[{"timestamp_usec":"1420057730634220"}],"query_text":"is it going to snow in Las Vegas"}},{"query":{"id":[{"timestamp_usec":"1420050034320453"}],"query_text":"okay Google search for how to get ice powers"}},{"query":{"id":[{"timestamp_usec":"1420046366322558"}],"query_text":"okay Google search for weather"}},{"query":{"id":[{"timestamp_usec":"1420046333306704"}],"query_text":"okay Google search for the weather"}},{"query":{"id":[{"timestamp_usec":"1420046307373772"}],"query_text":"okay Google search for weather and"}},{"query":{"id":[{"timestamp_usec":"1420046300006353"}],"query_text":"underpass"}},{"query":{"id":[{"timestamp_usec":"1420046287085170"}],"query_text":"it will snow in Las Vegas"}},{"query":{"id":[{"timestamp_usec":"1420046275023694"}],"query_text":"will it rain in Las Vegas and Wednesday"}},{"query":{"id":[{"timestamp_usec":"1420046254849028"}],"query_text":"search for weather in Las Vegas"}},{"query":{"id":[{"timestamp_usec":"1420046244800072"}],"query_text":"Google search for weather"}},{"query":{"id":[{"timestamp_usec":"1420044703973286"}],"query_text":"Elsa dresses"}},{"query":{"id":[{"timestamp_usec":"1420044697453294"}],"query_text":"Google search for alpha jacked"}},{"query":{"id":[{"timestamp_usec":"1420044683224521"}],"query_text":"okay Google can I say"}},{"query":{"id":[{"timestamp_usec":"1420044674481722"}],"query_text":"okay Google search for toenails"}},{"query":{"id":[{"timestamp_usec":"1420044666747900"}],"query_text":"okay Google call it honor"}},{"query":{"id":[{"timestamp_usec":"1420044658215940"}],"query_text":"okay Google who is Ana"}},{"query":{"id":[{"timestamp_usec":"1420044634378292"}],"query_text":"okay Google what is Elsa"}},{"query":{"id":[{"timestamp_usec":"1420044624511973"}],"query_text":"okay Google search for"}},{"query":{"id":[{"timestamp_usec":"1420044611926418"}],"query_text":"Google will a tornado come to Las Vegas"}},{"query":{"id":[{"timestamp_usec":"1420044596405923"}],"query_text":"what time at 8 p.m. Will it snow"}},{"query":{"id":[{"timestamp_usec":"1420044579370027"}],"query_text":"okay Google will it snow in Las Vegas"}},{"query":{"id":[{"timestamp_usec":"1420044510470817"}],"query_text":"Google what is Taylor Swifts number"}},{"query":{"id":[{"timestamp_usec":"1420027205408323"}],"query_text":"when will it snow in las vegas NV"}},{"query":{"id":[{"timestamp_usec":"1420027103913994"}],"query_text":"when will it snow in las vegas"}},{"query":{"id":[{"timestamp_usec":"1420027084977965"}],"query_text":"when will it snow"}},{"query":{"id":[{"timestamp_usec":"1420027025713423"}],"query_text":"will it rain wednesday in las vegas nv"}},{"query":{"id":[{"timestamp_usec":"1420026833075172"}],"query_text":"what is the weather like on Wednesday in Las Vegas"}},{"query":{"id":[{"timestamp_usec":"1420026833034623"}],"query_text":"Will it rain wednesday in las vegas nv"}},{"query":{"id":[{"timestamp_usec":"1420026769447545"}],"query_text":"on a Wednesday will it rain"}},{"query":{"id":[{"timestamp_usec":"1420026744278236"}],"query_text":"what is the weather like on Wednesday in Las Vegas"}},{"query":{"id":[{"timestamp_usec":"1420026719409898"}],"query_text":"okay Google search for the weather in Las Vegas"}},{"query":{"id":[{"timestamp_usec":"1420026692422373"}],"query_text":"snow on Saturday"}},{"query":{"id":[{"timestamp_usec":"1420026681199383"}],"query_text":"is it going to snow in Las Vegas"}},{"query":{"id":[{"timestamp_usec":"1420026675154074"}],"query_text":"Google search"}},{"query":{"id":[{"timestamp_usec":"1420026667678869"}],"query_text":"search for okay Google search for"}},{"query":{"id":[{"timestamp_usec":"1420026658714896"}],"query_text":"Google search for Las Vegas no"}},{"query":{"id":[{"timestamp_usec":"1420026634885374"}],"query_text":"okay Google search for"}},{"query":{"id":[{"timestamp_usec":"1420026627224163"}],"query_text":"go"}},{"query":{"id":[{"timestamp_usec":"1420026615370811"}],"query_text":"Google is you use a hose reel"}},{"query":{"id":[{"timestamp_usec":"1420026590335309"}],"query_text":"is it going to snow in Las Vegas"}},{"query":{"id":[{"timestamp_usec":"1420026571254842"}],"query_text":"it's going to snow in Las Vegas"}},{"query":{"id":[{"timestamp_usec":"1420026561588171"}],"query_text":"okay Google will it not snow in Las Vegas"}},{"query":{"id":[{"timestamp_usec":"1420026551874826"}],"query_text":"google it was not right"}},{"query":{"id":[{"timestamp_usec":"1420026542464084"}],"query_text":"Google thank you"}},{"query":{"id":[{"timestamp_usec":"1420026531034054"}],"query_text":"Google will it snow in Las Vegas"}},{"query":{"id":[{"timestamp_usec":"1420026516470167"}],"query_text":"okay Google is it cold in Las Vegas"}},{"query":{"id":[{"timestamp_usec":"1420026499529652"}],"query_text":"okay Google look for weather in Las Vegas"}},{"query":{"id":[{"timestamp_usec":"1420026486079495"}],"query_text":"Google search for extreme weather"}},{"query":{"id":[{"timestamp_usec":"1420026441499607"}],"query_text":"okay Google search for tornadoes"}},{"query":{"id":[{"timestamp_usec":"1420026422404985"}],"query_text":"okay Google tell me your name"}},{"query":{"id":[{"timestamp_usec":"1420026405622594"}],"query_text":"okay Google how to get rid of the flu"}},{"query":{"id":[{"timestamp_usec":"1420026388418255"}],"query_text":"okay Google what is Google"}},{"query":{"id":[{"timestamp_usec":"1420026334817718"}],"query_text":"okay Google what is frozen"}},{"query":{"id":[{"timestamp_usec":"1420026313619317"}],"query_text":"Google search for frozen"}},{"query":{"id":[{"timestamp_usec":"1420026283343893"}],"query_text":"okay Google search for Elsa and onna"}},{"query":{"id":[{"timestamp_usec":"1420026272356688"}],"query_text":"okay Google search for"}},{"query":{"id":[{"timestamp_usec":"1420026234226643"}],"query_text":"okay Google search for Taylor Swift"}},{"query":{"id":[{"timestamp_usec":"1420026205875568"}],"query_text":"okay Google who is sana"}},{"query":{"id":[{"timestamp_usec":"1420026153940588"}],"query_text":"okay Google who is Elsa"}},{"query":{"id":[{"timestamp_usec":"1420026132585542"}],"query_text":"when is sunrise"}},{"query":{"id":[{"timestamp_usec":"1420025816440405"}],"query_text":"weather"}},{"query":{"id":[{"timestamp_usec":"1420022649758466"}],"query_text":"weather"}},{"query":{"id":[{"timestamp_usec":"1419996878819983"}],"query_text":"weather"}},{"query":{"id":[{"timestamp_usec":"1419986437048583"}],"query_text":"pizza hut"}},{"query":{"id":[{"timestamp_usec":"1419986420403152"}],"query_text":"Domino's Pizza"}},{"query":{"id":[{"timestamp_usec":"1419986398154017"}],"query_text":"pizza hut"}},{"query":{"id":[{"timestamp_usec":"1419986388109819"}],"query_text":"Domino's Pizza"}},{"query":{"id":[{"timestamp_usec":"1419984764836930"}],"query_text":"pizza hut"}},{"query":{"id":[{"timestamp_usec":"1419984315327000"}],"query_text":"story games 4 girls"}},{"query":{"id":[{"timestamp_usec":"1419843436412772"}],"query_text":"frozen cast"}},{"query":{"id":[{"timestamp_usec":"1419843274136484"}],"query_text":"okay Google search for frozen"}},{"query":{"id":[{"timestamp_usec":"1419811854792000"}],"query_text":"my little pony story"}},{"query":{"id":[{"timestamp_usec":"1419811099876000"}],"query_text":"netflix"}},{"query":{"id":[{"timestamp_usec":"1419811094675000"}],"query_text":"can you escape"}},{"query":{"id":[{"timestamp_usec":"1419755906686000"}],"query_text":"can you escape"}},{"query":{"id":[{"timestamp_usec":"1419753824335000"}],"query_text":"can you escape"}},{"query":{"id":[{"timestamp_usec":"1419743225804000"}],"query_text":"netflix"}},{"query":{"id":[{"timestamp_usec":"1419731537635000"}],"query_text":"my little pony story"}},{"query":{"id":[{"timestamp_usec":"1419731409555000"}],"query_text":"my little pony"}},{"query":{"id":[{"timestamp_usec":"1419721056583000"}],"query_text":"story games 4 girls"}},{"query":{"id":[{"timestamp_usec":"1419720854776000"}],"query_text":"story games"}},{"query":{"id":[{"timestamp_usec":"1419717860984000"}],"query_text":"frozen baby care"}},{"query":{"id":[{"timestamp_usec":"1419717845511000"}],"query_text":"frozen games"}},{"query":{"id":[{"timestamp_usec":"1419707155703000"}],"query_text":"frozen games"}},{"query":{"id":[{"timestamp_usec":"1419667898184000"}],"query_text":"funny ways to die free"}},{"query":{"id":[{"timestamp_usec":"1419666635078000"}],"query_text":"frozen coloring frozen coloring"}},{"query":{"id":[{"timestamp_usec":"1419666619425000"}],"query_text":"frozen"}},{"query":{"id":[{"timestamp_usec":"1419662174321000"}],"query_text":"story games"}},{"query":{"id":[{"timestamp_usec":"1419658705650000"}],"query_text":"story games"}},{"query":{"id":[{"timestamp_usec":"1419657142997000"}],"query_text":"frozen"}},{"query":{"id":[{"timestamp_usec":"1419650251944000"}],"query_text":"frozen"}},{"query":{"id":[{"timestamp_usec":"1419650236391000"}],"query_text":"tornado game"}},{"query":{"id":[{"timestamp_usec":"1419647024229000"}],"query_text":"tune in radio"}},{"query":{"id":[{"timestamp_usec":"1419639308598000"}],"query_text":"dollygals"}},{"query":{"id":[{"timestamp_usec":"1419638516300435"}],"query_text":"vine"}},{"query":{"id":[{"timestamp_usec":"1419637630893711"}],"query_text":"manny fresh stay fly"}},{"query":{"id":[{"timestamp_usec":"1419635796318232"}],"query_text":"vine"}},{"query":{"id":[{"timestamp_usec":"1419633236772000"}],"query_text":"frozen"}},{"query":{"id":[{"timestamp_usec":"1419571108444835"}],"query_text":"lakers"}},{"query":{"id":[{"timestamp_usec":"1419550231491206"}],"query_text":"3604 pill with red specks"}},{"query":{"id":[{"timestamp_usec":"1419532422640190"}],"query_text":"dolce and gabbana girl perfume light blue"}},{"query":{"id":[{"timestamp_usec":"1419478118638652"}],"query_text":"pizza hut"}},{"query":{"id":[{"timestamp_usec":"1419467175281339"}],"query_text":"pecos and desert inn"}},{"query":{"id":[{"timestamp_usec":"1419463323277590"}],"query_text":"pizza hut"}},{"query":{"id":[{"timestamp_usec":"1419428124220000"}],"query_text":"media clip"}},{"query":{"id":[{"timestamp_usec":"1419384999735292"}],"query_text":"Michaels"}},{"query":{"id":[{"timestamp_usec":"1419384460324103"}],"query_text":"jock shop las vegas"}},{"query":{"id":[{"timestamp_usec":"1419375953239499"}],"query_text":"a pet store on Eastern and serene"}},{"query":{"id":[{"timestamp_usec":"1419371099116692"}],"query_text":"Walmart rainbow and 215"}},{"query":{"id":[{"timestamp_usec":"1419315367466756"}],"query_text":"canpn powershot elph 115 is 10x"}},{"query":{"id":[{"timestamp_usec":"1419314201652000"}],"query_text":"flash light"}},{"query":{"id":[{"timestamp_usec":"1419240593326399","type":"IMAGE_QUERY","tbm":"isch"}],"query_text":"24v battery"}},{"query":{"id":[{"timestamp_usec":"1419189058271205","type":"IMAGE_QUERY","tbm":"isch"},{"timestamp_usec":"1419189133923499","type":"IMAGE_QUERY","tbm":"isch"}],"query_text":"canon powershot 115 is box"}},{"query":{"id":[{"timestamp_usec":"1419122202880671","type":"IMAGE_QUERY","tbm":"isch"},{"timestamp_usec":"1419122261097902","type":"IMAGE_QUERY","tbm":"isch"}],"query_text":"2000 ford expedition battery fuse"}},{"query":{"id":[{"timestamp_usec":"1419122146949531","type":"IMAGE_QUERY","tbm":"isch"}],"query_text":"2000 ford expedition generator voltage regulator fuse"}},{"query":{"id":[{"timestamp_usec":"1419054497662712"}],"query_text":"pizza hut windmill"}},{"query":{"id":[{"timestamp_usec":"1419054497222015"}],"query_text":"pizza hut"}},{"query":{"id":[{"timestamp_usec":"1419054496932150"}],"query_text":"workout bench"}},{"query":{"id":[{"timestamp_usec":"1419052922095492","type":"PRODUCT_QUERY","tbm":"shop"}],"query_text":"gold's gym xrs 20 olympic workout bench"}},{"query":{"id":[{"timestamp_usec":"1419048964197226","type":"PRODUCT_QUERY","tbm":"shop"}],"query_text":"gold's gym xrs 20 olympic workout bench"}},{"query":{"id":[{"timestamp_usec":"1419048826267119","type":"PRODUCT_QUERY","tbm":"shop"},{"timestamp_usec":"1419048559617142"}],"query_text":"workout bench"}},{"query":{"id":[{"timestamp_usec":"1419035627105222","type":"IMAGE_QUERY","tbm":"isch"}],"query_text":"how to use voltmeter"}},{"query":{"id":[{"timestamp_usec":"1419030379250781"}],"query_text":"pizza hut"}},{"query":{"id":[{"timestamp_usec":"1419030336878790"}],"query_text":"pizza hut windmill"}},{"query":{"id":[{"timestamp_usec":"1419019807691002"}],"query_text":"opportunity village"}},{"query":{"id":[{"timestamp_usec":"1418973198306519"}],"query_text":"a 4th generation ipod case"}},{"query":{"id":[{"timestamp_usec":"1418972898295206"}],"query_text":"weather"}},{"query":{"id":[{"timestamp_usec":"1418932671361836"}],"query_text":"a 4th generation iPod case"}},{"query":{"id":[{"timestamp_usec":"1418932595372331"}],"query_text":"health of southern nevada"}},{"query":{"id":[{"timestamp_usec":"1418928466201296"}],"query_text":"health of southern nevada"}},{"query":{"id":[{"timestamp_usec":"1418866906798764"}],"query_text":"town square las vegas"}},{"query":{"id":[{"timestamp_usec":"1418866868273732"}],"query_text":"2650 n.tenaya way #301 lv nv 89128"}},{"query":{"id":[{"timestamp_usec":"1418837462260960"}],"query_text":"(Current Location) -> 2650 N Tenaya Way #301, Las Vegas, NV 89128"}},{"query":{"id":[{"timestamp_usec":"1418834810453768"}],"query_text":"2650 n.tenaya way #301 lv nv 89128"}},{"query":{"id":[{"timestamp_usec":"1418757102633709","type":"IMAGE_QUERY","tbm":"isch"},{"timestamp_usec":"1418757151647467","type":"IMAGE_QUERY","tbm":"isch"}],"query_text":"g3722 pill"}},{"query":{"id":[{"timestamp_usec":"1418754894617067"}],"query_text":"valley wide property management"}},{"query":{"id":[{"timestamp_usec":"1418682017879456"}],"query_text":"Ethel M Chocolates Henderson, NV"}},{"query":{"id":[{"timestamp_usec":"1418682008326477"}],"query_text":"chocolate factory henderson"}},{"query":{"id":[{"timestamp_usec":"1418681940406398","type":"PRODUCT_QUERY","tbm":"shop"}],"query_text":"Rapunzel dolls"}},{"query":{"id":[{"timestamp_usec":"1418681934476375","type":"PRODUCT_QUERY","tbm":"shop"}],"query_text":"rapunzel plush doll"}},{"query":{"id":[{"timestamp_usec":"1418673019038982","type":"PRODUCT_QUERY","tbm":"shop"},{"timestamp_usec":"1418673161050039","type":"PRODUCT_QUERY","tbm":"shop"}],"query_text":"rapunzel plush doll"}},{"query":{"id":[{"timestamp_usec":"1418672959380957","type":"PRODUCT_QUERY","tbm":"shop"},{"timestamp_usec":"1418672940313131"}],"query_text":"Rapunzel dolls"}},{"query":{"id":[{"timestamp_usec":"1418672925195198"}],"query_text":"free porn tube"}},{"query":{"id":[{"timestamp_usec":"1418662835963417","type":"PRODUCT_QUERY","tbm":"shop"},{"timestamp_usec":"1418662828997909","type":"VIDEO_QUERY","tbm":"vid"},{"timestamp_usec":"1418662711034861"}],"query_text":"la dodger wallet"}},{"query":{"id":[{"timestamp_usec":"1418661477708522"}],"query_text":"la dodgers letterman jacket"}},{"query":{"id":[{"timestamp_usec":"1418661471784442"}],"query_text":"la dodgers all blue varsity jacket"}},{"query":{"id":[{"timestamp_usec":"1418534874904505","type":"PRODUCT_QUERY","tbm":"shop"}],"query_text":"la dodgers varsity jacket"}},{"query":{"id":[{"timestamp_usec":"1418534864493061","type":"PRODUCT_QUERY","tbm":"shop"}],"query_text":"exo la dodgers varsity jacket"}},{"query":{"id":[{"timestamp_usec":"1418534859720564","type":"PRODUCT_QUERY","tbm":"shop"}],"query_text":"la dodgers varsity jacket"}},{"query":{"id":[{"timestamp_usec":"1418534843541597","type":"PRODUCT_QUERY","tbm":"shop"},{"timestamp_usec":"1418534834399053"}],"query_text":"la dodgers all blue varsity jacket"}},{"query":{"id":[{"timestamp_usec":"1418534819444920"}],"query_text":"la dodgers varsity jacket"}},{"query":{"id":[{"timestamp_usec":"1418534787221532","type":"PRODUCT_QUERY","tbm":"shop"},{"timestamp_usec":"1418534771879598"}],"query_text":"la dodgers letterman jacket"}},{"query":{"id":[{"timestamp_usec":"1418531902280558","type":"IMAGE_QUERY","tbm":"isch"}],"query_text":"benjamin wheeler puddle pic"}},{"query":{"id":[{"timestamp_usec":"1418506626815145"}],"query_text":"walmart on patrick and eastern phone number"}},{"query":{"id":[{"timestamp_usec":"1418506510710680"}],"query_text":"walmart on patrick and eastern"}},{"query":{"id":[{"timestamp_usec":"1418506301797632"}],"query_text":"walmart"}},{"query":{"id":[{"timestamp_usec":"1418499573295233"}],"query_text":"christmas activities in las vegas"}},{"query":{"id":[{"timestamp_usec":"1418498988707068"}],"query_text":"fashion show mall christmas events"}},{"query":{"id":[{"timestamp_usec":"1418498925019894"}],"query_text":"fashion show mall"}},{"query":{"id":[{"timestamp_usec":"1418442012734048"}],"query_text":"walmart ps vita borderlands"}},{"query":{"id":[{"timestamp_usec":"1418439006837872"}],"query_text":"pizza hut windmill"}},{"query":{"id":[{"timestamp_usec":"1418438981395667"}],"query_text":"metro pcs"}},{"query":{"id":[{"timestamp_usec":"1418438362114908"}],"query_text":"domino's pizza"}},{"query":{"id":[{"timestamp_usec":"1418438351845981"}],"query_text":"metro pcs"}},{"query":{"id":[{"timestamp_usec":"1418430190496869"}],"query_text":"metro pcs"}},{"query":{"id":[{"timestamp_usec":"1418410019900839"}],"query_text":"weather"}},{"query":{"id":[{"timestamp_usec":"1418317055533876"}],"query_text":"bone and spine"}},{"query":{"id":[{"timestamp_usec":"1418248866158796"}],"query_text":"infinite campus"}},{"query":{"id":[{"timestamp_usec":"1417964373648252","type":"IMAGE_QUERY","tbm":"isch"}],"query_text":"fashion police candid"}},{"query":{"id":[{"timestamp_usec":"1417837114855256"}],"query_text":"pizza hut"}},{"query":{"id":[{"timestamp_usec":"1417836852691790"}],"query_text":"pizza hut windmill"}},{"query":{"id":[{"timestamp_usec":"1417836561821561"}],"query_text":"key insurance company naic#12966"}},{"query":{"id":[{"timestamp_usec":"1417818835571630"}],"query_text":"key insurance company naic#12966"}},{"query":{"id":[{"timestamp_usec":"1417721080210838"}],"query_text":"beatty elementary school las vegas"}},{"query":{"id":[{"timestamp_usec":"1417629103570774","type":"IMAGE_QUERY","tbm":"isch"}],"query_text":"chicken pox pictures"}},{"query":{"id":[{"timestamp_usec":"1417578518348032","type":"IMAGE_QUERY","tbm":"isch"}],"query_text":"chicken pox pictures"}},{"query":{"id":[{"timestamp_usec":"1417577243561337"}],"query_text":"taxi cab"}},{"query":{"id":[{"timestamp_usec":"1417570559676243","type":"IMAGE_QUERY","tbm":"isch"}],"query_text":"chicken pox pictures"}},{"query":{"id":[{"timestamp_usec":"1417504765917549"}],"query_text":"qvc the joy of toys"}},{"query":{"id":[{"timestamp_usec":"1417504610220394"}],"query_text":"cyber monday sales"}},{"query":{"id":[{"timestamp_usec":"1417504418905072"}],"query_text":"walmart"}},{"query":{"id":[{"timestamp_usec":"1417490215554775"}],"query_text":"walmart"}},{"query":{"id":[{"timestamp_usec":"1417467319868933"}],"query_text":"valley wide property management"}},{"query":{"id":[{"timestamp_usec":"1417360491385590"}],"query_text":"metro pcs"}},{"query":{"id":[{"timestamp_usec":"1417315621425571"}],"query_text":"pizza hut windmill"}},{"query":{"id":[{"timestamp_usec":"1417314723289560"}],"query_text":"big lots"}},{"query":{"id":[{"timestamp_usec":"1417314432585350"}],"query_text":"domino's pizza"}},{"query":{"id":[{"timestamp_usec":"1417308088071709"}],"query_text":"nore"}},{"query":{"id":[{"timestamp_usec":"1417304049845161"}],"query_text":"gamestop"}},{"query":{"id":[{"timestamp_usec":"1417297981785865"}],"query_text":"big lots"}},{"query":{"id":[{"timestamp_usec":"1417207175115462"}],"query_text":"target"}},{"query":{"id":[{"timestamp_usec":"1417199558899505"}],"query_text":"target black friday"}},{"query":{"id":[{"timestamp_usec":"1417195807861840"}],"query_text":"walmart"}},{"query":{"id":[{"timestamp_usec":"1417103486487463"}],"query_text":"(Current Location) -> Walgreens Store Las Vegas"}},{"query":{"id":[{"timestamp_usec":"1417103460660953"}],"query_text":"walgreens pharmacy"}},{"query":{"id":[{"timestamp_usec":"1416978047054774"}],"query_text":"Taylor Swift shake it off"}},{"query":{"id":[{"timestamp_usec":"1416969693816077","type":"IMAGE_QUERY","tbm":"isch"}],"query_text":"candid spandex cameltoe"}},{"query":{"id":[{"timestamp_usec":"1416965708113811","type":"IMAGE_QUERY","tbm":"isch"},{"timestamp_usec":"1416966070097249","type":"IMAGE_QUERY","tbm":"isch"},{"timestamp_usec":"1416966247297763","type":"IMAGE_QUERY","tbm":"isch"}],"query_text":"candid ass"}},{"query":{"id":[{"timestamp_usec":"1416965468153585","type":"IMAGE_QUERY","tbm":"isch"},{"timestamp_usec":"1416965555227546","type":"IMAGE_QUERY","tbm":"isch"}],"query_text":"creepshots"}},{"query":{"id":[{"timestamp_usec":"1416965289260559","type":"IMAGE_QUERY","tbm":"isch"}],"query_text":"creepshots imgur"}},{"query":{"id":[{"timestamp_usec":"1416964357161851","type":"IMAGE_QUERY","tbm":"isch"},{"timestamp_usec":"1416964574967686","type":"IMAGE_QUERY","tbm":"isch"},{"timestamp_usec":"1416964708128693","type":"IMAGE_QUERY","tbm":"isch"},{"timestamp_usec":"1416964904756007","type":"IMAGE_QUERY","tbm":"isch"}],"query_text":"creepshot"}},{"query":{"id":[{"timestamp_usec":"1416798488652873","type":"IMAGE_QUERY","tbm":"isch"},{"timestamp_usec":"1416798492399476","type":"IMAGE_QUERY","tbm":"isch"}],"query_text":"baby cortez shoes"}},{"query":{"id":[{"timestamp_usec":"1416795575345444"}],"query_text":"pizza hut windmill"}},{"query":{"id":[{"timestamp_usec":"1416795559764557"}],"query_text":"red box"}},{"query":{"id":[{"timestamp_usec":"1416783049594796"}],"query_text":"red box"}},{"query":{"id":[{"timestamp_usec":"1416783039231539"}],"query_text":"pizza hut windmill"}},{"query":{"id":[{"timestamp_usec":"1416710707897409"}],"query_text":"pizza hut windmill"}},{"query":{"id":[{"timestamp_usec":"1416706129940678","type":"PRODUCT_QUERY","tbm":"shop"}],"query_text":"tonka chuck and friends set"}},{"query":{"id":[{"timestamp_usec":"1416704799302772"}],"query_text":"london zombie attack 1599"}},{"query":{"id":[{"timestamp_usec":"1416606530293690"}],"query_text":"bank of America"}},{"query":{"id":[{"timestamp_usec":"1416583585406507"}],"query_text":"weather"}},{"query":{"id":[{"timestamp_usec":"1416583574442685"}],"query_text":"red box"}},{"query":{"id":[{"timestamp_usec":"1416554787365702","type":"IMAGE_QUERY","tbm":"isch"}],"query_text":"andrew lanza adam lanza"}},{"query":{"id":[{"timestamp_usec":"1416546521769460","type":"IMAGE_QUERY","tbm":"isch"},{"timestamp_usec":"1416546704061574","type":"IMAGE_QUERY","tbm":"isch"},{"timestamp_usec":"1416546816643243","type":"IMAGE_QUERY","tbm":"isch"}],"query_text":"bible belt"}},{"query":{"id":[{"timestamp_usec":"1416539626589980"}],"query_text":"red box"}},{"query":{"id":[{"timestamp_usec":"1416421321726104"}],"query_text":"mickey mouse song"}},{"query":{"id":[{"timestamp_usec":"1416420356401575"}],"query_text":"smiths pharmacy on silverado ranch"}},{"query":{"id":[{"timestamp_usec":"1416417781227570"}],"query_text":"(Current Location) -> 9050 W Cheyenne Ave, Las Vegas, NV 89129"}},{"query":{"id":[{"timestamp_usec":"1416417763973284"}],"query_text":"9050 w Cheyenne ave las Vegas nv 89129"}},{"query":{"id":[{"timestamp_usec":"1416413995757825"}],"query_text":"children bone and spine Cheyenne"}},{"query":{"id":[{"timestamp_usec":"1416413982090186"}],"query_text":"children bone and spine"}},{"query":{"id":[{"timestamp_usec":"1416413765594961"}],"query_text":"(Current Location) -> Silverado Ranch Plaza, Paradise, NV"}},{"query":{"id":[{"timestamp_usec":"1416411676739623"}],"query_text":"weather"}},{"query":{"id":[{"timestamp_usec":"1416358412921870"}],"query_text":"red box"}},{"query":{"id":[{"timestamp_usec":"1416345296491345"}],"query_text":"children bone and spine"}},{"query":{"id":[{"timestamp_usec":"1416326736955628"}],"query_text":"red box"}},{"query":{"id":[{"timestamp_usec":"1416263423772929"}],"query_text":"#spacer"}},{"query":{"id":[{"timestamp_usec":"1416155491685894","type":"IMAGE_QUERY","tbm":"isch"}],"query_text":"creepshots"}},{"query":{"id":[{"timestamp_usec":"1416104387083444"}],"query_text":"papa johns eastern and serene"}},{"query":{"id":[{"timestamp_usec":"1416102677361649"}],"query_text":"enrique iglesias loco"}},{"query":{"id":[{"timestamp_usec":"1416075972419475","type":"IMAGE_QUERY","tbm":"isch"}],"query_text":"creepshots"}},{"query":{"id":[{"timestamp_usec":"1416017332153999"}],"query_text":"(Current Location) -> 1212 E Warm Springs Rd, Las Vegas, NV 89119"}},{"query":{"id":[{"timestamp_usec":"1416016686190492"}],"query_text":"1212 east warm springs road"}},{"query":{"id":[{"timestamp_usec":"1415999576560464"}],"query_text":"smith's grocery windmill eastern"}},{"query":{"id":[{"timestamp_usec":"1415999415160561"}],"query_text":"smiths grocery"}},{"query":{"id":[{"timestamp_usec":"1415861958581181","type":"IMAGE_QUERY","tbm":"isch"}],"query_text":"pill 230 p"}},{"query":{"id":[{"timestamp_usec":"1415861549373130"}],"query_text":"why does my 12 month old red cheeks"}},{"query":{"id":[{"timestamp_usec":"1415849957248605","type":"IMAGE_QUERY","tbm":"isch"},{"timestamp_usec":"1415849963488899","type":"IMAGE_QUERY","tbm":"isch"}],"query_text":"pill 230 p"}},{"query":{"id":[{"timestamp_usec":"1415831561624969"}],"query_text":"weather"}},{"query":{"id":[{"timestamp_usec":"1415806382030608"}],"query_text":"(Current Location) -> The Smith Center"}},{"query":{"id":[{"timestamp_usec":"1415806367415390"}],"query_text":"smith center las vegas"}},{"query":{"id":[{"timestamp_usec":"1415678068625066"}],"query_text":"red box"}},{"query":{"id":[{"timestamp_usec":"1415673894246394"}],"query_text":"southwest medical"}},{"query":{"id":[{"timestamp_usec":"1415651179348689","type":"VIDEO_QUERY","tbm":"vid"},{"timestamp_usec":"1415651174058592"}],"query_text":"mickey mouse"}},{"query":{"id":[{"timestamp_usec":"1415651163003219"}],"query_text":"weather"}},{"query":{"id":[{"timestamp_usec":"1415640348193899"}],"query_text":"weather"}},{"query":{"id":[{"timestamp_usec":"1415640338397559"}],"query_text":"is welfare open tomorrow"}},{"query":{"id":[{"timestamp_usec":"1415620885728219"}],"query_text":"nevada power"}},{"query":{"id":[{"timestamp_usec":"1415620875626455"}],"query_text":"is welfare open tomorrow"}},{"query":{"id":[{"timestamp_usec":"1415620829785047"}],"query_text":"welfare office hours"}},{"query":{"id":[{"timestamp_usec":"1415620117956462"}],"query_text":"is welfare open tomorrow"}},{"query":{"id":[{"timestamp_usec":"1415594743631934","type":"IMAGE_QUERY","tbm":"isch"}],"query_text":"p0116 audi a6"}},{"query":{"id":[{"timestamp_usec":"1415579871757426","type":"IMAGE_QUERY","tbm":"isch"},{"timestamp_usec":"1415579959757359","type":"IMAGE_QUERY","tbm":"isch"}],"query_text":"p0116 audi a6"}},{"query":{"id":[{"timestamp_usec":"1415579552582859","type":"IMAGE_QUERY","tbm":"isch"}],"query_text":"p0116 audi a8"}},{"query":{"id":[{"timestamp_usec":"1415579246723500","type":"IMAGE_QUERY","tbm":"isch"},{"timestamp_usec":"1415579359586125","type":"IMAGE_QUERY","tbm":"isch"},{"timestamp_usec":"1415579429013540","type":"IMAGE_QUERY","tbm":"isch"},{"timestamp_usec":"1415579444381557","type":"IMAGE_QUERY","tbm":"isch"},{"timestamp_usec":"1415579500287424","type":"IMAGE_QUERY","tbm":"isch"}],"query_text":"p0116 audi"}},{"query":{"id":[{"timestamp_usec":"1415511058465205"}],"query_text":"nevada power"}},{"query":{"id":[{"timestamp_usec":"1415507430807495"}],"query_text":"nevada power"}},{"query":{"id":[{"timestamp_usec":"1415487981394802"}],"query_text":"red box"}},{"query":{"id":[{"timestamp_usec":"1415472733772679"}],"query_text":"nevada power"}},{"query":{"id":[{"timestamp_usec":"1415445453735961","type":"IMAGE_QUERY","tbm":"isch"}],"query_text":"ebola hoax 2014"}},{"query":{"id":[{"timestamp_usec":"1415396371380088"}],"query_text":"red box"}},{"query":{"id":[{"timestamp_usec":"1415377020503770"}],"query_text":"hot dog song"}},{"query":{"id":[{"timestamp_usec":"1415376798930710"}],"query_text":"blue clues theme song"}},{"query":{"id":[{"timestamp_usec":"1415376674363419"}],"query_text":"hot dog song"}},{"query":{"id":[{"timestamp_usec":"1415342628744910"}],"query_text":"red box"}},{"query":{"id":[{"timestamp_usec":"1415242316800816"}],"query_text":"pizza hut"}},{"query":{"id":[{"timestamp_usec":"1415242171144635"}],"query_text":"how do you use coffee gains to kill bugs"}},{"query":{"id":[{"timestamp_usec":"1415238902851542","type":"IMAGE_QUERY","tbm":"isch"},{"timestamp_usec":"1415238959787938","type":"IMAGE_QUERY","tbm":"isch"},{"timestamp_usec":"1415239073523400","type":"IMAGE_QUERY","tbm":"isch"},{"timestamp_usec":"1415239151496794","type":"IMAGE_QUERY","tbm":"isch"}],"query_text":"todd standing"}},{"query":{"id":[{"timestamp_usec":"1415233716568548"}],"query_text":"pizza hut"}},{"query":{"id":[{"timestamp_usec":"1415202619545202"}],"query_text":"lenscrafters"}},{"query":{"id":[{"timestamp_usec":"1415162920248263"}],"query_text":"key insurance company naic#12966"}},{"query":{"id":[{"timestamp_usec":"1415162911177482"}],"query_text":"red box"}},{"query":{"id":[{"timestamp_usec":"1415157064667697"}],"query_text":"red box"}},{"query":{"id":[{"timestamp_usec":"1415157043897161"}],"query_text":"key insurance company naic#12966"}},{"query":{"id":[{"timestamp_usec":"1415131280450870"}],"query_text":"key insurance company naic#12966"}},{"query":{"id":[{"timestamp_usec":"1415057775496659","type":"IMAGE_QUERY","tbm":"isch"}],"query_text":"girlsinyogapant"}},{"query":{"id":[{"timestamp_usec":"1415057690780464","type":"IMAGE_QUERY","tbm":"isch"}],"query_text":"girlsinyogapants"}},{"query":{"id":[{"timestamp_usec":"1415046634136304"}],"query_text":"how"}},{"query":{"id":[{"timestamp_usec":"1415046289214775"}],"query_text":"how many pounds do u have to be for a booster seat"}},{"query":{"id":[{"timestamp_usec":"1415046259505845"}],"query_text":"how"}},{"query":{"id":[{"timestamp_usec":"1414962675848324"}],"query_text":"mickey mouse 1st birthday party"}},{"query":{"id":[{"timestamp_usec":"1414962585899583"}],"query_text":"baby mickey mouse 1st birthday party ideas"}},{"query":{"id":[{"timestamp_usec":"1414962556695922"}],"query_text":"mickey mouse 1st birthday party"}},{"query":{"id":[{"timestamp_usec":"1414897574433808"}],"query_text":"mickey mouse 1st birthday party"}},{"query":{"id":[{"timestamp_usec":"1414878862633233"}],"query_text":"1st birthday mickey mouse food ideas"}},{"query":{"id":[{"timestamp_usec":"1414874836848463"}],"query_text":"1st birthday mickey mouse food ideas"}},{"query":{"id":[{"timestamp_usec":"1414800260003333","type":"IMAGE_QUERY","tbm":"isch"}],"query_text":"jordan belfort"}},{"query":{"id":[{"timestamp_usec":"1414793668583947"}],"query_text":"frozen elsa dress"}},{"query":{"id":[{"timestamp_usec":"1414736598658089","type":"IMAGE_QUERY","tbm":"isch"}],"query_text":"nevada 13 gang"}},{"query":{"id":[{"timestamp_usec":"1414627444220260"}],"query_text":"target wagons"}},{"query":{"id":[{"timestamp_usec":"1414551366145520","type":"IMAGE_QUERY","tbm":"isch"}],"query_text":"lower back pain stretch"}},{"query":{"id":[{"timestamp_usec":"1414547163893096"}],"query_text":"Jonas Salk"}},{"query":{"id":[{"timestamp_usec":"1414547120835851"}],"query_text":"wagons"}},{"query":{"id":[{"timestamp_usec":"1414546939072790"}],"query_text":"wagons at target"}},{"query":{"id":[{"timestamp_usec":"1414546899042596"}],"query_text":"wagons"}},{"query":{"id":[{"timestamp_usec":"1414546240050148","type":"IMAGE_QUERY","tbm":"isch"}],"query_text":"wagon wheel kids"}},{"query":{"id":[{"timestamp_usec":"1414473432502325"}],"query_text":"50 percent off mickey mouse 1st birthday decorations"}},{"query":{"id":[{"timestamp_usec":"1414473126123731"}],"query_text":"mickey mouse 1st birthday decorations"}},{"query":{"id":[{"timestamp_usec":"1414472352270478","type":"IMAGE_QUERY","tbm":"isch"}],"query_text":"mickey mouse 1st birthday cake"}},{"query":{"id":[{"timestamp_usec":"1414449429636347","type":"IMAGE_QUERY","tbm":"isch"},{"timestamp_usec":"1414449422913212"}],"query_text":"mickey mouse 1st birthday cake"}},{"query":{"id":[{"timestamp_usec":"1414236568531761"}],"query_text":"taxi cab"}},{"query":{"id":[{"timestamp_usec":"1414190398889645"}],"query_text":"weather"}},{"query":{"id":[{"timestamp_usec":"1414186347562451","type":"IMAGE_QUERY","tbm":"isch"},{"timestamp_usec":"1414186343684782"}],"query_text":"mickey mouse 1st birthday cake"}},{"query":{"id":[{"timestamp_usec":"1414184889795156"}],"query_text":"children bone and spine"}},{"query":{"id":[{"timestamp_usec":"1414184014197862"}],"query_text":"children's bone and spine"}},{"query":{"id":[{"timestamp_usec":"1414183942827260"}],"query_text":"weather"}},{"query":{"id":[{"timestamp_usec":"1414085748052553"}],"query_text":"weather"}},{"query":{"id":[{"timestamp_usec":"1414084705525941"}],"query_text":"southwest medical do they close"}},{"query":{"id":[{"timestamp_usec":"1414084705419165"}],"query_text":"southwest medical"}},{"query":{"id":[{"timestamp_usec":"1414084704578302"}],"query_text":"southwest medical radiology"}},{"query":{"id":[{"timestamp_usec":"1414084703667408"}],"query_text":"southwest medical do they close"}},{"query":{"id":[{"timestamp_usec":"1414084700890495"}],"query_text":"pizza hut windmill"}},{"query":{"id":[{"timestamp_usec":"1414029388635484"}],"query_text":"pizza hut windmill"}},{"query":{"id":[{"timestamp_usec":"1414029375319086"}],"query_text":"southwest medical do they close"}},{"query":{"id":[{"timestamp_usec":"1414029374787914"}],"query_text":"pizza hut windmill"}},{"query":{"id":[{"timestamp_usec":"1414029294486415"}],"query_text":"papa johns eastern and serene"}},{"query":{"id":[{"timestamp_usec":"1414028837833322"}],"query_text":"pizza hut windmill"}},{"query":{"id":[{"timestamp_usec":"1414023521492320"}],"query_text":"southwest medical do they close"}},{"query":{"id":[{"timestamp_usec":"1414023484932435"}],"query_text":"southwest medical radiology"}},{"query":{"id":[{"timestamp_usec":"1414021831324842"}],"query_text":"southwest medical"}},{"query":{"id":[{"timestamp_usec":"1413923553913651"}],"query_text":"baked cake"}},{"query":{"id":[{"timestamp_usec":"1413923553158293"}],"query_text":"baked on Maryland pkwy"}},{"query":{"id":[{"timestamp_usec":"1413923552464956"}],"query_text":"baked on Maryland pkwy and Silverado"}},{"query":{"id":[{"timestamp_usec":"1413923531406633"}],"query_text":"caked on Maryland pkwy and Silverado"}},{"query":{"id":[{"timestamp_usec":"1413851287077265"}],"query_text":"caked on Maryland pkwy and Silverado"}},{"query":{"id":[{"timestamp_usec":"1413835934205756"}],"query_text":"caked on Maryland pkwy and Silverado"}},{"query":{"id":[{"timestamp_usec":"1413835914886571"}],"query_text":"baked on Maryland pkwy and Silverado"}},{"query":{"id":[{"timestamp_usec":"1413835872362909"}],"query_text":"baked on Maryland pkwy"}},{"query":{"id":[{"timestamp_usec":"1413835809633850"}],"query_text":"baked cake"}},{"query":{"id":[{"timestamp_usec":"1413602848411785"}],"query_text":"pizza hut windmill"}},{"query":{"id":[{"timestamp_usec":"1413602770327189"}],"query_text":"pizza hut"}},{"query":{"id":[{"timestamp_usec":"1413566600514462"}],"query_text":"frozen elsa shoes"}},{"query":{"id":[{"timestamp_usec":"1413436276587566","type":"IMAGE_QUERY","tbm":"isch"},{"timestamp_usec":"1413436011283416","type":"IMAGE_QUERY","tbm":"isch"},{"timestamp_usec":"1413436011128561","type":"PRODUCT_QUERY","tbm":"shop"},{"timestamp_usec":"1413435722994422"}],"query_text":"trick or treat bag of a skunk"}},{"query":{"id":[{"timestamp_usec":"1413435683267403","type":"IMAGE_QUERY","tbm":"isch"}],"query_text":"mtrick or treat bag"}},{"query":{"id":[{"timestamp_usec":"1413435659094391","type":"IMAGE_QUERY","tbm":"isch"}],"query_text":"mickey mouse trick or treat bag"}},{"query":{"id":[{"timestamp_usec":"1413435602421919","type":"IMAGE_QUERY","tbm":"isch"},{"timestamp_usec":"1413435648084716","type":"IMAGE_QUERY","tbm":"isch"}],"query_text":"skunk trick or treat bag"}},{"query":{"id":[{"timestamp_usec":"1413435535853665","type":"IMAGE_QUERY","tbm":"isch"},{"timestamp_usec":"1413435504087960","type":"PRODUCT_QUERY","tbm":"shop"},{"timestamp_usec":"1413435485552495"}],"query_text":"mickey mouse trick or treat bag"}},{"query":{"id":[{"timestamp_usec":"1413435389285699"}],"query_text":"mickey mouse varsity jacket toddler"}},{"query":{"id":[{"timestamp_usec":"1413419722352853"}],"query_text":"mickey mouse varsity jacket toddler"}},{"query":{"id":[{"timestamp_usec":"1413328523569985","type":"PRODUCT_QUERY","tbm":"shop"},{"timestamp_usec":"1413328565239663","type":"IMAGE_QUERY","tbm":"isch"},{"timestamp_usec":"1413328655569764","type":"IMAGE_QUERY","tbm":"isch"}],"query_text":"Halloween bucket of a stunk"}},{"query":{"id":[{"timestamp_usec":"1413328416778631","type":"PRODUCT_QUERY","tbm":"shop"},{"timestamp_usec":"1413328492044347","type":"PRODUCT_QUERY","tbm":"shop"}],"query_text":"trick treat bucket of a stunk"}},{"query":{"id":[{"timestamp_usec":"1413328389422899","type":"PRODUCT_QUERY","tbm":"shop"},{"timestamp_usec":"1413328350982056"}],"query_text":"stunk trick treat bucket"}},{"query":{"id":[{"timestamp_usec":"1413328057354536","type":"IMAGE_QUERY","tbm":"isch"}],"query_text":"trick treat bucket of a stunk"}},{"query":{"id":[{"timestamp_usec":"1413328036058163","type":"IMAGE_QUERY","tbm":"isch"},{"timestamp_usec":"1413327699109697","type":"PRODUCT_QUERY","tbm":"shop"},{"timestamp_usec":"1413327458416804","type":"PRODUCT_QUERY","tbm":"shop"},{"timestamp_usec":"1413327412616621","type":"IMAGE_QUERY","tbm":"isch"},{"timestamp_usec":"1413327406813118"}],"query_text":"stunk trick treat bucket"}},{"query":{"id":[{"timestamp_usec":"1413257128193349"}],"query_text":"red high heels"}},{"query":{"id":[{"timestamp_usec":"1413256934222544","type":"PRODUCT_QUERY","tbm":"shop"}],"query_text":"red glitter high heels"}},{"query":{"id":[{"timestamp_usec":"1413256879805028","type":"PRODUCT_QUERY","tbm":"shop"},{"timestamp_usec":"1413256817668562"}],"query_text":"red high heels"}},{"query":{"id":[{"timestamp_usec":"1413163260953425","type":"IMAGE_QUERY","tbm":"isch"}],"query_text":"fingernail fungus"}},{"query":{"id":[{"timestamp_usec":"1413146819067448"}],"query_text":"Sunset Park Renaissance Fair how much are the tickets"}},{"query":{"id":[{"timestamp_usec":"1413140478765928"}],"query_text":"Sunset Park Renaissance Fair how much are the cheap tickets"}},{"query":{"id":[{"timestamp_usec":"1413140174947393"}],"query_text":"Sunset Park Renaissance Fair how much are the tickets"}},{"query":{"id":[{"timestamp_usec":"1413131699187168"}],"query_text":"weather"}},{"query":{"id":[{"timestamp_usec":"1413131697368003"}],"query_text":"sunset park las vegas"}},{"query":{"id":[{"timestamp_usec":"1413121672814413"}],"query_text":"renaissance festival-age of chivalry, sunset park, october 12"}},{"query":{"id":[{"timestamp_usec":"1413121656858920"}],"query_text":"sunset park las vegas"}},{"query":{"id":[{"timestamp_usec":"1413088363774237"}],"query_text":"weather"}},{"query":{"id":[{"timestamp_usec":"1413068123773708","type":"IMAGE_QUERY","tbm":"isch"}],"query_text":"obama boyfriend chandoo"}},{"query":{"id":[{"timestamp_usec":"1413063980167477","type":"IMAGE_QUERY","tbm":"isch"},{"timestamp_usec":"1413064031949565","type":"IMAGE_QUERY","tbm":"isch"}],"query_text":"obama boyfriend chandoo"}},{"query":{"id":[{"timestamp_usec":"1413056337188591","type":"IMAGE_QUERY","tbm":"isch"},{"timestamp_usec":"1413056397050196","type":"IMAGE_QUERY","tbm":"isch"},{"timestamp_usec":"1413056421600078","type":"IMAGE_QUERY","tbm":"isch"}],"query_text":"Michael l Robinson oregon state"}},{"query":{"id":[{"timestamp_usec":"1413056241387652","type":"IMAGE_QUERY","tbm":"isch"}],"query_text":"Michael l Robinson"}},{"query":{"id":[{"timestamp_usec":"1412957598846931","type":"IMAGE_QUERY","tbm":"isch"}],"query_text":"frozen shoes"}},{"query":{"id":[{"timestamp_usec":"1412927627685629","type":"NEWS_QUERY","tbm":"nws"},{"timestamp_usec":"1412927480184597","type":"NEWS_QUERY","tbm":"nws"},{"timestamp_usec":"1412927412333812","type":"IMAGE_QUERY","tbm":"isch"},{"timestamp_usec":"1412927383063778"}],"query_text":"frozen shoes"}},{"query":{"id":[{"timestamp_usec":"1412903964068211"}],"query_text":"mickey mouse 1st birthday cake"}},{"query":{"id":[{"timestamp_usec":"1412894937644431"}],"query_text":"bank of america on warm springs las vegas"}},{"query":{"id":[{"timestamp_usec":"1412814293945439","type":"IMAGE_QUERY","tbm":"isch"},{"timestamp_usec":"1412814285344988"}],"query_text":"mickey mouse 1st birthday cake"}},{"query":{"id":[{"timestamp_usec":"1412805488576389"}],"query_text":"mickey mouse 1st birthday cake"}},{"query":{"id":[{"timestamp_usec":"1412786564126364"}],"query_text":"(Current Location) -> 36.020362,-115.11293699999999"}},{"query":{"id":[{"timestamp_usec":"1412706098234473"}],"query_text":"bakery close by"}},{"query":{"id":[{"timestamp_usec":"1412706097428083"}],"query_text":"retro bakery"}},{"query":{"id":[{"timestamp_usec":"1412706097427034"}],"query_text":"mickey mouse 1st birthday cake"}},{"query":{"id":[{"timestamp_usec":"1412694743400084","type":"IMAGE_QUERY","tbm":"isch"},{"timestamp_usec":"1412694738652168"}],"query_text":"mickey mouse 1st birthday cake"}},{"query":{"id":[{"timestamp_usec":"1412694661949470"}],"query_text":"retro bakery"}},{"query":{"id":[{"timestamp_usec":"1412692094775501"}],"query_text":"bakery close by"}},{"query":{"id":[{"timestamp_usec":"1412691962842377"}],"query_text":"cake bakery on maryland and Silverado ranch"}},{"query":{"id":[{"timestamp_usec":"1412691915842323"}],"query_text":"bakery close by"}},{"query":{"id":[{"timestamp_usec":"1412691502611638"}],"query_text":"retro bakery"}},{"query":{"id":[{"timestamp_usec":"1412689167003715"}],"query_text":"what day was October 16 2011"}},{"query":{"id":[{"timestamp_usec":"1412689067779269"}],"query_text":"mickey mouse 1st birthday cake"}},{"query":{"id":[{"timestamp_usec":"1412689063471950","type":"IMAGE_QUERY","tbm":"isch"},{"timestamp_usec":"1412689062817271"}],"query_text":"movies"}},{"query":{"id":[{"timestamp_usec":"1412689061838543"}],"query_text":"the boxtrolls"}},{"query":{"id":[{"timestamp_usec":"1412663574528078","type":"IMAGE_QUERY","tbm":"isch"},{"timestamp_usec":"1412663379322221"}],"query_text":"the boxtrolls"}},{"query":{"id":[{"timestamp_usec":"1412663320597872"}],"query_text":"movies"}},{"query":{"id":[{"timestamp_usec":"1412663295898267","type":"IMAGE_QUERY","tbm":"isch"}],"query_text":"mickey mouse 1st birthday cake"}},{"query":{"id":[{"timestamp_usec":"1412620364641224","type":"IMAGE_QUERY","tbm":"isch"},{"timestamp_usec":"1412620358000534"}],"query_text":"mickey mouse 1st birthday cake"}},{"query":{"id":[{"timestamp_usec":"1412604152019562"}],"query_text":"weather"}},{"query":{"id":[{"timestamp_usec":"1412464278877890"}],"query_text":"the Renaissance Fair in Las Vegas Nevada"}},{"query":{"id":[{"timestamp_usec":"1412462820105120"}],"query_text":"springs preserve"}},{"query":{"id":[{"timestamp_usec":"1412351174658560"}],"query_text":"weather"}},{"query":{"id":[{"timestamp_usec":"1412351169215922"}],"query_text":"frk"}},{"query":{"id":[{"timestamp_usec":"1412351169069135"}],"query_text":"frozen on ice las vegas"}},{"query":{"id":[{"timestamp_usec":"1412351162761124"}],"query_text":"frozen on ice las vegas cheap tickets"}},{"query":{"id":[{"timestamp_usec":"1412350247203867"}],"query_text":"frozen on ice las vegas"}},{"query":{"id":[{"timestamp_usec":"1412350231319028"}],"query_text":"frk"}},{"query":{"id":[{"timestamp_usec":"1412349311950025"}],"query_text":"frozen on ice"}},{"query":{"id":[{"timestamp_usec":"1412349239835238"}],"query_text":"frk"}},{"query":{"id":[{"timestamp_usec":"1412294836203543"}],"query_text":"retro bakery"}},{"query":{"id":[{"timestamp_usec":"1412293587614915"}],"query_text":"Taylor Swift shake it off"}},{"query":{"id":[{"timestamp_usec":"1412293569932873"}],"query_text":"retro bakery"}},{"query":{"id":[{"timestamp_usec":"1412293552519465"}],"query_text":"mickey mouse 1st birthday cake"}},{"query":{"id":[{"timestamp_usec":"1412274513832116"}],"query_text":"mickey mouse 1st birthday cake"}},{"query":{"id":[{"timestamp_usec":"1412272927320290"}],"query_text":"(Current Location) -> Retro Bakery"}},{"query":{"id":[{"timestamp_usec":"1412272698212326"}],"query_text":"Retro Bakery -> (Current Location)"}},{"query":{"id":[{"timestamp_usec":"1412272673727299"}],"query_text":"(Current Location) -> Retro Bakery"}},{"query":{"id":[{"timestamp_usec":"1412272649553459"}],"query_text":"retro bakery"}},{"query":{"id":[{"timestamp_usec":"1412181553640212"}],"query_text":"track a package"}},{"query":{"id":[{"timestamp_usec":"1412175408904384","type":"IMAGE_QUERY","tbm":"isch"},{"timestamp_usec":"1412175402166763"}],"query_text":"where can buy tom arma stunk costume"}},{"query":{"id":[{"timestamp_usec":"1412123471176165"}],"query_text":"halloween express"}},{"query":{"id":[{"timestamp_usec":"1412123460989772"}],"query_text":"where can buy tom arma stunk costume"}},{"query":{"id":[{"timestamp_usec":"1412123460910544","type":"PRODUCT_QUERY","tbm":"shop"}],"query_text":"retro bakery"}}]}