{"event":[{"query":{"id":[{"timestamp_usec":"1430123688486375"}],"query_text":"The Bar at Bermuda & St Rose, 11624 Bermuda Road, Henderson, NV"}},{"query":{"id":[{"timestamp_usec":"1430120262607803","type":"IMAGE_QUERY","tbm":"isch"},{"timestamp_usec":"1430120179738026","type":"IMAGE_QUERY","tbm":"isch"},{"timestamp_usec":"1430119506609311","type":"IMAGE_QUERY","tbm":"isch"},{"timestamp_usec":"1430119480067555","type":"IMAGE_QUERY","tbm":"isch"},{"timestamp_usec":"1430119477213023"}],"query_text":"how do u draw a gun"}},{"query":{"id":[{"timestamp_usec":"1430080256868784"}],"query_text":"pizza hut"}},{"query":{"id":[{"timestamp_usec":"1430008369182375"}],"query_text":"ups store on maryland pkwy and silverado ranch"}},{"query":{"id":[{"timestamp_usec":"1429938659764654","type":"IMAGE_QUERY","tbm":"isch"},{"timestamp_usec":"1429938657441016"}],"query_text":"old english font drawing"}},{"query":{"id":[{"timestamp_usec":"1429935155104793","type":"IMAGE_QUERY","tbm":"isch"},{"timestamp_usec":"1429935151028093"}],"query_text":"old english font drawing"}},{"query":{"id":[{"timestamp_usec":"1429933790482835","type":"IMAGE_QUERY","tbm":"isch"},{"timestamp_usec":"1429933848940271","type":"IMAGE_QUERY","tbm":"isch"}],"query_text":"sad lonely girl drawing"}},{"query":{"id":[{"timestamp_usec":"1429895376746575"}],"query_text":"acne"}},{"query":{"id":[{"timestamp_usec":"1429894433496396"}],"query_text":"curtains"}},{"query":{"id":[{"timestamp_usec":"1429889172128599"}],"query_text":"does Smith's pharmacy open on silverado ranch"}},{"query":{"id":[{"timestamp_usec":"1429889156080564"}],"query_text":"does Smith's pharmacy open"}},{"query":{"id":[{"timestamp_usec":"1429886286913724"}],"query_text":"does Smith's pharmacy open"}},{"query":{"id":[{"timestamp_usec":"1429884015001510"}],"query_text":"st. rose pediatrics open"}},{"query":{"id":[{"timestamp_usec":"1429880130042534","type":"IMAGE_QUERY","tbm":"isch"}],"query_text":"how to draw old english alphabet"}},{"query":{"id":[{"timestamp_usec":"1429880114809191","type":"IMAGE_QUERY","tbm":"isch"},{"timestamp_usec":"1429879957694936","type":"IMAGE_QUERY","tbm":"isch"},{"timestamp_usec":"1429879954485131"}],"query_text":"how to draw smoke"}},{"query":{"id":[{"timestamp_usec":"1429879932692244"}],"query_text":"how to draw thick smoke with pencil"}},{"query":{"id":[{"timestamp_usec":"1429840084750076"}],"query_text":"how can u tell what kind of spider bit you in las vegas nv"}},{"query":{"id":[{"timestamp_usec":"1429839546058531","type":"IMAGE_QUERY","tbm":"isch"},{"timestamp_usec":"1429838806013107"}],"query_text":"spider bite in las vegas nv"}},{"query":{"id":[{"timestamp_usec":"1429838658079347","type":"IMAGE_QUERY","tbm":"isch"}],"query_text":"spider bit in las vegas nv"}},{"query":{"id":[{"timestamp_usec":"1429838463167955","type":"IMAGE_QUERY","tbm":"isch"}],"query_text":"spider bite in las vegas nv"}},{"query":{"id":[{"timestamp_usec":"1429838408382151","type":"IMAGE_QUERY","tbm":"isch"},{"timestamp_usec":"1429838392307487"}],"query_text":"spider bit in las vegas nv"}},{"query":{"id":[{"timestamp_usec":"1429838375139374"}],"query_text":"spider bit"}},{"query":{"id":[{"timestamp_usec":"1429810785600380","type":"IMAGE_QUERY","tbm":"isch"},{"timestamp_usec":"1429810822158984","type":"IMAGE_QUERY","tbm":"isch"},{"timestamp_usec":"1429812470992806","type":"IMAGE_QUERY","tbm":"isch"}],"query_text":"beautiful old english fonts"}},{"query":{"id":[{"timestamp_usec":"1429810763793932","type":"IMAGE_QUERY","tbm":"isch"},{"timestamp_usec":"1429810702176277","type":"IMAGE_QUERY","tbm":"isch"},{"timestamp_usec":"1429810690752081"}],"query_text":"pretty old english font"}},{"query":{"id":[{"timestamp_usec":"1429810331339376","type":"IMAGE_QUERY","tbm":"isch"},{"timestamp_usec":"1429810315633472"}],"query_text":"old english script alphabet"}},{"query":{"id":[{"timestamp_usec":"1429763558464614","type":"IMAGE_QUERY","tbm":"isch"},{"timestamp_usec":"1429763964647820","type":"IMAGE_QUERY","tbm":"isch"},{"timestamp_usec":"1429764009044026","type":"IMAGE_QUERY","tbm":"isch"},{"timestamp_usec":"1429764094583758","type":"IMAGE_QUERY","tbm":"isch"},{"timestamp_usec":"1429764161563237","type":"IMAGE_QUERY","tbm":"isch"}],"query_text":"old english script alphabet"}},{"query":{"id":[{"timestamp_usec":"1429762666863549","type":"IMAGE_QUERY","tbm":"isch"},{"timestamp_usec":"1429763396358834","type":"IMAGE_QUERY","tbm":"isch"}],"query_text":"old english alphabet"}},{"query":{"id":[{"timestamp_usec":"1429762644462505","type":"IMAGE_QUERY","tbm":"isch"},{"timestamp_usec":"1429762603998023"}],"query_text":"old english script alphabet"}},{"query":{"id":[{"timestamp_usec":"1429762487639727","type":"IMAGE_QUERY","tbm":"isch"},{"timestamp_usec":"1429762482517516"}],"query_text":"old english font"}},{"query":{"id":[{"timestamp_usec":"1429760864354668","type":"IMAGE_QUERY","tbm":"isch"},{"timestamp_usec":"1429761457377371","type":"IMAGE_QUERY","tbm":"isch"},{"timestamp_usec":"1429762430342125","type":"IMAGE_QUERY","tbm":"isch"}],"query_text":"old english style letters alphabet"}},{"query":{"id":[{"timestamp_usec":"1429760854052475","type":"IMAGE_QUERY","tbm":"isch"}],"query_text":"gangsta style old english letters"}},{"query":{"id":[{"timestamp_usec":"1429760611470168","type":"IMAGE_QUERY","tbm":"isch"},{"timestamp_usec":"1429760707479174","type":"IMAGE_QUERY","tbm":"isch"},{"timestamp_usec":"1429760743781968","type":"IMAGE_QUERY","tbm":"isch"},{"timestamp_usec":"1429760763864954","type":"IMAGE_QUERY","tbm":"isch"},{"timestamp_usec":"1429760784412547","type":"IMAGE_QUERY","tbm":"isch"}],"query_text":"style old english letters"}},{"query":{"id":[{"timestamp_usec":"1429760426778050","type":"IMAGE_QUERY","tbm":"isch"},{"timestamp_usec":"1429760559747192","type":"IMAGE_QUERY","tbm":"isch"},{"timestamp_usec":"1429760583179981","type":"IMAGE_QUERY","tbm":"isch"},{"timestamp_usec":"1429760601910822","type":"IMAGE_QUERY","tbm":"isch"}],"query_text":"gangsta style old english letters"}},{"query":{"id":[{"timestamp_usec":"1429758196179825","type":"IMAGE_QUERY","tbm":"isch"},{"timestamp_usec":"1429757991093239"}],"query_text":"old english script alphabet"}},{"query":{"id":[{"timestamp_usec":"1429715975678749"}],"query_text":"x"}},{"query":{"id":[{"timestamp_usec":"1429715845304524"}],"query_text":"constantly"}},{"query":{"id":[{"timestamp_usec":"1429656471810662"}],"query_text":"Sirote"}},{"query":{"id":[{"timestamp_usec":"1429656465430577"}],"query_text":"bathing suit"}},{"query":{"id":[{"timestamp_usec":"1429656459603899"}],"query_text":"Sirote"}},{"query":{"id":[{"timestamp_usec":"1429652547590466","type":"IMAGE_QUERY","tbm":"isch"},{"timestamp_usec":"1429652543788390"}],"query_text":"old english font"}},{"query":{"id":[{"timestamp_usec":"1429646820184149","type":"IMAGE_QUERY","tbm":"isch"},{"timestamp_usec":"1429646721859520"}],"query_text":"porn \"porn chat\""}},{"query":{"id":[{"timestamp_usec":"1429607641270601","type":"IMAGE_QUERY","tbm":"isch"},{"timestamp_usec":"1429607730052172","type":"IMAGE_QUERY","tbm":"isch"},{"timestamp_usec":"1429607822712604","type":"IMAGE_QUERY","tbm":"isch"},{"timestamp_usec":"1429607888010584","type":"IMAGE_QUERY","tbm":"isch"}],"query_text":"how to draw homies clowns"}},{"query":{"id":[{"timestamp_usec":"1429607532873981","type":"IMAGE_QUERY","tbm":"isch"},{"timestamp_usec":"1429607633776641","type":"IMAGE_QUERY","tbm":"isch"}],"query_text":"how to draw lil homies"}},{"query":{"id":[{"timestamp_usec":"1429607498814300","type":"IMAGE_QUERY","tbm":"isch"}],"query_text":"dragon art how to draw a gangster"}},{"query":{"id":[{"timestamp_usec":"1429607489872492","type":"IMAGE_QUERY","tbm":"isch"}],"query_text":"how to draw gangster"}},{"query":{"id":[{"timestamp_usec":"1429607444403656","type":"IMAGE_QUERY","tbm":"isch"}],"query_text":"how to draw oldies love"}},{"query":{"id":[{"timestamp_usec":"1429607361982422","type":"IMAGE_QUERY","tbm":"isch"},{"timestamp_usec":"1429607399909785","type":"IMAGE_QUERY","tbm":"isch"}],"query_text":"how to draw oldies"}},{"query":{"id":[{"timestamp_usec":"1429607334956796","type":"IMAGE_QUERY","tbm":"isch"}],"query_text":"how to make a ninja smoke bomb"}},{"query":{"id":[{"timestamp_usec":"1429607324818708","type":"IMAGE_QUERY","tbm":"isch"}],"query_text":"how to make a smoke bomb"}},{"query":{"id":[{"timestamp_usec":"1429607318319459","type":"IMAGE_QUERY","tbm":"isch"},{"timestamp_usec":"1429607196220037","type":"IMAGE_QUERY","tbm":"isch"},{"timestamp_usec":"1429607159161362","type":"IMAGE_QUERY","tbm":"isch"},{"timestamp_usec":"1429606488235537","type":"IMAGE_QUERY","tbm":"isch"},{"timestamp_usec":"1429606430473797","type":"IMAGE_QUERY","tbm":"isch"},{"timestamp_usec":"1429606405313170","type":"IMAGE_QUERY","tbm":"isch"},{"timestamp_usec":"1429606274391663","type":"IMAGE_QUERY","tbm":"isch"},{"timestamp_usec":"1429606243438880"}],"query_text":"how to draw smoke"}},{"query":{"id":[{"timestamp_usec":"1429606222317447","type":"IMAGE_QUERY","tbm":"isch"}],"query_text":"how to draw smoking lips"}},{"query":{"id":[{"timestamp_usec":"1429606178828484","type":"IMAGE_QUERY","tbm":"isch"}],"query_text":"how to draw a girl smoking pipe"}},{"query":{"id":[{"timestamp_usec":"1429606147828429","type":"IMAGE_QUERY","tbm":"isch"},{"timestamp_usec":"1429606144948431"}],"query_text":"how to draw a girl smoking step by step"}},{"query":{"id":[{"timestamp_usec":"1429606125343165"}],"query_text":"how to draw someone smoking"}},{"query":{"id":[{"timestamp_usec":"1429604964140114"}],"query_text":"dr alazard pediatrician"}},{"query":{"id":[{"timestamp_usec":"1429603769099673"}],"query_text":"beatty elementary las vegas"}},{"query":{"id":[{"timestamp_usec":"1429603761178224"}],"query_text":"weather"}},{"query":{"id":[{"timestamp_usec":"1429583243553395"}],"query_text":"baby lullaby"}},{"query":{"id":[{"timestamp_usec":"1429577109754373"}],"query_text":"what time does burlington coat factory close"}},{"query":{"id":[{"timestamp_usec":"1429515706213000"}],"query_text":"media clip download music "}},{"query":{"id":[{"timestamp_usec":"1429514913298959","type":"IMAGE_QUERY","tbm":"isch"},{"timestamp_usec":"1429514901665508"}],"query_text":"oldies music"}},{"query":{"id":[{"timestamp_usec":"1429511012329000"}],"query_text":"listen to music"}},{"query":{"id":[{"timestamp_usec":"1429505634156000"}],"query_text":"media clip download music "}},{"query":{"id":[{"timestamp_usec":"1429504825387000"}],"query_text":"media clip download music from youtube"}},{"query":{"id":[{"timestamp_usec":"1429503076834000"}],"query_text":"media clip download music"}},{"query":{"id":[{"timestamp_usec":"1429503035816000"}],"query_text":"media clip pro"}},{"query":{"id":[{"timestamp_usec":"1429502770475000"}],"query_text":"media clip download music"}},{"query":{"id":[{"timestamp_usec":"1429502743882000"}],"query_text":"media clip pro"}},{"query":{"id":[{"timestamp_usec":"1429502679253000"}],"query_text":"media clip"}},{"query":{"id":[{"timestamp_usec":"1429404900048340","type":"IMAGE_QUERY","tbm":"isch"},{"timestamp_usec":"1429405025999848","type":"IMAGE_QUERY","tbm":"isch"},{"timestamp_usec":"1429405158879948","type":"IMAGE_QUERY","tbm":"isch"}],"query_text":"how to draw smoke"}},{"query":{"id":[{"timestamp_usec":"1429382906666945"}],"query_text":"raising cane's"}},{"query":{"id":[{"timestamp_usec":"1429373000585436"}],"query_text":"weather"}},{"query":{"id":[{"timestamp_usec":"1429368648434839"}],"query_text":"(Current Location) -> Artemus W. Ham Concert Hall"}},{"query":{"id":[{"timestamp_usec":"1429368625468385"}],"query_text":"unlv ham hall"}},{"query":{"id":[{"timestamp_usec":"1429368321890513"}],"query_text":"(Current Location) -> Artemus W. Ham Concert Hall"}},{"query":{"id":[{"timestamp_usec":"1429368207600749"}],"query_text":"unlv ham hall"}},{"query":{"id":[{"timestamp_usec":"1429368201530298"}],"query_text":"unlv m hall"}},{"query":{"id":[{"timestamp_usec":"1429319313824991"}],"query_text":"smiths"}},{"query":{"id":[{"timestamp_usec":"1429314728305036","type":"IMAGE_QUERY","tbm":"isch"}],"query_text":"prison drawings gallery"}},{"query":{"id":[{"timestamp_usec":"1429314659972195","type":"IMAGE_QUERY","tbm":"isch"},{"timestamp_usec":"1429314702034509","type":"IMAGE_QUERY","tbm":"isch"}],"query_text":"pencil drawings"}},{"query":{"id":[{"timestamp_usec":"1429314488126885","type":"IMAGE_QUERY","tbm":"isch"},{"timestamp_usec":"1429314549469196","type":"IMAGE_QUERY","tbm":"isch"},{"timestamp_usec":"1429314599684475","type":"IMAGE_QUERY","tbm":"isch"},{"timestamp_usec":"1429314654424594","type":"IMAGE_QUERY","tbm":"isch"}],"query_text":"demon girl split face drawings"}},{"query":{"id":[{"timestamp_usec":"1429314417070170","type":"IMAGE_QUERY","tbm":"isch"}],"query_text":"demon two face drawings"}},{"query":{"id":[{"timestamp_usec":"1429314401618890","type":"IMAGE_QUERY","tbm":"isch"}],"query_text":"two face drawings"}},{"query":{"id":[{"timestamp_usec":"1429314326727465","type":"IMAGE_QUERY","tbm":"isch"}],"query_text":"demon and angel crying drawings"}},{"query":{"id":[{"timestamp_usec":"1429314274144381","type":"IMAGE_QUERY","tbm":"isch"}],"query_text":"girl drawings"}},{"query":{"id":[{"timestamp_usec":"1429314253853037","type":"IMAGE_QUERY","tbm":"isch"}],"query_text":"broken hearted girl drawings"}},{"query":{"id":[{"timestamp_usec":"1429314215970476","type":"IMAGE_QUERY","tbm":"isch"}],"query_text":"broken girl drawings"}},{"query":{"id":[{"timestamp_usec":"1429314215227491","type":"IMAGE_QUERY","tbm":"isch"}],"query_text":"broken hearted girl drawings"}},{"query":{"id":[{"timestamp_usec":"1429313885435333","type":"IMAGE_QUERY","tbm":"isch"},{"timestamp_usec":"1429313937707865","type":"IMAGE_QUERY","tbm":"isch"},{"timestamp_usec":"1429313985003545","type":"IMAGE_QUERY","tbm":"isch"},{"timestamp_usec":"1429314004135237","type":"IMAGE_QUERY","tbm":"isch"},{"timestamp_usec":"1429314119788004","type":"IMAGE_QUERY","tbm":"isch"}],"query_text":"broken girl drawings"}},{"query":{"id":[{"timestamp_usec":"1429313670355002","type":"IMAGE_QUERY","tbm":"isch"},{"timestamp_usec":"1429313750550494","type":"IMAGE_QUERY","tbm":"isch"},{"timestamp_usec":"1429313805812599","type":"IMAGE_QUERY","tbm":"isch"},{"timestamp_usec":"1429313872161030","type":"IMAGE_QUERY","tbm":"isch"}],"query_text":"broken angel drawings"}},{"query":{"id":[{"timestamp_usec":"1429313505373879","type":"IMAGE_QUERY","tbm":"isch"},{"timestamp_usec":"1429313564849446","type":"IMAGE_QUERY","tbm":"isch"},{"timestamp_usec":"1429313598567729","type":"IMAGE_QUERY","tbm":"isch"},{"timestamp_usec":"1429313645279765","type":"IMAGE_QUERY","tbm":"isch"},{"timestamp_usec":"1429313658366787","type":"IMAGE_QUERY","tbm":"isch"}],"query_text":"broken drawings"}},{"query":{"id":[{"timestamp_usec":"1429313488447833","type":"IMAGE_QUERY","tbm":"isch"}],"query_text":"crying drawings"}},{"query":{"id":[{"timestamp_usec":"1429313462500085","type":"IMAGE_QUERY","tbm":"isch"}],"query_text":"crying angel drawings"}},{"query":{"id":[{"timestamp_usec":"1429313434418238","type":"IMAGE_QUERY","tbm":"isch"}],"query_text":"sad drawings of love tumblr"}},{"query":{"id":[{"timestamp_usec":"1429313432358844","type":"IMAGE_QUERY","tbm":"isch"}],"query_text":"sad drawings of love"}},{"query":{"id":[{"timestamp_usec":"1429311063533251","type":"IMAGE_QUERY","tbm":"isch"},{"timestamp_usec":"1429311147712425","type":"IMAGE_QUERY","tbm":"isch"},{"timestamp_usec":"1429311197364308","type":"IMAGE_QUERY","tbm":"isch"},{"timestamp_usec":"1429311255144876","type":"IMAGE_QUERY","tbm":"isch"},{"timestamp_usec":"1429311303888220","type":"IMAGE_QUERY","tbm":"isch"}],"query_text":"sad drawings of love"}},{"query":{"id":[{"timestamp_usec":"1429311058808451","type":"IMAGE_QUERY","tbm":"isch"},{"timestamp_usec":"1429311000831415"}],"query_text":"sad drawings"}},{"query":{"id":[{"timestamp_usec":"1429310899520186","type":"IMAGE_QUERY","tbm":"isch"},{"timestamp_usec":"1429310946733357","type":"IMAGE_QUERY","tbm":"isch"},{"timestamp_usec":"1429310986250377","type":"IMAGE_QUERY","tbm":"isch"}],"query_text":"crying girl drawings"}},{"query":{"id":[{"timestamp_usec":"1429310875847583","type":"IMAGE_QUERY","tbm":"isch"},{"timestamp_usec":"1429310799602362","type":"IMAGE_QUERY","tbm":"isch"},{"timestamp_usec":"1429310792663141"}],"query_text":"crying angel drawings"}},{"query":{"id":[{"timestamp_usec":"1429310771982435"}],"query_text":"gangster drawings"}},{"query":{"id":[{"timestamp_usec":"1429310761917286","type":"IMAGE_QUERY","tbm":"isch"}],"query_text":"cute gangster love drawings"}},{"query":{"id":[{"timestamp_usec":"1429310647168240","type":"IMAGE_QUERY","tbm":"isch"},{"timestamp_usec":"1429310594683048"}],"query_text":"gangster drawings"}},{"query":{"id":[{"timestamp_usec":"1429310544206981","type":"IMAGE_QUERY","tbm":"isch"}],"query_text":"granster drawing"}},{"query":{"id":[{"timestamp_usec":"1429310461288267","type":"IMAGE_QUERY","tbm":"isch"},{"timestamp_usec":"1429310493217960","type":"IMAGE_QUERY","tbm":"isch"}],"query_text":"drawing"}},{"query":{"id":[{"timestamp_usec":"1429310425272431","type":"IMAGE_QUERY","tbm":"isch"},{"timestamp_usec":"1429310420686778"}],"query_text":"different demons drawing"}},{"query":{"id":[{"timestamp_usec":"1429307898224789","type":"IMAGE_QUERY","tbm":"isch"},{"timestamp_usec":"1429307895369936"}],"query_text":"demon drawings"}},{"query":{"id":[{"timestamp_usec":"1429307883903567"}],"query_text":"w"}},{"query":{"id":[{"timestamp_usec":"1429305838134050","type":"IMAGE_QUERY","tbm":"isch"},{"timestamp_usec":"1429305900004399","type":"IMAGE_QUERY","tbm":"isch"},{"timestamp_usec":"1429305968875466","type":"IMAGE_QUERY","tbm":"isch"},{"timestamp_usec":"1429305998802819","type":"IMAGE_QUERY","tbm":"isch"},{"timestamp_usec":"1429306978232424","type":"IMAGE_QUERY","tbm":"isch"},{"timestamp_usec":"1429307213249523","type":"IMAGE_QUERY","tbm":"isch"}],"query_text":"demon art drawings"}},{"query":{"id":[{"timestamp_usec":"1429304805450134"}],"query_text":"w"}},{"query":{"id":[{"timestamp_usec":"1429296986498640"}],"query_text":"w"}},{"query":{"id":[{"timestamp_usec":"1429280927332386","type":"IMAGE_QUERY","tbm":"isch"},{"timestamp_usec":"1429280895048122","type":"IMAGE_QUERY","tbm":"isch"},{"timestamp_usec":"1429280864447400","type":"IMAGE_QUERY","tbm":"isch"},{"timestamp_usec":"1429280861262103"}],"query_text":"what does a storm chaser wear"}},{"query":{"id":[{"timestamp_usec":"1429280854910476"}],"query_text":"what does a strom chaser wear"}},{"query":{"id":[{"timestamp_usec":"1429242721858783","type":"IMAGE_QUERY","tbm":"isch"},{"timestamp_usec":"1429242718242531"}],"query_text":"drawing rose and wings"}},{"query":{"id":[{"timestamp_usec":"1429215622661314"}],"query_text":"(Current Location) -> University United Methodist, South Maryland Parkway, Las Vegas, NV"}},{"query":{"id":[{"timestamp_usec":"1429137548495823"}],"query_text":"pretry angle wings"}},{"query":{"id":[{"timestamp_usec":"1429134747950325"}],"query_text":"my work"}},{"query":{"id":[{"timestamp_usec":"1429127381155981","type":"IMAGE_QUERY","tbm":"isch"},{"timestamp_usec":"1429126168119158","type":"IMAGE_QUERY","tbm":"isch"},{"timestamp_usec":"1429126165140912"}],"query_text":"pretry angle wings"}},{"query":{"id":[{"timestamp_usec":"1429126142097624","type":"IMAGE_QUERY","tbm":"isch"}],"query_text":"how do you draw a petty angel wings"}},{"query":{"id":[{"timestamp_usec":"1429122398451833","type":"IMAGE_QUERY","tbm":"isch"}],"query_text":"how do you draw a petty angel wings"}},{"query":{"id":[{"timestamp_usec":"1429122381412687","type":"IMAGE_QUERY","tbm":"isch"}],"query_text":"how do you draw a with angel wings"}},{"query":{"id":[{"timestamp_usec":"1429122058262748","type":"IMAGE_QUERY","tbm":"isch"},{"timestamp_usec":"1429122163822236","type":"IMAGE_QUERY","tbm":"isch"},{"timestamp_usec":"1429122374878616","type":"IMAGE_QUERY","tbm":"isch"}],"query_text":"how do you draw a flower with angel wings"}},{"query":{"id":[{"timestamp_usec":"1429122041307229","type":"IMAGE_QUERY","tbm":"isch"}],"query_text":"how do you draw a heart with angel wings"}},{"query":{"id":[{"timestamp_usec":"1429121893805875","type":"IMAGE_QUERY","tbm":"isch"},{"timestamp_usec":"1429121931253968","type":"IMAGE_QUERY","tbm":"isch"},{"timestamp_usec":"1429121968549623","type":"IMAGE_QUERY","tbm":"isch"},{"timestamp_usec":"1429122001670524","type":"IMAGE_QUERY","tbm":"isch"}],"query_text":"how do u draw angel wings"}},{"query":{"id":[{"timestamp_usec":"1429121885754525","type":"IMAGE_QUERY","tbm":"isch"}],"query_text":"how do u draw wings and rose"}},{"query":{"id":[{"timestamp_usec":"1429121780668269","type":"IMAGE_QUERY","tbm":"isch"},{"timestamp_usec":"1429121825225445","type":"IMAGE_QUERY","tbm":"isch"},{"timestamp_usec":"1429121858013644","type":"IMAGE_QUERY","tbm":"isch"}],"query_text":"how do u draw wings and rose"}},{"query":{"id":[{"timestamp_usec":"1429121755115131","type":"IMAGE_QUERY","tbm":"isch"},{"timestamp_usec":"1429121748395796"}],"query_text":"how do u draw wings"}},{"query":{"id":[{"timestamp_usec":"1429121653227626"}],"query_text":"hoe todr"}},{"query":{"id":[{"timestamp_usec":"1429121652244187"}],"query_text":"how to draw a rose"}},{"query":{"id":[{"timestamp_usec":"1429119403655529"}],"query_text":"hoe todr"}},{"query":{"id":[{"timestamp_usec":"1429119399228180","type":"IMAGE_QUERY","tbm":"isch"},{"timestamp_usec":"1429119326811480","type":"IMAGE_QUERY","tbm":"isch"},{"timestamp_usec":"1429119292233415","type":"IMAGE_QUERY","tbm":"isch"},{"timestamp_usec":"1429119287275677"}],"query_text":"drawing angels step by step"}},{"query":{"id":[{"timestamp_usec":"1429119260725732"}],"query_text":"how do u draw wings"}},{"query":{"id":[{"timestamp_usec":"1429113673843066","type":"IMAGE_QUERY","tbm":"isch"},{"timestamp_usec":"1429113714409828","type":"IMAGE_QUERY","tbm":"isch"}],"query_text":"what are the different ways to draw angel wings"}},{"query":{"id":[{"timestamp_usec":"1429113600943841","type":"IMAGE_QUERY","tbm":"isch"},{"timestamp_usec":"1429113597757769"}],"query_text":"what are the different ways to draw angle wings"}},{"query":{"id":[{"timestamp_usec":"1429113546032830","type":"IMAGE_QUERY","tbm":"isch"},{"timestamp_usec":"1429113537919583"}],"query_text":"how do u draw wings"}},{"query":{"id":[{"timestamp_usec":"1429113259748902","type":"IMAGE_QUERY","tbm":"isch"}],"query_text":"how to do draw a boken feather on a wing"}},{"query":{"id":[{"timestamp_usec":"1429113120844471","type":"IMAGE_QUERY","tbm":"isch"},{"timestamp_usec":"1429113173475519","type":"IMAGE_QUERY","tbm":"isch"},{"timestamp_usec":"1429113221657084","type":"IMAGE_QUERY","tbm":"isch"}],"query_text":"how to do draw a broken feather on a wing"}},{"query":{"id":[{"timestamp_usec":"1429113050623353","type":"IMAGE_QUERY","tbm":"isch"},{"timestamp_usec":"1429113046888902"}],"query_text":"how to do draw a boken feather on a wing"}},{"query":{"id":[{"timestamp_usec":"1429112974076832","type":"IMAGE_QUERY","tbm":"isch"},{"timestamp_usec":"1429112971553670"}],"query_text":"how to draw angel wings"}},{"query":{"id":[{"timestamp_usec":"1429112715318336"}],"query_text":"people"}},{"query":{"id":[{"timestamp_usec":"1429112475951902"}],"query_text":"600 Thornewood Pl, Las Vegas, NV"}},{"query":{"id":[{"timestamp_usec":"1429112186999972"}],"query_text":"how to draw angel wings"}},{"query":{"id":[{"timestamp_usec":"1429107494034417"}],"query_text":"how to do draw a boken feather on a wing"}},{"query":{"id":[{"timestamp_usec":"1429102148863178","type":"IMAGE_QUERY","tbm":"isch"}],"query_text":"how to do draw a boken feather on a wing"}},{"query":{"id":[{"timestamp_usec":"1429100340134183","type":"IMAGE_QUERY","tbm":"isch"}],"query_text":"how to do draw a boken feather on a wing"}},{"query":{"id":[{"timestamp_usec":"1429100338838179","type":"IMAGE_QUERY","tbm":"isch"}],"query_text":"how to do draw a broken feather on a wing on demon girl"}},{"query":{"id":[{"timestamp_usec":"1429100338837983"}],"query_text":"how to do draw a broken feather on a wing"}},{"query":{"id":[{"timestamp_usec":"1429100338753801"}],"query_text":"how to do draw a broken feather on a wing on a demon"}},{"query":{"id":[{"timestamp_usec":"1429100338523162","type":"IMAGE_QUERY","tbm":"isch"}],"query_text":"how to do draw a feather on a wing on a demon"}},{"query":{"id":[{"timestamp_usec":"1429099543432164","type":"IMAGE_QUERY","tbm":"isch"},{"timestamp_usec":"1429099582876414","type":"IMAGE_QUERY","tbm":"isch"},{"timestamp_usec":"1429099631415508","type":"IMAGE_QUERY","tbm":"isch"},{"timestamp_usec":"1429099664655269","type":"IMAGE_QUERY","tbm":"isch"},{"timestamp_usec":"1429099739794241","type":"IMAGE_QUERY","tbm":"isch"}],"query_text":"how to do a wing on a demon"}},{"query":{"id":[{"timestamp_usec":"1429098981963592","type":"IMAGE_QUERY","tbm":"isch"},{"timestamp_usec":"1429099233100060","type":"IMAGE_QUERY","tbm":"isch"},{"timestamp_usec":"1429099288237202","type":"IMAGE_QUERY","tbm":"isch"},{"timestamp_usec":"1429099350072552","type":"IMAGE_QUERY","tbm":"isch"},{"timestamp_usec":"1429099527113274","type":"IMAGE_QUERY","tbm":"isch"}],"query_text":"how to do draw a feather on a wing on a demon"}},{"query":{"id":[{"timestamp_usec":"1429098954612274","type":"IMAGE_QUERY","tbm":"isch"},{"timestamp_usec":"1429097521563319"}],"query_text":"how to do draw a broken feather on a wing on a demon"}},{"query":{"id":[{"timestamp_usec":"1429097270206024"}],"query_text":"how to do draw a broken feather on a wing"}},{"query":{"id":[{"timestamp_usec":"1429097026330075","type":"IMAGE_QUERY","tbm":"isch"},{"timestamp_usec":"1429097140549265","type":"IMAGE_QUERY","tbm":"isch"},{"timestamp_usec":"1429097177994045","type":"IMAGE_QUERY","tbm":"isch"},{"timestamp_usec":"1429097215683877","type":"IMAGE_QUERY","tbm":"isch"},{"timestamp_usec":"1429097259687384","type":"IMAGE_QUERY","tbm":"isch"}],"query_text":"how to do draw a broken feather on a wing on demon girl"}},{"query":{"id":[{"timestamp_usec":"1429097000709554","type":"IMAGE_QUERY","tbm":"isch"}],"query_text":"how to do draw a broken feather on a wing"}},{"query":{"id":[{"timestamp_usec":"1429096675700779","type":"IMAGE_QUERY","tbm":"isch"},{"timestamp_usec":"1429096755352184","type":"IMAGE_QUERY","tbm":"isch"},{"timestamp_usec":"1429096796392568","type":"IMAGE_QUERY","tbm":"isch"}],"query_text":"how to do draw a broken feather on a wing of a demon"}},{"query":{"id":[{"timestamp_usec":"1429096626810549","type":"IMAGE_QUERY","tbm":"isch"}],"query_text":"how to do draw a broken feather on a wing"}},{"query":{"id":[{"timestamp_usec":"1429096622604933"}],"query_text":"how to do draw a boken feather on a wing"}},{"query":{"id":[{"timestamp_usec":"1429096567299596"}],"query_text":"how to do draw a broken feather on a wing"}},{"query":{"id":[{"timestamp_usec":"1429096556107357"}],"query_text":"how to do draw a boken feather on a wing"}},{"query":{"id":[{"timestamp_usec":"1429096512414738","type":"IMAGE_QUERY","tbm":"isch"}],"query_text":"how to do draw a broken feather on a wing"}},{"query":{"id":[{"timestamp_usec":"1429096506654409","type":"IMAGE_QUERY","tbm":"isch"}],"query_text":"how to do draw a boken feather on a wing"}},{"query":{"id":[{"timestamp_usec":"1429095986084555","type":"IMAGE_QUERY","tbm":"isch"},{"timestamp_usec":"1429096412898453","type":"IMAGE_QUERY","tbm":"isch"},{"timestamp_usec":"1429096466172717","type":"IMAGE_QUERY","tbm":"isch"}],"query_text":"how to do draw a broken feather on a wing"}},{"query":{"id":[{"timestamp_usec":"1429095862122626","type":"IMAGE_QUERY","tbm":"isch"},{"timestamp_usec":"1429095857668381"}],"query_text":"how to do draw a boken feather on a wing"}},{"query":{"id":[{"timestamp_usec":"1429094861145939","type":"IMAGE_QUERY","tbm":"isch"},{"timestamp_usec":"1429095794880434","type":"IMAGE_QUERY","tbm":"isch"}],"query_text":"demon wing drawings"}},{"query":{"id":[{"timestamp_usec":"1429094845075065","type":"IMAGE_QUERY","tbm":"isch"},{"timestamp_usec":"1429094822310894","type":"IMAGE_QUERY","tbm":"isch"},{"timestamp_usec":"1429094708702098","type":"IMAGE_QUERY","tbm":"isch"},{"timestamp_usec":"1429094705670269"}],"query_text":"angel wing drawings"}},{"query":{"id":[{"timestamp_usec":"1429061036226089"}],"query_text":"davis glass las vegas, nv"}},{"query":{"id":[{"timestamp_usec":"1429060727364007"}],"query_text":"(Current Location) -> University United Methodist"}},{"query":{"id":[{"timestamp_usec":"1429060691472540"}],"query_text":"university united methodist church"}},{"query":{"id":[{"timestamp_usec":"1429053627082258","type":"IMAGE_QUERY","tbm":"isch"},{"timestamp_usec":"1429053623093895"}],"query_text":"drawing demon wings"}},{"query":{"id":[{"timestamp_usec":"1429053100677354","type":"IMAGE_QUERY","tbm":"isch"},{"timestamp_usec":"1429053310804818","type":"IMAGE_QUERY","tbm":"isch"},{"timestamp_usec":"1429053372222778","type":"IMAGE_QUERY","tbm":"isch"}],"query_text":"devil wings drawing"}},{"query":{"id":[{"timestamp_usec":"1429053096661920","type":"IMAGE_QUERY","tbm":"isch"}],"query_text":"devil wings"}},{"query":{"id":[{"timestamp_usec":"1429053090420034"}],"query_text":"devil wingz"}},{"query":{"id":[{"timestamp_usec":"1429052896125155","type":"IMAGE_QUERY","tbm":"isch"},{"timestamp_usec":"1429052947339945","type":"IMAGE_QUERY","tbm":"isch"},{"timestamp_usec":"1429053086403744","type":"IMAGE_QUERY","tbm":"isch"}],"query_text":"devil wings drawing"}},{"query":{"id":[{"timestamp_usec":"1429052892233100","type":"IMAGE_QUERY","tbm":"isch"},{"timestamp_usec":"1429052887911807"}],"query_text":"devil wingz"}},{"query":{"id":[{"timestamp_usec":"1429035345049701","type":"IMAGE_QUERY","tbm":"isch"},{"timestamp_usec":"1429035173218981","type":"IMAGE_QUERY","tbm":"isch"},{"timestamp_usec":"1429035168579238"}],"query_text":"draw color fire"}},{"query":{"id":[{"timestamp_usec":"1429035154607983"}],"query_text":"color fire"}},{"query":{"id":[{"timestamp_usec":"1429035117829417"}],"query_text":"drawing something on fire"}},{"query":{"id":[{"timestamp_usec":"1429032532462528"}],"query_text":"drawing something on fire"}},{"query":{"id":[{"timestamp_usec":"1429032518583587"}],"query_text":"drawing someting on fire"}},{"query":{"id":[{"timestamp_usec":"1429032321455004","type":"IMAGE_QUERY","tbm":"isch"},{"timestamp_usec":"1429032339711506","type":"IMAGE_QUERY","tbm":"isch"},{"timestamp_usec":"1429032388864629","type":"IMAGE_QUERY","tbm":"isch"},{"timestamp_usec":"1429032417367366","type":"IMAGE_QUERY","tbm":"isch"}],"query_text":"drawing something on fire"}},{"query":{"id":[{"timestamp_usec":"1429032296768462","type":"IMAGE_QUERY","tbm":"isch"}],"query_text":"drawing someting on fire"}},{"query":{"id":[{"timestamp_usec":"1429032263493877","type":"IMAGE_QUERY","tbm":"isch"},{"timestamp_usec":"1429032076415327","type":"IMAGE_QUERY","tbm":"isch"},{"timestamp_usec":"1429032023270320","type":"IMAGE_QUERY","tbm":"isch"},{"timestamp_usec":"1429031980472216","type":"IMAGE_QUERY","tbm":"isch"},{"timestamp_usec":"1429031976723113"}],"query_text":"drawing fire"}},{"query":{"id":[{"timestamp_usec":"1429031962630410"}],"query_text":"weather"}},{"query":{"id":[{"timestamp_usec":"1429027772719411"}],"query_text":"smoke shop on maryland pkwy on silverado ranch"}},{"query":{"id":[{"timestamp_usec":"1429027694958743"}],"query_text":"smoke shop on maryland pkwy on sulverado ranch"}},{"query":{"id":[{"timestamp_usec":"1429027671743072"}],"query_text":"smoke shop on mar"}},{"query":{"id":[{"timestamp_usec":"1429027611527355"}],"query_text":"smoke shop"}},{"query":{"id":[{"timestamp_usec":"1429021191621489"}],"query_text":"wyd in text"}},{"query":{"id":[{"timestamp_usec":"1428998808812145","type":"IMAGE_QUERY","tbm":"isch"},{"timestamp_usec":"1428998648753172","type":"IMAGE_QUERY","tbm":"isch"},{"timestamp_usec":"1428998562337768","type":"IMAGE_QUERY","tbm":"isch"},{"timestamp_usec":"1428998490213158","type":"IMAGE_QUERY","tbm":"isch"},{"timestamp_usec":"1428998442195018","type":"IMAGE_QUERY","tbm":"isch"},{"timestamp_usec":"1428998433810219"}],"query_text":"angel wing drawings"}},{"query":{"id":[{"timestamp_usec":"1428993607491990","type":"IMAGE_QUERY","tbm":"isch"},{"timestamp_usec":"1428993604157173"}],"query_text":"old english script alphabet"}},{"query":{"id":[{"timestamp_usec":"1428992909293066","type":"IMAGE_QUERY","tbm":"isch"},{"timestamp_usec":"1428993599301027","type":"IMAGE_QUERY","tbm":"isch"}],"query_text":"drawing of a demon"}},{"query":{"id":[{"timestamp_usec":"1428992774661524","type":"IMAGE_QUERY","tbm":"isch"},{"timestamp_usec":"1428992728691946","type":"IMAGE_QUERY","tbm":"isch"},{"timestamp_usec":"1428992607327448","type":"IMAGE_QUERY","tbm":"isch"},{"timestamp_usec":"1428992541427836","type":"IMAGE_QUERY","tbm":"isch"},{"timestamp_usec":"1428992534539685"}],"query_text":"drawing of a devil"}},{"query":{"id":[{"timestamp_usec":"1428972177045653"}],"query_text":"yellow eyed penguin"}},{"query":{"id":[{"timestamp_usec":"1428972168815613"}],"query_text":"does yellow eyed penguin"}},{"query":{"id":[{"timestamp_usec":"1428972161843041"}],"query_text":"does yellow eyed penguin look like"}},{"query":{"id":[{"timestamp_usec":"1428970014543177"}],"query_text":"yellow eyed penguin predators"}},{"query":{"id":[{"timestamp_usec":"1428968923773036"}],"query_text":"yellow eyed penguin facts for kids"}},{"query":{"id":[{"timestamp_usec":"1428968881191470"}],"query_text":"yellow eyed penguin"}},{"query":{"id":[{"timestamp_usec":"1428961595561289","type":"IMAGE_QUERY","tbm":"isch"},{"timestamp_usec":"1428961218324549","type":"IMAGE_QUERY","tbm":"isch"},{"timestamp_usec":"1428961209374864"}],"query_text":"yellow eyed penguin predators"}},{"query":{"id":[{"timestamp_usec":"1428960341928941"}],"query_text":"yellow eyed penguin habitat"}},{"query":{"id":[{"timestamp_usec":"1428960331181311"}],"query_text":"yellow eyed penguin"}},{"query":{"id":[{"timestamp_usec":"1428903937464800","type":"IMAGE_QUERY","tbm":"isch"},{"timestamp_usec":"1428903934994313"}],"query_text":"devil and angel drawing"}},{"query":{"id":[{"timestamp_usec":"1428900982032141","type":"IMAGE_QUERY","tbm":"isch"},{"timestamp_usec":"1428900864240769","type":"IMAGE_QUERY","tbm":"isch"},{"timestamp_usec":"1428900860544089"}],"query_text":"drawing angel wings"}},{"query":{"id":[{"timestamp_usec":"1428900839917664","type":"IMAGE_QUERY","tbm":"isch"},{"timestamp_usec":"1428900837023400"}],"query_text":"drawing devil may cry"}},{"query":{"id":[{"timestamp_usec":"1428900833454300"}],"query_text":"devil and angel drawing"}},{"query":{"id":[{"timestamp_usec":"1428898389126170"}],"query_text":"drawing devil may cry"}},{"query":{"id":[{"timestamp_usec":"1428893208439031","type":"IMAGE_QUERY","tbm":"isch"}],"query_text":"draw eyes"}},{"query":{"id":[{"timestamp_usec":"1428887980417252","type":"IMAGE_QUERY","tbm":"isch"},{"timestamp_usec":"1428887974710530","type":"NEWS_QUERY","tbm":"nws"},{"timestamp_usec":"1428887834945374","type":"IMAGE_QUERY","tbm":"isch"},{"timestamp_usec":"1428887831466295"}],"query_text":"draw eyes"}},{"query":{"id":[{"timestamp_usec":"1428887757358603"}],"query_text":"weather"}},{"query":{"id":[{"timestamp_usec":"1428885552318237"}],"query_text":"yahoo mail"}},{"query":{"id":[{"timestamp_usec":"1428881820153214"}],"query_text":"city jail inmate search"}},{"query":{"id":[{"timestamp_usec":"1428881638315752"}],"query_text":"county jail"}},{"query":{"id":[{"timestamp_usec":"1428881463545648"}],"query_text":"inmate search"}},{"query":{"id":[{"timestamp_usec":"1428881135772681"}],"query_text":"County Jail"}},{"query":{"id":[{"timestamp_usec":"1428801019792020","type":"IMAGE_QUERY","tbm":"isch"},{"timestamp_usec":"1428801014804547"}],"query_text":"how to make a penguin"}},{"query":{"id":[{"timestamp_usec":"1428799830639830"}],"query_text":"yellow eyed penguin"}},{"query":{"id":[{"timestamp_usec":"1428798574365886"}],"query_text":"how to make a penguin"}},{"query":{"id":[{"timestamp_usec":"1428798573368782","type":"IMAGE_QUERY","tbm":"isch"}],"query_text":"how to make a yellow eyed penguin"}},{"query":{"id":[{"timestamp_usec":"1428796640017549","type":"IMAGE_QUERY","tbm":"isch"}],"query_text":"how to make a yellow eyed penguin"}},{"query":{"id":[{"timestamp_usec":"1428796433180076","type":"IMAGE_QUERY","tbm":"isch"}],"query_text":"how to make penguin out of paper roll"}},{"query":{"id":[{"timestamp_usec":"1428796369657242","type":"IMAGE_QUERY","tbm":"isch"}],"query_text":"how to make a yellow eyed penguin"}},{"query":{"id":[{"timestamp_usec":"1428796341579305","type":"IMAGE_QUERY","tbm":"isch"},{"timestamp_usec":"1428796250874905","type":"IMAGE_QUERY","tbm":"isch"},{"timestamp_usec":"1428796245725597"}],"query_text":"how to make a penguin"}},{"query":{"id":[{"timestamp_usec":"1428795274934263"}],"query_text":"yellow eyed penguin facts for kids"}},{"query":{"id":[{"timestamp_usec":"1428795074299376"}],"query_text":"yellow eyed penguin"}},{"query":{"id":[{"timestamp_usec":"1428794420317149"}],"query_text":"yellowed eyed penguin"}},{"query":{"id":[{"timestamp_usec":"1428793684455431"}],"query_text":"yellow eyed penguin"}},{"query":{"id":[{"timestamp_usec":"1428738919799769","type":"IMAGE_QUERY","tbm":"isch"},{"timestamp_usec":"1428737733609686","type":"IMAGE_QUERY","tbm":"isch"},{"timestamp_usec":"1428737730125506"}],"query_text":"drawing of real demons"}},{"query":{"id":[{"timestamp_usec":"1428737724613898"}],"query_text":"drawing of demon"}},{"query":{"id":[{"timestamp_usec":"1428737602783751","type":"IMAGE_QUERY","tbm":"isch"},{"timestamp_usec":"1428737537146578","type":"IMAGE_QUERY","tbm":"isch"},{"timestamp_usec":"1428737484584840","type":"IMAGE_QUERY","tbm":"isch"},{"timestamp_usec":"1428737481872726"}],"query_text":"drawing"}},{"query":{"id":[{"timestamp_usec":"1428719162313539"}],"query_text":"pizza hut"}},{"query":{"id":[{"timestamp_usec":"1428712627671958"}],"query_text":"weather in las vegas"}},{"query":{"id":[{"timestamp_usec":"1428709725863241"}],"query_text":"yellow eyed penguin"}},{"query":{"id":[{"timestamp_usec":"1428689212218801"}],"query_text":"weather"}},{"query":{"id":[{"timestamp_usec":"1428636770524331"}],"query_text":"yellow eyed penguin"}},{"query":{"id":[{"timestamp_usec":"1428630148975317"}],"query_text":"yellow eyed penguin"}},{"query":{"id":[{"timestamp_usec":"1428579584488228"}],"query_text":"smile now cry later pictures"}},{"query":{"id":[{"timestamp_usec":"1428574601011300"}],"query_text":"smile now cry later pictures"}},{"query":{"id":[{"timestamp_usec":"1428573177556777"}],"query_text":"weather"}},{"query":{"id":[{"timestamp_usec":"1428567521937000"}],"query_text":"music media clip"}},{"query":{"id":[{"timestamp_usec":"1428567443424000"}],"query_text":"media clip"}},{"query":{"id":[{"timestamp_usec":"1428556895899783"}],"query_text":"how many grams in an ounce"}},{"query":{"id":[{"timestamp_usec":"1428534244753955"}],"query_text":"smile now cry later pictures"}},{"query":{"id":[{"timestamp_usec":"1428525765925011"}],"query_text":"smile now cry later pictures"}},{"query":{"id":[{"timestamp_usec":"1428513779143524"}],"query_text":"(Current Location) -> MetroPCS Nevada"}},{"query":{"id":[{"timestamp_usec":"1428513587627000"}],"query_text":"phone tracker"}},{"query":{"id":[{"timestamp_usec":"1428510434854000"}],"query_text":"my phone tracker"}},{"query":{"id":[{"timestamp_usec":"1428510226208371"}],"query_text":"metro pcs"}},{"query":{"id":[{"timestamp_usec":"1428508071432220"}],"query_text":"look up metro pcs phone records"}},{"query":{"id":[{"timestamp_usec":"1428508031734075"}],"query_text":"find 702-517-0638"}},{"query":{"id":[{"timestamp_usec":"1428507576868659"}],"query_text":"location services"}},{"query":{"id":[{"timestamp_usec":"1428507564397269"}],"query_text":"location history"}},{"query":{"id":[{"timestamp_usec":"1428506784325156"}],"query_text":"J. K. Glass & Mirrors Inc. Las Vegas, NV"}},{"query":{"id":[{"timestamp_usec":"1428506769258843"}],"query_text":"A 24 Hour Emergency Glass Las Vegas, NV"}},{"query":{"id":[{"timestamp_usec":"1428506756015542"}],"query_text":"Star Glass & Mirrors North Las Vegas, NV"}},{"query":{"id":[{"timestamp_usec":"1428506734667961"}],"query_text":"window repair las vegas"}},{"query":{"id":[{"timestamp_usec":"1428506705422741"}],"query_text":"Cut Rate Glass Inc. Las Vegas, NV"}},{"query":{"id":[{"timestamp_usec":"1428506630627495"}],"query_text":"window repair las vegas"}},{"query":{"id":[{"timestamp_usec":"1428506537198076"}],"query_text":"Kelly's Glass & Mirror Co. Las Vegas, NV"}},{"query":{"id":[{"timestamp_usec":"1428506516411602"}],"query_text":"window repair las vegas"}},{"query":{"id":[{"timestamp_usec":"1428506259132379"}],"query_text":"J & J Glass Company Las Vegas, NV"}},{"query":{"id":[{"timestamp_usec":"1428506253251718"}],"query_text":"window repair las vegas"}},{"query":{"id":[{"timestamp_usec":"1428506142809574"}],"query_text":"Las Vegas Glass Repair Las Vegas, NV"}},{"query":{"id":[{"timestamp_usec":"1428506119711275"}],"query_text":"window repair las vegas"}},{"query":{"id":[{"timestamp_usec":"1428506040846131"}],"query_text":"Davis Glass Las Vegas, NV"}},{"query":{"id":[{"timestamp_usec":"1428505965870847"}],"query_text":"window repair las vegas"}},{"query":{"id":[{"timestamp_usec":"1428464169108203","type":"IMAGE_QUERY","tbm":"isch"},{"timestamp_usec":"1428464142700093","type":"IMAGE_QUERY","tbm":"isch"},{"timestamp_usec":"1428464087217600","type":"IMAGE_QUERY","tbm":"isch"},{"timestamp_usec":"1428464083588673"}],"query_text":"smile now cry later pictures"}},{"query":{"id":[{"timestamp_usec":"1428447924274008"}],"query_text":"The Bar at Bermuda & St Rose, 11624 Bermuda Road, Henderson, NV"}},{"query":{"id":[{"timestamp_usec":"1428447691300650","type":"IMAGE_QUERY","tbm":"isch"},{"timestamp_usec":"1428447675576180"}],"query_text":"weather"}},{"query":{"id":[{"timestamp_usec":"1428355971913046"}],"query_text":"nevada power"}},{"query":{"id":[{"timestamp_usec":"1428339087255700"}],"query_text":"nevada power phone number"}},{"query":{"id":[{"timestamp_usec":"1428339051988549"}],"query_text":"nevada power"}},{"query":{"id":[{"timestamp_usec":"1428293028387513","type":"IMAGE_QUERY","tbm":"isch"}],"query_text":"ugly elsa"}},{"query":{"id":[{"timestamp_usec":"1428292996512114","type":"IMAGE_QUERY","tbm":"isch"},{"timestamp_usec":"1428292921333368"}],"query_text":"frozen cast"}},{"query":{"id":[{"timestamp_usec":"1428292898413023"}],"query_text":"frozen"}},{"query":{"id":[{"timestamp_usec":"1428292540007673","type":"IMAGE_QUERY","tbm":"isch"},{"timestamp_usec":"1428292544988606","type":"IMAGE_QUERY","tbm":"isch"},{"timestamp_usec":"1428292826097845","type":"IMAGE_QUERY","tbm":"isch"},{"timestamp_usec":"1428292863035434","type":"IMAGE_QUERY","tbm":"isch"}],"query_text":"different elsas"}},{"query":{"id":[{"timestamp_usec":"1428289270103965","type":"IMAGE_QUERY","tbm":"isch"}],"query_text":"different elsas"}},{"query":{"id":[{"timestamp_usec":"1428289230328366","type":"IMAGE_QUERY","tbm":"isch"}],"query_text":"frozen fever"}},{"query":{"id":[{"timestamp_usec":"1428288954572803","type":"IMAGE_QUERY","tbm":"isch"},{"timestamp_usec":"1428289230259282","type":"IMAGE_QUERY","tbm":"isch"}],"query_text":"frozen 3"}},{"query":{"id":[{"timestamp_usec":"1428288948610365","type":"IMAGE_QUERY","tbm":"isch"}],"query_text":"frozen fever"}},{"query":{"id":[{"timestamp_usec":"1428288944537081","type":"IMAGE_QUERY","tbm":"isch"}],"query_text":"frozen"}},{"query":{"id":[{"timestamp_usec":"1428288944442848","type":"IMAGE_QUERY","tbm":"isch"},{"timestamp_usec":"1428288761547778"}],"query_text":"frozen fever"}},{"query":{"id":[{"timestamp_usec":"1428288756134631","type":"IMAGE_QUERY","tbm":"isch"},{"timestamp_usec":"1428288729398370"}],"query_text":"frozen"}},{"query":{"id":[{"timestamp_usec":"1428288722402752","type":"IMAGE_QUERY","tbm":"isch"},{"timestamp_usec":"1428288583015371","type":"IMAGE_QUERY","tbm":"isch"},{"timestamp_usec":"1428288574134919"}],"query_text":"frozen on ice las vegas"}},{"query":{"id":[{"timestamp_usec":"1428288534555208"}],"query_text":"parks in las vegas"}},{"query":{"id":[{"timestamp_usec":"1428288518435024"}],"query_text":"o"}},{"query":{"id":[{"timestamp_usec":"1428288494940880"}],"query_text":"wyd in text"}},{"query":{"id":[{"timestamp_usec":"1428288464268174"}],"query_text":"wyd"}},{"query":{"id":[{"timestamp_usec":"1428286393876195"}],"query_text":"wyd"}},{"query":{"id":[{"timestamp_usec":"1428278981992050"}],"query_text":"key insurance company naic#12966"}},{"query":{"id":[{"timestamp_usec":"1428275931085724"}],"query_text":"how long do you cook a cooked half ham"}},{"query":{"id":[{"timestamp_usec":"1428219854025971"}],"query_text":"key insurance company naic#12966"}},{"query":{"id":[{"timestamp_usec":"1428194161995977"}],"query_text":"how long do you cook easter eggs"}},{"query":{"id":[{"timestamp_usec":"1428183854569496","type":"IMAGE_QUERY","tbm":"isch"},{"timestamp_usec":"1428183786004812","type":"IMAGE_QUERY","tbm":"isch"},{"timestamp_usec":"1428183748324032","type":"IMAGE_QUERY","tbm":"isch"},{"timestamp_usec":"1428183744302750"}],"query_text":"smile now cry later pictures"}},{"query":{"id":[{"timestamp_usec":"1428181617854548"}],"query_text":"easter activities las vegas 2015"}},{"query":{"id":[{"timestamp_usec":"1428180231294082"}],"query_text":"how much are the easter bunny picture at the outlet mall"}},{"query":{"id":[{"timestamp_usec":"1428179286381366"}],"query_text":"easter bunny pictures"}},{"query":{"id":[{"timestamp_usec":"1428178160807770"}],"query_text":"easter bunny pictures las vegas"}},{"query":{"id":[{"timestamp_usec":"1428178066583190"}],"query_text":"easter bunny pictures"}},{"query":{"id":[{"timestamp_usec":"1428178033005964"}],"query_text":"is there a easter bunny at the belt mall"}},{"query":{"id":[{"timestamp_usec":"1428177971719484"}],"query_text":"easter bunny pictures"}},{"query":{"id":[{"timestamp_usec":"1428177798622935"}],"query_text":"bass pro shop las vegas"}},{"query":{"id":[{"timestamp_usec":"1428165690237000"}],"query_text":"phone tracker"}},{"query":{"id":[{"timestamp_usec":"1428165511901000"}],"query_text":"phone tracker by number"}},{"query":{"id":[{"timestamp_usec":"1428159710128566"}],"query_text":"bass pro shop las vegas"}},{"query":{"id":[{"timestamp_usec":"1428153980617274","type":"IMAGE_QUERY","tbm":"isch"}],"query_text":"old english lowercase c"}},{"query":{"id":[{"timestamp_usec":"1428145959214700","type":"IMAGE_QUERY","tbm":"isch"}],"query_text":"old english lowercase c"}},{"query":{"id":[{"timestamp_usec":"1428145954890535","type":"IMAGE_QUERY","tbm":"isch"},{"timestamp_usec":"1428145537922505","type":"IMAGE_QUERY","tbm":"isch"},{"timestamp_usec":"1428145534339691"}],"query_text":"old english lowercase n"}},{"query":{"id":[{"timestamp_usec":"1428144914104896"}],"query_text":"old english lowercase q"}},{"query":{"id":[{"timestamp_usec":"1428144858637780","type":"IMAGE_QUERY","tbm":"isch"},{"timestamp_usec":"1428144855700259"}],"query_text":"old english a"}},{"query":{"id":[{"timestamp_usec":"1428144849497362"}],"query_text":"old english b"}},{"query":{"id":[{"timestamp_usec":"1428143196293911"}],"query_text":"old english j"}},{"query":{"id":[{"timestamp_usec":"1428143192836416"}],"query_text":"old english script alphabet"}},{"query":{"id":[{"timestamp_usec":"1428140672302607","type":"IMAGE_QUERY","tbm":"isch"},{"timestamp_usec":"1428140666810151"}],"query_text":"old english script alphabet"}},{"query":{"id":[{"timestamp_usec":"1428139431504318"}],"query_text":"old english j"}},{"query":{"id":[{"timestamp_usec":"1428126945964963"}],"query_text":"valley wide property management"}},{"query":{"id":[{"timestamp_usec":"1428089400510373"}],"query_text":"lenscrafters"}},{"query":{"id":[{"timestamp_usec":"1428085239725579"}],"query_text":"valley wide property management"}},{"query":{"id":[{"timestamp_usec":"1428080163969000"}],"query_text":"music tube for free"}},{"query":{"id":[{"timestamp_usec":"1428079673474933"}],"query_text":"dollhouse song"}},{"query":{"id":[{"timestamp_usec":"1428079663628339"}],"query_text":"dollhouse"}},{"query":{"id":[{"timestamp_usec":"1428029770670274"}],"query_text":"bing"}},{"query":{"id":[{"timestamp_usec":"1428028194584428","type":"IMAGE_QUERY","tbm":"isch"},{"timestamp_usec":"1428027897042191","type":"IMAGE_QUERY","tbm":"isch"},{"timestamp_usec":"1428027891924936"}],"query_text":"old english script alphabet"}},{"query":{"id":[{"timestamp_usec":"1428011998235023"}],"query_text":"(Current Location) -> ArrowSuites, Nash Peak Avenue, Las Vegas, NV"}},{"query":{"id":[{"timestamp_usec":"1428011991825957"}],"query_text":"(Current Location) -> ArrowSuites"}},{"query":{"id":[{"timestamp_usec":"1428010547593948","type":"IMAGE_QUERY","tbm":"isch"},{"timestamp_usec":"1428010544437760"}],"query_text":"old english font"}},{"query":{"id":[{"timestamp_usec":"1428010325182235","type":"IMAGE_QUERY","tbm":"isch"},{"timestamp_usec":"1428010318055130"}],"query_text":"old english script alphabet"}},{"query":{"id":[{"timestamp_usec":"1428003425582605"}],"query_text":"ArrowSuites"}},{"query":{"id":[{"timestamp_usec":"1427969605617968","type":"IMAGE_QUERY","tbm":"isch"},{"timestamp_usec":"1427969463475090","type":"IMAGE_QUERY","tbm":"isch"},{"timestamp_usec":"1427969069149833","type":"IMAGE_QUERY","tbm":"isch"},{"timestamp_usec":"1427968781217311","type":"IMAGE_QUERY","tbm":"isch"},{"timestamp_usec":"1427968777819592"}],"query_text":"old english script alphabet"}},{"query":{"id":[{"timestamp_usec":"1427968406692000"}],"query_text":"old english font alphabet"}},{"query":{"id":[{"timestamp_usec":"1427966365294412"}],"query_text":"old english font alphabet"}},{"query":{"id":[{"timestamp_usec":"1427966117644533"}],"query_text":"old english font"}},{"query":{"id":[{"timestamp_usec":"1427960533030387"}],"query_text":"dollhouse lyrics"}},{"query":{"id":[{"timestamp_usec":"1427958574935661","type":"IMAGE_QUERY","tbm":"isch"},{"timestamp_usec":"1427958571325067"}],"query_text":"old english font"}},{"query":{"id":[{"timestamp_usec":"1427958086424775","type":"IMAGE_QUERY","tbm":"isch"},{"timestamp_usec":"1427958251883647","type":"IMAGE_QUERY","tbm":"isch"},{"timestamp_usec":"1427958525828813","type":"IMAGE_QUERY","tbm":"isch"}],"query_text":"old english"}},{"query":{"id":[{"timestamp_usec":"1427957880194040","type":"IMAGE_QUERY","tbm":"isch"},{"timestamp_usec":"1427957928190250","type":"IMAGE_QUERY","tbm":"isch"},{"timestamp_usec":"1427958002694676","type":"IMAGE_QUERY","tbm":"isch"},{"timestamp_usec":"1427958083891048","type":"IMAGE_QUERY","tbm":"isch"}],"query_text":"old english G"}},{"query":{"id":[{"timestamp_usec":"1427957870896108","type":"IMAGE_QUERY","tbm":"isch"}],"query_text":"old english g tattoo"}},{"query":{"id":[{"timestamp_usec":"1427957852392448","type":"IMAGE_QUERY","tbm":"isch"},{"timestamp_usec":"1427957823643934","type":"IMAGE_QUERY","tbm":"isch"},{"timestamp_usec":"1427957642519400","type":"IMAGE_QUERY","tbm":"isch"},{"timestamp_usec":"1427957558673015","type":"IMAGE_QUERY","tbm":"isch"},{"timestamp_usec":"1427957555562268"}],"query_text":"old english g"}},{"query":{"id":[{"timestamp_usec":"1427953385527905"}],"query_text":"dollhouse lyrics"}},{"query":{"id":[{"timestamp_usec":"1427941376114568"}],"query_text":"dollhouse furniture"}},{"query":{"id":[{"timestamp_usec":"1427936130954836"}],"query_text":"vines"}},{"query":{"id":[{"timestamp_usec":"1427913709418933"}],"query_text":"day care las vegas"}},{"query":{"id":[{"timestamp_usec":"1427913690334074"}],"query_text":"daycare prices"}},{"query":{"id":[{"timestamp_usec":"1427913670046916"}],"query_text":"daycare"}},{"query":{"id":[{"timestamp_usec":"1427912472924805"}],"query_text":"eye doctor on eastern and st rose pkyw"}},{"query":{"id":[{"timestamp_usec":"1427912291726120","type":"IMAGE_QUERY","tbm":"isch"}],"query_text":"old english B"}},{"query":{"id":[{"timestamp_usec":"1427899054799882","type":"IMAGE_QUERY","tbm":"isch"},{"timestamp_usec":"1427899050884421"}],"query_text":"old english B"}},{"query":{"id":[{"timestamp_usec":"1427855041101956"}],"query_text":"u17 white pill"}}]}