{"event":[{"query":{"id":[{"timestamp_usec":"1427819567480851"}],"query_text":"news"}},{"query":{"id":[{"timestamp_usec":"1427796302480828"}],"query_text":"breaking news"}},{"query":{"id":[{"timestamp_usec":"1427795117448330"}],"query_text":"news"}},{"query":{"id":[{"timestamp_usec":"1427793776590126"}],"query_text":"cox cable las vegas"}},{"query":{"id":[{"timestamp_usec":"1427788214047963"}],"query_text":"11183 S Eastern Ave, Henderson, NV"}},{"query":{"id":[{"timestamp_usec":"1427788145599307"}],"query_text":"600 Thornewood Pl, Las Vegas, NV"}},{"query":{"id":[{"timestamp_usec":"1427788097040506"}],"query_text":"11183 S Eastern Ave, Henderson, NV"}},{"query":{"id":[{"timestamp_usec":"1427779667861000"}],"query_text":"couple tracker"}},{"query":{"id":[{"timestamp_usec":"1427779587445000"}],"query_text":"finder"}},{"query":{"id":[{"timestamp_usec":"1427777393124000"}],"query_text":"friend finder"}},{"query":{"id":[{"timestamp_usec":"1427734150940547"}],"query_text":"cox cable las vegas"}},{"query":{"id":[{"timestamp_usec":"1427585115403314"}],"query_text":"what time does smiths pharmacy open"}},{"query":{"id":[{"timestamp_usec":"1427559027786172"}],"query_text":"what time does smiths pharmacy open"}},{"query":{"id":[{"timestamp_usec":"1427520448418111"}],"query_text":"minecraft bedding"}},{"query":{"id":[{"timestamp_usec":"1427486981750437"}],"query_text":"(Current Location) -> 4000-4098 Burnham Ave, Las Vegas, NV 89119"}},{"query":{"id":[{"timestamp_usec":"1427486278534052"}],"query_text":"(Current Location) -> Dr Mark Glyman"}},{"query":{"id":[{"timestamp_usec":"1427486263380089"}],"query_text":"2030 e flamingo suite #288"}},{"query":{"id":[{"timestamp_usec":"1427476541543249"}],"query_text":"special dentist on tropican and eastern"}},{"query":{"id":[{"timestamp_usec":"1427476377198161"}],"query_text":"special dentist on flamingo and eastern"}},{"query":{"id":[{"timestamp_usec":"1427476286195139"}],"query_text":"dentist on flamingo and eastern"}},{"query":{"id":[{"timestamp_usec":"1427472778032000"}],"query_text":"Music Tube"}},{"query":{"id":[{"timestamp_usec":"1427426013567747"}],"query_text":"breaking news"}},{"query":{"id":[{"timestamp_usec":"1427425998342295"}],"query_text":"news"}},{"query":{"id":[{"timestamp_usec":"1427425975175323"}],"query_text":"new"}},{"query":{"id":[{"timestamp_usec":"1427369478670656","type":"IMAGE_QUERY","tbm":"isch"},{"timestamp_usec":"1427368648789540","type":"IMAGE_QUERY","tbm":"isch"},{"timestamp_usec":"1427368645590767"}],"query_text":"old english y"}},{"query":{"id":[{"timestamp_usec":"1427368640475742"}],"query_text":"old english t"}},{"query":{"id":[{"timestamp_usec":"1427368393321979","type":"IMAGE_QUERY","tbm":"isch"},{"timestamp_usec":"1427368638936840","type":"IMAGE_QUERY","tbm":"isch"}],"query_text":"old english k"}},{"query":{"id":[{"timestamp_usec":"1427368300644193","type":"IMAGE_QUERY","tbm":"isch"}],"query_text":"old english n"}},{"query":{"id":[{"timestamp_usec":"1427368231810191","type":"IMAGE_QUERY","tbm":"isch"},{"timestamp_usec":"1427368229025351"}],"query_text":"old english i"}},{"query":{"id":[{"timestamp_usec":"1427368226450462"}],"query_text":"old english t"}},{"query":{"id":[{"timestamp_usec":"1427368183296382","type":"IMAGE_QUERY","tbm":"isch"}],"query_text":"old english i"}},{"query":{"id":[{"timestamp_usec":"1427368180125172","type":"IMAGE_QUERY","tbm":"isch"},{"timestamp_usec":"1427367970548350","type":"IMAGE_QUERY","tbm":"isch"},{"timestamp_usec":"1427367871564689","type":"IMAGE_QUERY","tbm":"isch"},{"timestamp_usec":"1427367868311148"}],"query_text":"old english t"}},{"query":{"id":[{"timestamp_usec":"1427367862695689"}],"query_text":"old english"}},{"query":{"id":[{"timestamp_usec":"1427367382404500","type":"IMAGE_QUERY","tbm":"isch"},{"timestamp_usec":"1427367372159383","type":"IMAGE_QUERY","tbm":"isch"},{"timestamp_usec":"1427367316895821","type":"IMAGE_QUERY","tbm":"isch"},{"timestamp_usec":"1427367312910424"}],"query_text":"old english s"}},{"query":{"id":[{"timestamp_usec":"1427367307294547"}],"query_text":"old english font"}},{"query":{"id":[{"timestamp_usec":"1427367306889475","type":"IMAGE_QUERY","tbm":"isch"}],"query_text":"old english s"}},{"query":{"id":[{"timestamp_usec":"1427367306374698","type":"IMAGE_QUERY","tbm":"isch"}],"query_text":"old english t"}},{"query":{"id":[{"timestamp_usec":"1427367306247521","type":"IMAGE_QUERY","tbm":"isch"}],"query_text":"old english i"}},{"query":{"id":[{"timestamp_usec":"1427367305414446","type":"IMAGE_QUERY","tbm":"isch"}],"query_text":"old english"}},{"query":{"id":[{"timestamp_usec":"1427367257287242","type":"IMAGE_QUERY","tbm":"isch"}],"query_text":"old english font"}},{"query":{"id":[{"timestamp_usec":"1427367252570885","type":"IMAGE_QUERY","tbm":"isch"}],"query_text":"old english"}},{"query":{"id":[{"timestamp_usec":"1427366147143976","type":"IMAGE_QUERY","tbm":"isch"},{"timestamp_usec":"1427367249176609","type":"IMAGE_QUERY","tbm":"isch"}],"query_text":"old english font"}},{"query":{"id":[{"timestamp_usec":"1427366143336596","type":"IMAGE_QUERY","tbm":"isch"}],"query_text":"old english i"}},{"query":{"id":[{"timestamp_usec":"1427366087665660","type":"IMAGE_QUERY","tbm":"isch"}],"query_text":"old english y"}},{"query":{"id":[{"timestamp_usec":"1427366040374690","type":"IMAGE_QUERY","tbm":"isch"}],"query_text":"old english k"}},{"query":{"id":[{"timestamp_usec":"1427366036850485","type":"IMAGE_QUERY","tbm":"isch"}],"query_text":"old english i"}},{"query":{"id":[{"timestamp_usec":"1427365961967525","type":"IMAGE_QUERY","tbm":"isch"}],"query_text":"old english n"}},{"query":{"id":[{"timestamp_usec":"1427365801194772","type":"IMAGE_QUERY","tbm":"isch"},{"timestamp_usec":"1427365957172973","type":"IMAGE_QUERY","tbm":"isch"}],"query_text":"old english i"}},{"query":{"id":[{"timestamp_usec":"1427365673824473","type":"IMAGE_QUERY","tbm":"isch"},{"timestamp_usec":"1427365797906661","type":"IMAGE_QUERY","tbm":"isch"}],"query_text":"old english t"}},{"query":{"id":[{"timestamp_usec":"1427365223855770","type":"IMAGE_QUERY","tbm":"isch"},{"timestamp_usec":"1427365669069145","type":"IMAGE_QUERY","tbm":"isch"}],"query_text":"old english s"}},{"query":{"id":[{"timestamp_usec":"1427365207649845","type":"IMAGE_QUERY","tbm":"isch"},{"timestamp_usec":"1427365202594158"}],"query_text":"old english font"}},{"query":{"id":[{"timestamp_usec":"1427352076958716"}],"query_text":"dish network"}},{"query":{"id":[{"timestamp_usec":"1427343974408356"}],"query_text":"how many pints are in 12 quarts"}},{"query":{"id":[{"timestamp_usec":"1427343881477970"}],"query_text":"how many quarts are in 20 pints"}},{"query":{"id":[{"timestamp_usec":"1427343759801266"}],"query_text":"how many pints are in 1 gallon"}},{"query":{"id":[{"timestamp_usec":"1427343564701614"}],"query_text":"how many quarts are in 7 gallons"}},{"query":{"id":[{"timestamp_usec":"1427261186424000"}],"query_text":"it's at the shows"}},{"query":{"id":[{"timestamp_usec":"1427260144118000"}],"query_text":"the saddest game ever"}},{"query":{"id":[{"timestamp_usec":"1427259820915000"}],"query_text":"game ever"}},{"query":{"id":[{"timestamp_usec":"1427259667324000"}],"query_text":"story games"}},{"query":{"id":[{"timestamp_usec":"1427243522701547"}],"query_text":"red box"}},{"query":{"id":[{"timestamp_usec":"1427243251112448"}],"query_text":"Snow Queen"}},{"query":{"id":[{"timestamp_usec":"1427243242155843"}],"query_text":"The Snow Queen"}},{"query":{"id":[{"timestamp_usec":"1427243221231952"}],"query_text":"Pizza"}},{"query":{"id":[{"timestamp_usec":"1427243139156849"}],"query_text":"follow your arrow"}},{"query":{"id":[{"timestamp_usec":"1427243107696002"}],"query_text":"what does a fox say"}},{"query":{"id":[{"timestamp_usec":"1427162397471000"}],"query_text":"frozen"}},{"query":{"id":[{"timestamp_usec":"1427162115739000"}],"query_text":"coolmath4kids app"}},{"query":{"id":[{"timestamp_usec":"1427162023401000"}],"query_text":"coolmath4kids games"}},{"query":{"id":[{"timestamp_usec":"1427161672590000"}],"query_text":"coolmath4kids"}},{"query":{"id":[{"timestamp_usec":"1427161522847000"}],"query_text":"story games"}},{"query":{"id":[{"timestamp_usec":"1427161406621000"}],"query_text":"royal princess celebration"}},{"query":{"id":[{"timestamp_usec":"1427157819008194","type":"IMAGE_QUERY","tbm":"isch"},{"timestamp_usec":"1427157774892341"}],"query_text":"Google what does a yellow eyed penguins live"}},{"query":{"id":[{"timestamp_usec":"1427157525041925"}],"query_text":"okay google how to do a diorama of the yellow eyed penguin"}},{"query":{"id":[{"timestamp_usec":"1427157480338370"}],"query_text":"what does where does the yellow eyed penguin live"}},{"query":{"id":[{"timestamp_usec":"1427157474873172"}],"query_text":"where do penguins live"}},{"query":{"id":[{"timestamp_usec":"1427157474372091"}],"query_text":"how to do a diorama of the yellow eyed penguin"}},{"query":{"id":[{"timestamp_usec":"1427157145433612"}],"query_text":"okay Google how to do a diorama of the yellow eyed penguin"}},{"query":{"id":[{"timestamp_usec":"1427157045080663"}],"query_text":"okay Google how do you do a penguin diorama"}},{"query":{"id":[{"timestamp_usec":"1427157027981775"}],"query_text":"how to do a diorama Corrections"}},{"query":{"id":[{"timestamp_usec":"1427090315068000"}],"query_text":"royal princess celebration"}},{"query":{"id":[{"timestamp_usec":"1427078005498000"}],"query_text":"Hollywood"}},{"query":{"id":[{"timestamp_usec":"1427077617327000"}],"query_text":"royal princess celebration"}},{"query":{"id":[{"timestamp_usec":"1427063243378000"}],"query_text":"Hollywood"}},{"query":{"id":[{"timestamp_usec":"1427038201896000"}],"query_text":"Hollywood"}},{"query":{"id":[{"timestamp_usec":"1427038186692000"}],"query_text":"Halloween Halloween hello hello"}},{"query":{"id":[{"timestamp_usec":"1427038019426000"}],"query_text":"princess "}},{"query":{"id":[{"timestamp_usec":"1427037741795000"}],"query_text":"royal princess celebration"}},{"query":{"id":[{"timestamp_usec":"1427037608683000"}],"query_text":"okay Google look for expensive celebration Nick Jr"}},{"query":{"id":[{"timestamp_usec":"1427037049962000"}],"query_text":"royal princess celebration"}},{"query":{"id":[{"timestamp_usec":"1427037028398000"}],"query_text":"royal"}},{"query":{"id":[{"timestamp_usec":"1427036893917000"}],"query_text":"disney junior princess games"}},{"query":{"id":[{"timestamp_usec":"1427036792742000"}],"query_text":"disney junior"}},{"query":{"id":[{"timestamp_usec":"1427036740060000"}],"query_text":"princess "}},{"query":{"id":[{"timestamp_usec":"1427036673368000"}],"query_text":"princess games"}},{"query":{"id":[{"timestamp_usec":"1426986629016569"}],"query_text":"nail places near me"}},{"query":{"id":[{"timestamp_usec":"1426985207818766"}],"query_text":"89117"}},{"query":{"id":[{"timestamp_usec":"1426973065530413"}],"query_text":"day care"}},{"query":{"id":[{"timestamp_usec":"1426973062014262"}],"query_text":"daycare"}},{"query":{"id":[{"timestamp_usec":"1426972503703013"}],"query_text":"how much is kids r kids in las vegas"}},{"query":{"id":[{"timestamp_usec":"1426972239478876"}],"query_text":"how much is kids r kids"}},{"query":{"id":[{"timestamp_usec":"1426952017002244"}],"query_text":"okay Google look up Cowabunga Bay new rides"}},{"query":{"id":[{"timestamp_usec":"1426952010101284"}],"query_text":"look up Cabelas new rides"}},{"query":{"id":[{"timestamp_usec":"1426951997837499"}],"query_text":"look up caliburger news live"}},{"query":{"id":[{"timestamp_usec":"1426951985930345"}],"query_text":"look up new caliber on the rides"}},{"query":{"id":[{"timestamp_usec":"1426951896576111"}],"query_text":"okay Google search for new Verizon Cowabunga Bay"}},{"query":{"id":[{"timestamp_usec":"1426905246080000"}],"query_text":"infrared camera"}},{"query":{"id":[{"timestamp_usec":"1426905230091000"}],"query_text":"night vision"}},{"query":{"id":[{"timestamp_usec":"1426904983825000"}],"query_text":"sound amplifier spy"}},{"query":{"id":[{"timestamp_usec":"1426904930377000"}],"query_text":"spy camera"}},{"query":{"id":[{"timestamp_usec":"1426904908649000"}],"query_text":"parabolic ear"}},{"query":{"id":[{"timestamp_usec":"1426904887460000"}],"query_text":"parabolic antenna"}},{"query":{"id":[{"timestamp_usec":"1426904781282000"}],"query_text":"parabolic microphone"}},{"query":{"id":[{"timestamp_usec":"1426828820230513"}],"query_text":"my baby got his 18 months shots now he has red bumps all over his body"}},{"query":{"id":[{"timestamp_usec":"1426820335155140"}],"query_text":"song"}},{"query":{"id":[{"timestamp_usec":"1426820321753941"}],"query_text":"what does determine mean"}},{"query":{"id":[{"timestamp_usec":"1426820249882416","type":"IMAGE_QUERY","tbm":"isch"},{"timestamp_usec":"1426819884636049"}],"query_text":"my baby got his 18 months shots now he has red bumps all over his body"}},{"query":{"id":[{"timestamp_usec":"1426819819698936"}],"query_text":"my baby got his 18months shots now he has red bumps all over his body"}},{"query":{"id":[{"timestamp_usec":"1426819477767172"}],"query_text":"okay Google what does determine mean"}},{"query":{"id":[{"timestamp_usec":"1426819451911525"}],"query_text":"what does determine mean"}},{"query":{"id":[{"timestamp_usec":"1426733866103324"}],"query_text":"donkeys"}},{"query":{"id":[{"timestamp_usec":"1426733852690785"}],"query_text":"pinocchio 1940 characters"}},{"query":{"id":[{"timestamp_usec":"1426733829890582"}],"query_text":"pinocchio 1940"}},{"query":{"id":[{"timestamp_usec":"1426733814515961"}],"query_text":"Pinocchio"}},{"query":{"id":[{"timestamp_usec":"1426727515868388"}],"query_text":"domino's pizza"}},{"query":{"id":[{"timestamp_usec":"1426716107441503"}],"query_text":"yellow eyed penguin"}},{"query":{"id":[{"timestamp_usec":"1426653800093000"}],"query_text":"hallowed"}},{"query":{"id":[{"timestamp_usec":"1426653191832958"}],"query_text":"intelligence"}},{"query":{"id":[{"timestamp_usec":"1426653185846296"}],"query_text":"Stella dance"}},{"query":{"id":[{"timestamp_usec":"1426653140926736"}],"query_text":"excellence"}},{"query":{"id":[{"timestamp_usec":"1426624915825708"}],"query_text":"red box"}},{"query":{"id":[{"timestamp_usec":"1426545264971521"}],"query_text":"tax place on Hacienda and eastern"}},{"query":{"id":[{"timestamp_usec":"1426545245201712"}],"query_text":"place on Hacienda and eastern"}},{"query":{"id":[{"timestamp_usec":"1426529481360714"}],"query_text":"o band surgery cost"}},{"query":{"id":[{"timestamp_usec":"1426529403103364"}],"query_text":"o band surgery las vegas"}},{"query":{"id":[{"timestamp_usec":"1426436427611877"}],"query_text":"craigslist las vegas"}},{"query":{"id":[{"timestamp_usec":"1426387239596889"}],"query_text":"pizza hut"}},{"query":{"id":[{"timestamp_usec":"1426380599020343"}],"query_text":"tempur pedic mattress sale"}},{"query":{"id":[{"timestamp_usec":"1426380017981608"}],"query_text":"free Pedic mattress sale"}},{"query":{"id":[{"timestamp_usec":"1426372549472513"}],"query_text":"Catholic Goodwill store where is located"}},{"query":{"id":[{"timestamp_usec":"1426371954322157"}],"query_text":"Catholic Goodwill store"}},{"query":{"id":[{"timestamp_usec":"1426371902162490"}],"query_text":"biggest goodwill in las vegas"}},{"query":{"id":[{"timestamp_usec":"1426371758325887"}],"query_text":"goodwill on blue diamond"}},{"query":{"id":[{"timestamp_usec":"1426371714683030"}],"query_text":"goodwill"}},{"query":{"id":[{"timestamp_usec":"1426303077103890"}],"query_text":"weather"}},{"query":{"id":[{"timestamp_usec":"1426303076110664","type":"IMAGE_QUERY","tbm":"isch"}],"query_text":"cherry wood shelves"}},{"query":{"id":[{"timestamp_usec":"1426300072620481","type":"PRODUCT_QUERY","tbm":"shop"},{"timestamp_usec":"1426300103800095","type":"IMAGE_QUERY","tbm":"isch"},{"timestamp_usec":"1426300172055023","type":"IMAGE_QUERY","tbm":"isch"},{"timestamp_usec":"1426300229371472","type":"IMAGE_QUERY","tbm":"isch"}],"query_text":"cherry wood shelves"}},{"query":{"id":[{"timestamp_usec":"1426300050002793","type":"PRODUCT_QUERY","tbm":"shop"},{"timestamp_usec":"1426300021182289","type":"IMAGE_QUERY","tbm":"isch"},{"timestamp_usec":"1426299950343133","type":"PRODUCT_QUERY","tbm":"shop"},{"timestamp_usec":"1426299895931808"}],"query_text":"bookshelf"}},{"query":{"id":[{"timestamp_usec":"1426298075596860","type":"IMAGE_QUERY","tbm":"isch"},{"timestamp_usec":"1426298010715878"}],"query_text":"cherry wood cabinet"}},{"query":{"id":[{"timestamp_usec":"1426297950711721"}],"query_text":"cherry wood hutch cabinet"}},{"query":{"id":[{"timestamp_usec":"1426273310130109"}],"query_text":"beatty elementary las vegas"}},{"query":{"id":[{"timestamp_usec":"1426270305593000"}],"query_text":"five nights at freddy s 2 f"}},{"query":{"id":[{"timestamp_usec":"1426177767247417"}],"query_text":"enrique iglesias loco"}},{"query":{"id":[{"timestamp_usec":"1426177705266041"}],"query_text":"Enrique Iglesias loco"}},{"query":{"id":[{"timestamp_usec":"1426177694996433"}],"query_text":"Enrique in Lake grace es loco"}},{"query":{"id":[{"timestamp_usec":"1426171187225881"}],"query_text":"spine and back center on mall circle henderson nv"}},{"query":{"id":[{"timestamp_usec":"1426171157783904"}],"query_text":"spine and back center"}},{"query":{"id":[{"timestamp_usec":"1426169999894143"}],"query_text":"when is Saint Patrick's Day"}},{"query":{"id":[{"timestamp_usec":"1426136971499000"}],"query_text":"cut the rope"}},{"query":{"id":[{"timestamp_usec":"1426129454274062"}],"query_text":"five nights at freddy's 4 trailer"}},{"query":{"id":[{"timestamp_usec":"1426129343296337"}],"query_text":"five nights at freddy's 4"}},{"query":{"id":[{"timestamp_usec":"1426112897699208"}],"query_text":"bill fagerbakke"}},{"query":{"id":[{"timestamp_usec":"1426112379923612"}],"query_text":"spongebob movie"}},{"query":{"id":[{"timestamp_usec":"1426042177835090"}],"query_text":"five nights at freddy's song"}},{"query":{"id":[{"timestamp_usec":"1426042077688211"}],"query_text":"5 nights at Freddy's song"}},{"query":{"id":[{"timestamp_usec":"1426042067122486"}],"query_text":"look for five nights at Freddy's song"}},{"query":{"id":[{"timestamp_usec":"1426042008846257"}],"query_text":"five nights at Freddy's"}},{"query":{"id":[{"timestamp_usec":"1426041996399139"}],"query_text":"five nights at Freddy song"}},{"query":{"id":[{"timestamp_usec":"1426041983286050"}],"query_text":"depicted depicted"}},{"query":{"id":[{"timestamp_usec":"1425967165413000"}],"query_text":"agent alice game "}},{"query":{"id":[{"timestamp_usec":"1425955464182000"}],"query_text":"agent alice game "}},{"query":{"id":[{"timestamp_usec":"1425915390943000"}],"query_text":"agent alice game "}},{"query":{"id":[{"timestamp_usec":"1425913642860428"}],"query_text":"five nights at freddy's 3"}},{"query":{"id":[{"timestamp_usec":"1425913620400266"}],"query_text":"five nights at freddy's 2"}},{"query":{"id":[{"timestamp_usec":"1425868053207101"}],"query_text":"pizza hut"}},{"query":{"id":[{"timestamp_usec":"1425855882017000"}],"query_text":"agent alice game "}},{"query":{"id":[{"timestamp_usec":"1425855833001000"}],"query_text":"agent alice game"}},{"query":{"id":[{"timestamp_usec":"1425855815927000"}],"query_text":"Agent "}},{"query":{"id":[{"timestamp_usec":"1425855786312000"}],"query_text":"school games"}},{"query":{"id":[{"timestamp_usec":"1425855654694000"}],"query_text":"okay google search for five freddy's"}},{"query":{"id":[{"timestamp_usec":"1425855624865000"}],"query_text":"okay google search for fat freddy's"}},{"query":{"id":[{"timestamp_usec":"1425838528293529"}],"query_text":"Google search for walkthrough for bioshock"}},{"query":{"id":[{"timestamp_usec":"1425838494719842"}],"query_text":"Google search for walkthrough"}},{"query":{"id":[{"timestamp_usec":"1425838486549733"}],"query_text":"okay Google search for"}},{"query":{"id":[{"timestamp_usec":"1425838288496085"}],"query_text":"Best Buy by fire truck"}},{"query":{"id":[{"timestamp_usec":"1425796417684000"}],"query_text":"the sim "}},{"query":{"id":[{"timestamp_usec":"1425796305471835"}],"query_text":"okay google search for fat freddy's"}},{"query":{"id":[{"timestamp_usec":"1425796280291247"}],"query_text":"find at Tiffany's"}},{"query":{"id":[{"timestamp_usec":"1425796257723424"}],"query_text":"okay Google search for Fat Freddy's"}},{"query":{"id":[{"timestamp_usec":"1425796251811207"}],"query_text":"Planet Fitness"}},{"query":{"id":[{"timestamp_usec":"1425771388518000"}],"query_text":"story games"}},{"query":{"id":[{"timestamp_usec":"1425770464631000"}],"query_text":"the sim "}},{"query":{"id":[{"timestamp_usec":"1425769277989000"}],"query_text":"roblox"}},{"query":{"id":[{"timestamp_usec":"1425764540097000"}],"query_text":"st math for 3rd"}},{"query":{"id":[{"timestamp_usec":"1425764503901000"}],"query_text":"st math"}},{"query":{"id":[{"timestamp_usec":"1425762997692751"}],"query_text":"what does the dragon mean in Chinese"}},{"query":{"id":[{"timestamp_usec":"1425762988925417"}],"query_text":"okay Google"}},{"query":{"id":[{"timestamp_usec":"1425762821055790"}],"query_text":"cool cuts for kids"}},{"query":{"id":[{"timestamp_usec":"1425762711060448"}],"query_text":"what's the rooster mean in Chinese"}},{"query":{"id":[{"timestamp_usec":"1425762700213583"}],"query_text":"what does the rooster mean in Chinese New Year"}},{"query":{"id":[{"timestamp_usec":"1425757683877806"}],"query_text":"spongebob movie"}},{"query":{"id":[{"timestamp_usec":"1425709642497887"}],"query_text":"scotter for lil kids"}},{"query":{"id":[{"timestamp_usec":"1425709634794222","type":"PRODUCT_QUERY","tbm":"shop"}],"query_text":"scooter for lil kids"}},{"query":{"id":[{"timestamp_usec":"1425709613304396","type":"PRODUCT_QUERY","tbm":"shop"}],"query_text":"scooter for lil kids at toy rus"}},{"query":{"id":[{"timestamp_usec":"1425709568333315","type":"PRODUCT_QUERY","tbm":"shop"}],"query_text":"scooter for lil kids"}},{"query":{"id":[{"timestamp_usec":"1425709542259765"}],"query_text":"scotter for lil kids"}},{"query":{"id":[{"timestamp_usec":"1425691362554509"}],"query_text":"cool cuts for kids"}},{"query":{"id":[{"timestamp_usec":"1425684000402000"}],"query_text":"st math"}},{"query":{"id":[{"timestamp_usec":"1425680961334991"}],"query_text":"."}},{"query":{"id":[{"timestamp_usec":"1425662297226929"}],"query_text":"beatty elementary las vegas"}},{"query":{"id":[{"timestamp_usec":"1425601670331301"}],"query_text":"when is frozen on ice coming to las vegas"}},{"query":{"id":[{"timestamp_usec":"1425601643234427"}],"query_text":"where's my mom located at"}},{"query":{"id":[{"timestamp_usec":"1425601599806450"}],"query_text":"playhouse for boys"}},{"query":{"id":[{"timestamp_usec":"1425525666483578"}],"query_text":"key insurance company naic#12966"}},{"query":{"id":[{"timestamp_usec":"1425507774607409"}],"query_text":"key insurance company naic#12966"}},{"query":{"id":[{"timestamp_usec":"1425495731411680","type":"IMAGE_QUERY","tbm":"isch"},{"timestamp_usec":"1425495732652064","type":"PRODUCT_QUERY","tbm":"shop"}],"query_text":"playhouse for boys"}},{"query":{"id":[{"timestamp_usec":"1425492044595447","type":"IMAGE_QUERY","tbm":"isch"},{"timestamp_usec":"1425491683006287","type":"IMAGE_QUERY","tbm":"isch"},{"timestamp_usec":"1425491603138281","type":"PRODUCT_QUERY","tbm":"shop"},{"timestamp_usec":"1425491534637068","type":"PRODUCT_QUERY","tbm":"shop"},{"timestamp_usec":"1425491512882845"}],"query_text":"playhouse for boys"}},{"query":{"id":[{"timestamp_usec":"1425491445643961","type":"IMAGE_QUERY","tbm":"isch"}],"query_text":"outdoor playhouse for sale"}},{"query":{"id":[{"timestamp_usec":"1425491395225829","type":"IMAGE_QUERY","tbm":"isch"},{"timestamp_usec":"1425491389815116","type":"IMAGE_QUERY","tbm":"isch"},{"timestamp_usec":"1425491297482604","type":"IMAGE_QUERY","tbm":"isch"},{"timestamp_usec":"1425491254057197"}],"query_text":"climbing toys for toddlers"}},{"query":{"id":[{"timestamp_usec":"1425487020822409"}],"query_text":"6980 s cimarron rd"}},{"query":{"id":[{"timestamp_usec":"1425487020559782"}],"query_text":"(Current Location) -> 6980 S Cimarron Rd #100, Las Vegas, NV 89113"}},{"query":{"id":[{"timestamp_usec":"1425487019378409"}],"query_text":"6980 s cimarron rd suite 100"}},{"query":{"id":[{"timestamp_usec":"1425457894694474"}],"query_text":"channel 5 las vegas i hop pancake dat"}},{"query":{"id":[{"timestamp_usec":"1425455510151567","type":"VIDEO_QUERY","tbm":"vid"},{"timestamp_usec":"1425455218497867"}],"query_text":"channel 5 las vegas i hop pancake dat"}},{"query":{"id":[{"timestamp_usec":"1425455173267727","type":"IMAGE_QUERY","tbm":"isch"}],"query_text":"channel 5 las vegas ihop pancake day"}},{"query":{"id":[{"timestamp_usec":"1425455166127060","type":"IMAGE_QUERY","tbm":"isch"},{"timestamp_usec":"1425455150370351"}],"query_text":"channel 5 las vegas i hop pancake dat"}},{"query":{"id":[{"timestamp_usec":"1425315489512000"}],"query_text":"five nights at freddy s 2 for free"}},{"query":{"id":[{"timestamp_usec":"1425315489145000"}],"query_text":"five nights at freddy s 2 f"}},{"query":{"id":[{"timestamp_usec":"1425315487655000"}],"query_text":"Cinderella"}},{"query":{"id":[{"timestamp_usec":"1425315486216000"}],"query_text":"roblox"}},{"query":{"id":[{"timestamp_usec":"1425315485095000"}],"query_text":"the sim "}},{"query":{"id":[{"timestamp_usec":"1425313766815924"}],"query_text":"movies frozen"}},{"query":{"id":[{"timestamp_usec":"1425312528421489","type":"IMAGE_QUERY","tbm":"isch"},{"timestamp_usec":"1425312567813879","type":"VIDEO_QUERY","tbm":"vid"},{"timestamp_usec":"1425312629803004","type":"VIDEO_QUERY","tbm":"vid"},{"timestamp_usec":"1425312803757242","type":"VIDEO_QUERY","tbm":"vid"},{"timestamp_usec":"1425312884347096","type":"VIDEO_QUERY","tbm":"vid"},{"timestamp_usec":"1425313217156405","type":"VIDEO_QUERY","tbm":"vid"},{"timestamp_usec":"1425313765874904","type":"VIDEO_QUERY","tbm":"vid"},{"timestamp_usec":"1425313766176971","type":"IMAGE_QUERY","tbm":"isch"}],"query_text":"movies frozen 2"}},{"query":{"id":[{"timestamp_usec":"1425312518869890","type":"IMAGE_QUERY","tbm":"isch"},{"timestamp_usec":"1425312414139175","type":"IMAGE_QUERY","tbm":"isch"},{"timestamp_usec":"1425312302291494","type":"IMAGE_QUERY","tbm":"isch"},{"timestamp_usec":"1425312289627397"}],"query_text":"movies frozen"}},{"query":{"id":[{"timestamp_usec":"1425267706234000"}],"query_text":"the sim "}},{"query":{"id":[{"timestamp_usec":"1425265693016000"}],"query_text":"roblox"}},{"query":{"id":[{"timestamp_usec":"1425260292816000"}],"query_text":"Cinderella"}},{"query":{"id":[{"timestamp_usec":"1425260078755000"}],"query_text":"eyes the horror game"}},{"query":{"id":[{"timestamp_usec":"1425249289202685"}],"query_text":"queen"}},{"query":{"id":[{"timestamp_usec":"1425249234780000"}],"query_text":"eyes the horror game"}},{"query":{"id":[{"timestamp_usec":"1425244295326000"}],"query_text":"five nights at freddy s 2 f"}},{"query":{"id":[{"timestamp_usec":"1425241392571000"}],"query_text":"five nights at freddy s 2 f"}},{"query":{"id":[{"timestamp_usec":"1425241256965000"}],"query_text":"five nights at freddy s 2 for free"}},{"query":{"id":[{"timestamp_usec":"1425237730601000"}],"query_text":"school games"}},{"query":{"id":[{"timestamp_usec":"1425232585952000"}],"query_text":"school games"}},{"query":{"id":[{"timestamp_usec":"1425232545309000"}],"query_text":"roblox"}},{"query":{"id":[{"timestamp_usec":"1425168174167000"}],"query_text":"the sim "}},{"query":{"id":[{"timestamp_usec":"1425162486698717"}],"query_text":"Universal Studios"}},{"query":{"id":[{"timestamp_usec":"1425160112739000"}],"query_text":"roblox"}},{"query":{"id":[{"timestamp_usec":"1425158840969000"}],"query_text":"bank robbery"}},{"query":{"id":[{"timestamp_usec":"1425151849516000"}],"query_text":"tornado game"}},{"query":{"id":[{"timestamp_usec":"1425104243538939"}],"query_text":"google book what does the"}},{"query":{"id":[{"timestamp_usec":"1425104235542880"}],"query_text":"the okay Google what does"}},{"query":{"id":[{"timestamp_usec":"1425104226839590"}],"query_text":"Angry Birds"}},{"query":{"id":[{"timestamp_usec":"1425103660531537"}],"query_text":"Garcia ... ,"}},{"query":{"id":[{"timestamp_usec":"1425103065788000"}],"query_text":"tornado game"}},{"query":{"id":[{"timestamp_usec":"1425102999347000"}],"query_text":"minecraft the game"}},{"query":{"id":[{"timestamp_usec":"1425097703914146"}],"query_text":"Angry Birds"}},{"query":{"id":[{"timestamp_usec":"1425096360401556"}],"query_text":"search for birds"}},{"query":{"id":[{"timestamp_usec":"1425096274524264"}],"query_text":"Sonic"}},{"query":{"id":[{"timestamp_usec":"1425095394659000"}],"query_text":"minecraft the game"}},{"query":{"id":[{"timestamp_usec":"1425092244665000"}],"query_text":"Agent "}},{"query":{"id":[{"timestamp_usec":"1425084657360000"}],"query_text":"Agent "}},{"query":{"id":[{"timestamp_usec":"1425084083957000"}],"query_text":"minecraft the game"}},{"query":{"id":[{"timestamp_usec":"1425083944006000"}],"query_text":"minecraft"}},{"query":{"id":[{"timestamp_usec":"1425078987761236"}],"query_text":"ben mcconkey"}},{"query":{"id":[{"timestamp_usec":"1425078982421868"}],"query_text":"ben conkey base jumper"}},{"query":{"id":[{"timestamp_usec":"1425078921972932"}],"query_text":"pizza hut"}},{"query":{"id":[{"timestamp_usec":"1425076129378755"}],"query_text":"pizza hut"}},{"query":{"id":[{"timestamp_usec":"1425071010778207"}],"query_text":"ben conkey base jumper"}},{"query":{"id":[{"timestamp_usec":"1425070967949326"}],"query_text":"ben mcconkey"}},{"query":{"id":[{"timestamp_usec":"1424993327691000"}],"query_text":"K.C undercover"}},{"query":{"id":[{"timestamp_usec":"1424974986416056","type":"PRODUCT_QUERY","tbm":"shop"},{"timestamp_usec":"1424974967071417"}],"query_text":"Ramon Sanchez vol 1"}},{"query":{"id":[{"timestamp_usec":"1424884477524691"}],"query_text":"apartments in las vegas"}},{"query":{"id":[{"timestamp_usec":"1424833671755204"}],"query_text":"msg"}},{"query":{"id":[{"timestamp_usec":"1424804134253475"}],"query_text":"o band surgery Las Vegas"}},{"query":{"id":[{"timestamp_usec":"1424803565743492"}],"query_text":"o band surgery"}},{"query":{"id":[{"timestamp_usec":"1424803552268470"}],"query_text":"open surgery place in Las Vegas"}},{"query":{"id":[{"timestamp_usec":"1424800811016426"}],"query_text":"how much are diapers at smiths"}},{"query":{"id":[{"timestamp_usec":"1424800711980667"}],"query_text":"what time does ulta open"}},{"query":{"id":[{"timestamp_usec":"1424796109929046"}],"query_text":"kohl open today on blue diamond"}},{"query":{"id":[{"timestamp_usec":"1424796070372038"}],"query_text":"kohl open today"}},{"query":{"id":[{"timestamp_usec":"1424794417375627"}],"query_text":"embarrass"}},{"query":{"id":[{"timestamp_usec":"1424794410061583"}],"query_text":"and Barrett"}},{"query":{"id":[{"timestamp_usec":"1424749304251604"}],"query_text":"do I have face chat"}},{"query":{"id":[{"timestamp_usec":"1424749293444239"}],"query_text":"okay Google do I have"}},{"query":{"id":[{"timestamp_usec":"1424749287931099"}],"query_text":"Google search for does he have a girlfriend"}},{"query":{"id":[{"timestamp_usec":"1424577193370486"}],"query_text":"does silence mean yes"}},{"query":{"id":[{"timestamp_usec":"1424577169026352"}],"query_text":"Valentine yes or no"}},{"query":{"id":[{"timestamp_usec":"1424567308187351"}],"query_text":"lick"}},{"query":{"id":[{"timestamp_usec":"1424566824747778"}],"query_text":"clear internet"}},{"query":{"id":[{"timestamp_usec":"1424550870373288"}],"query_text":"clear internet"}},{"query":{"id":[{"timestamp_usec":"1424545826854000"}],"query_text":"minecraft"}},{"query":{"id":[{"timestamp_usec":"1424493462327000"}],"query_text":"fable 3"}},{"query":{"id":[{"timestamp_usec":"1424493372087000"}],"query_text":"bioshock  full game "}},{"query":{"id":[{"timestamp_usec":"1424493269857000"}],"query_text":"bioshock  full game ga"}},{"query":{"id":[{"timestamp_usec":"1424493246702000"}],"query_text":"he's the king"}},{"query":{"id":[{"timestamp_usec":"1424493214162000"}],"query_text":"tell games"}},{"query":{"id":[{"timestamp_usec":"1424490829425000"}],"query_text":"doctor games"}},{"query":{"id":[{"timestamp_usec":"1424401732846000"}],"query_text":"K.C undercover for free"}},{"query":{"id":[{"timestamp_usec":"1424393011189442"}],"query_text":"pictures of bioshock infinite"}},{"query":{"id":[{"timestamp_usec":"1424389821433835"}],"query_text":"pictures of bioshock infinite"}},{"query":{"id":[{"timestamp_usec":"1424350815193530"}],"query_text":"how old I am"}},{"query":{"id":[{"timestamp_usec":"1424317941352973"}],"query_text":"how old I am"}},{"query":{"id":[{"timestamp_usec":"1424317897441000"}],"query_text":"K.C undercover for free"}},{"query":{"id":[{"timestamp_usec":"1424316370778000"}],"query_text":"K.C undercover"}},{"query":{"id":[{"timestamp_usec":"1424313945154075"}],"query_text":"pictures of Bioshock"}},{"query":{"id":[{"timestamp_usec":"1424313945099554"}],"query_text":"pictures of bioshock infinite"}},{"query":{"id":[{"timestamp_usec":"1424313938512224"}],"query_text":"bioshock infinite photos"}},{"query":{"id":[{"timestamp_usec":"1424313839312397"}],"query_text":"pictures of bioshock infinite"}},{"query":{"id":[{"timestamp_usec":"1424313827207481"}],"query_text":"pictures of Bioshock"}},{"query":{"id":[{"timestamp_usec":"1424313824479683"}],"query_text":"okay Google search 45 South pictures insanity"}},{"query":{"id":[{"timestamp_usec":"1424313751869476"}],"query_text":"pictures of Bioshock"}},{"query":{"id":[{"timestamp_usec":"1424313738556413"}],"query_text":"okay Google search for bicep pictures"}},{"query":{"id":[{"timestamp_usec":"1424313687769287"}],"query_text":"bioshock"}},{"query":{"id":[{"timestamp_usec":"1424301651426689"}],"query_text":"smiths phone number pharmacy on silverado ranch and maryland parkway"}},{"query":{"id":[{"timestamp_usec":"1424299402267163"}],"query_text":"(Current Location) -> Dr Mark Glyman"}},{"query":{"id":[{"timestamp_usec":"1424299380247127"}],"query_text":"2030 e flamingo suite #288"}},{"query":{"id":[{"timestamp_usec":"1424213084101000"}],"query_text":"story games"}},{"query":{"id":[{"timestamp_usec":"1424191148864000"}],"query_text":"story games"}},{"query":{"id":[{"timestamp_usec":"1424150069646000"}],"query_text":"happy wheels"}},{"query":{"id":[{"timestamp_usec":"1424149974255001"}],"query_text":"stickman games"}},{"query":{"id":[{"timestamp_usec":"1424149693533717"}],"query_text":"cowabunga bay las vegas"}},{"query":{"id":[{"timestamp_usec":"1424136674808154"}],"query_text":"when is frozen on ice coming to las vegas"}},{"query":{"id":[{"timestamp_usec":"1424136632767053"}],"query_text":"what to say if you don't like my brother in you little like them"}},{"query":{"id":[{"timestamp_usec":"1424129930663000"}],"query_text":"airship "}},{"query":{"id":[{"timestamp_usec":"1424129914549000"}],"query_text":"airship for free"}},{"query":{"id":[{"timestamp_usec":"1424124734289000"}],"query_text":"airship for free"}},{"query":{"id":[{"timestamp_usec":"1424124716934000"}],"query_text":"airship"}},{"query":{"id":[{"timestamp_usec":"1424124059516799"}],"query_text":"elsa and anna quiz"}},{"query":{"id":[{"timestamp_usec":"1424121689045000"}],"query_text":"airship"}},{"query":{"id":[{"timestamp_usec":"1424121548474000"}],"query_text":"bioshock  full game ga"}},{"query":{"id":[{"timestamp_usec":"1424121524125000"}],"query_text":"bioshock  full game"}},{"query":{"id":[{"timestamp_usec":"1424046322110938"}],"query_text":"vons pharmacy"}},{"query":{"id":[{"timestamp_usec":"1424037019296227"}],"query_text":"I don't know mean yes"}},{"query":{"id":[{"timestamp_usec":"1424033345411000"}],"query_text":"math magician for kids"}},{"query":{"id":[{"timestamp_usec":"1423955549283798"}],"query_text":"elsa and anna quiz"}},{"query":{"id":[{"timestamp_usec":"1423955498786467"}],"query_text":"search for Elsa and Anna"}},{"query":{"id":[{"timestamp_usec":"1423919773173000"}],"query_text":"looney tunes"}},{"query":{"id":[{"timestamp_usec":"1423889923633013"}],"query_text":"follow"}},{"query":{"id":[{"timestamp_usec":"1423889736516627"}],"query_text":"the greatest"}},{"query":{"id":[{"timestamp_usec":"1423889602970270"}],"query_text":"music"}},{"query":{"id":[{"timestamp_usec":"1423885621112509"}],"query_text":"hi michele I miss you la"}},{"query":{"id":[{"timestamp_usec":"1423885606051416"}],"query_text":"Google text michele"}},{"query":{"id":[{"timestamp_usec":"1423885595886355"}],"query_text":"okay Google"}},{"query":{"id":[{"timestamp_usec":"1423885568443025"}],"query_text":"what to say if you don't like my brother in you little like them"}},{"query":{"id":[{"timestamp_usec":"1423885111598303"}],"query_text":"Gordo"}},{"query":{"id":[{"timestamp_usec":"1423882181913844"}],"query_text":"Happy Valentines Day"}},{"query":{"id":[{"timestamp_usec":"1423870411583023"}],"query_text":"zanax"}},{"query":{"id":[{"timestamp_usec":"1423865795266609"}],"query_text":"zanax"}},{"query":{"id":[{"timestamp_usec":"1423864585505359"}],"query_text":"imitrex"}},{"query":{"id":[{"timestamp_usec":"1423861363046850"}],"query_text":"imitrex side effects"}},{"query":{"id":[{"timestamp_usec":"1423861321570671"}],"query_text":"imitrex"}},{"query":{"id":[{"timestamp_usec":"1423857978025949"}],"query_text":"imitrex"}},{"query":{"id":[{"timestamp_usec":"1423792272053197"}],"query_text":"pill m522"}},{"query":{"id":[{"timestamp_usec":"1423702031255000"}],"query_text":"babysitter games"}},{"query":{"id":[{"timestamp_usec":"1423670363866810"}],"query_text":"dollar tree on blue diamond"}},{"query":{"id":[{"timestamp_usec":"1423630715351862"}],"query_text":"pizza hut windmill"}},{"query":{"id":[{"timestamp_usec":"1423630359004170"}],"query_text":"okay Google can you"}},{"query":{"id":[{"timestamp_usec":"1423630358822276"}],"query_text":"where's my mom located at"}},{"query":{"id":[{"timestamp_usec":"1423630358751370"}],"query_text":"where's my mommy located at"}},{"query":{"id":[{"timestamp_usec":"1423630356186486"}],"query_text":"can you text my big bro"}},{"query":{"id":[{"timestamp_usec":"1423626460506516"}],"query_text":"enough"}},{"query":{"id":[{"timestamp_usec":"1423626452616023"}],"query_text":"can you text my big bro"}},{"query":{"id":[{"timestamp_usec":"1423626443805970"}],"query_text":"okay Google can you send"}},{"query":{"id":[{"timestamp_usec":"1423626412761965"}],"query_text":"okay Google can you show me on the map where my mommy"}},{"query":{"id":[{"timestamp_usec":"1423626384890819"}],"query_text":"where's my mommy located at"}},{"query":{"id":[{"timestamp_usec":"1423626368933042"}],"query_text":"where's my mom located at"}},{"query":{"id":[{"timestamp_usec":"1423626348616504"}],"query_text":"okay Google can you"}},{"query":{"id":[{"timestamp_usec":"1423626331320632"}],"query_text":"thanks for your help"}},{"query":{"id":[{"timestamp_usec":"1423626268648712"}],"query_text":"I love you mommy when are you coming home"}},{"query":{"id":[{"timestamp_usec":"1423626260581560"}],"query_text":"undo"}},{"query":{"id":[{"timestamp_usec":"1423626246371663"}],"query_text":"I love you when you coming home"}},{"query":{"id":[{"timestamp_usec":"1423626233918193"}],"query_text":"text my mommy"}},{"query":{"id":[{"timestamp_usec":"1423626220127770"}],"query_text":"text my"}},{"query":{"id":[{"timestamp_usec":"1423626193463402"}],"query_text":"cancel"}},{"query":{"id":[{"timestamp_usec":"1423626180276008"}],"query_text":"my mom phone number mom my mom mom"}},{"query":{"id":[{"timestamp_usec":"1423626160855211"}],"query_text":"okay Google text my mom"}},{"query":{"id":[{"timestamp_usec":"1423612837073889"}],"query_text":"Google what is Taylor Swift's phone number"}},{"query":{"id":[{"timestamp_usec":"1423612792645845"}],"query_text":"Compton gang list"}},{"query":{"id":[{"timestamp_usec":"1423612697453464"}],"query_text":"what is Saturn's"}},{"query":{"id":[{"timestamp_usec":"1423612474856475"}],"query_text":"what is 4�7=?"}},{"query":{"id":[{"timestamp_usec":"1423612458357655"}],"query_text":"what is 4�7=:-$"}},{"query":{"id":[{"timestamp_usec":"1423545818316702"}],"query_text":"dollar tree"}},{"query":{"id":[{"timestamp_usec":"1423543246176832"}],"query_text":"ross"}},{"query":{"id":[{"timestamp_usec":"1423543233297756"}],"query_text":"search for what time does Ross close"}},{"query":{"id":[{"timestamp_usec":"1423516865900013"}],"query_text":"valley wide property management"}},{"query":{"id":[{"timestamp_usec":"1423420636030584"}],"query_text":"cute Elsa pictures"}},{"query":{"id":[{"timestamp_usec":"1423420626677749"}],"query_text":"Elsa pictures"}},{"query":{"id":[{"timestamp_usec":"1423420619625283"}],"query_text":"awesome Elsa pictures"}},{"query":{"id":[{"timestamp_usec":"1423373399124533"}],"query_text":"awesome Elsa pictures"}},{"query":{"id":[{"timestamp_usec":"1423372760974677"}],"query_text":"okay Google search for awesome Elsa pictures"}},{"query":{"id":[{"timestamp_usec":"1423372749251375"}],"query_text":"okay Google search for Elsa pictures"}},{"query":{"id":[{"timestamp_usec":"1423369303789106"}],"query_text":"okay Google search for Elsa pajamas"}},{"query":{"id":[{"timestamp_usec":"1423369269767536"}],"query_text":"looks like pancakes"}},{"query":{"id":[{"timestamp_usec":"1423369252347866"}],"query_text":"Seneca medical"}},{"query":{"id":[{"timestamp_usec":"1423369245788881"}],"query_text":"it go let it go"}},{"query":{"id":[{"timestamp_usec":"1423344847284498"}],"query_text":"nail bar"}},{"query":{"id":[{"timestamp_usec":"1423344844506532"}],"query_text":"nail bar eastern and horizon ridge"}},{"query":{"id":[{"timestamp_usec":"1423344374064966"}],"query_text":"nail bar"}},{"query":{"id":[{"timestamp_usec":"1423279763153000"}],"query_text":"babysitter games"}},{"query":{"id":[{"timestamp_usec":"1423279543609000"}],"query_text":" fun makeup games"}},{"query":{"id":[{"timestamp_usec":"1423279467962000"}],"query_text":" makeup games"}},{"query":{"id":[{"timestamp_usec":"1423279454031000"}],"query_text":"frozen makeup games"}},{"query":{"id":[{"timestamp_usec":"1423279390507000"}],"query_text":"math magician for kids"}},{"query":{"id":[{"timestamp_usec":"1423279367119000"}],"query_text":"bank robbery"}},{"query":{"id":[{"timestamp_usec":"1423279341799000"}],"query_text":"vine"}},{"query":{"id":[{"timestamp_usec":"1423278098996000"}],"query_text":"vines"}},{"query":{"id":[{"timestamp_usec":"1423277633587763"}],"query_text":"Elsa pictures"}},{"query":{"id":[{"timestamp_usec":"1423277613506229"}],"query_text":"Google search"}},{"query":{"id":[{"timestamp_usec":"1423277523812633"}],"query_text":"Google call daddy"}},{"query":{"id":[{"timestamp_usec":"1423277500696187"}],"query_text":"tornado warning las vegas"}},{"query":{"id":[{"timestamp_usec":"1423277364425173"}],"query_text":"tornado in las vegas today"}},{"query":{"id":[{"timestamp_usec":"1423277065694883"}],"query_text":"tornado in Las Vegas"}},{"query":{"id":[{"timestamp_usec":"1423277050380389"}],"query_text":"search for tornadoes"}},{"query":{"id":[{"timestamp_usec":"1423276959889883"}],"query_text":"search for alpha pictures"}},{"query":{"id":[{"timestamp_usec":"1423241831004381"}],"query_text":"creepshots"}},{"query":{"id":[{"timestamp_usec":"1423188212882000"}],"query_text":"five nights at freddy's 2 for free"}},{"query":{"id":[{"timestamp_usec":"1423188117224000"}],"query_text":"five nights at freddy's 3 for free"}},{"query":{"id":[{"timestamp_usec":"1423185718143428"}],"query_text":"what time does the spa close"}},{"query":{"id":[{"timestamp_usec":"1423185708233169"}],"query_text":"what time does the nail spa close"}},{"query":{"id":[{"timestamp_usec":"1423185657298965"}],"query_text":"what time does chuck e cheese close"}},{"query":{"id":[{"timestamp_usec":"1423115283805000"}],"query_text":"map"}},{"query":{"id":[{"timestamp_usec":"1423111741850612"}],"query_text":"walmart"}},{"query":{"id":[{"timestamp_usec":"1423109369161772"}],"query_text":"key insurance company naic#12966"}},{"query":{"id":[{"timestamp_usec":"1423108728245363"}],"query_text":"elsa pictures frozen"}},{"query":{"id":[{"timestamp_usec":"1423105803711726"}],"query_text":"elsa pictures frozen"}},{"query":{"id":[{"timestamp_usec":"1423101823045013"}],"query_text":"elsa pictures frozen"}},{"query":{"id":[{"timestamp_usec":"1423101411316060"}],"query_text":"elsa pictures"}},{"query":{"id":[{"timestamp_usec":"1423101385059000"}],"query_text":"five nights at freddy's 3 for free"}},{"query":{"id":[{"timestamp_usec":"1423022834414000"}],"query_text":"five nights at freddy's 3 for free"}},{"query":{"id":[{"timestamp_usec":"1423022820986000"}],"query_text":"bioshock"}},{"query":{"id":[{"timestamp_usec":"1423021588210903"}],"query_text":"SpongeBob SquarePants"}},{"query":{"id":[{"timestamp_usec":"1423019800080226"}],"query_text":"strong"}},{"query":{"id":[{"timestamp_usec":"1423019739679052"}],"query_text":"plant"}},{"query":{"id":[{"timestamp_usec":"1423019679832664"}],"query_text":"turnip"}},{"query":{"id":[{"timestamp_usec":"1423019229296550"}],"query_text":"enormous"}},{"query":{"id":[{"timestamp_usec":"1423003887233000"}],"query_text":"bioshock  full game"}},{"query":{"id":[{"timestamp_usec":"1423003861610000"}],"query_text":"bioshock 2 full game"}},{"query":{"id":[{"timestamp_usec":"1423003844802000"}],"query_text":"bioshock 2"}},{"query":{"id":[{"timestamp_usec":"1423003656214000"}],"query_text":"bioshock"}},{"query":{"id":[{"timestamp_usec":"1423003516334000"}],"query_text":"happy wheels"}},{"query":{"id":[{"timestamp_usec":"1423003505811000"}],"query_text":"doctor games for all girls"}},{"query":{"id":[{"timestamp_usec":"1422992150044776"}],"query_text":"36.011524, -115.121978"}},{"query":{"id":[{"timestamp_usec":"1422983612490596","type":"IMAGE_QUERY","tbm":"isch"}],"query_text":"michele shafe"}},{"query":{"id":[{"timestamp_usec":"1422930246706865"}],"query_text":"search for what does Bianca mean"}},{"query":{"id":[{"timestamp_usec":"1422930238812280"}],"query_text":"okay Google search for what does"}},{"query":{"id":[{"timestamp_usec":"1422930221837343"}],"query_text":"search for what does Duncan mean"}},{"query":{"id":[{"timestamp_usec":"1422930216191151"}],"query_text":"Bianca Jane Garcia"}},{"query":{"id":[{"timestamp_usec":"1422930130033155"}],"query_text":"okay Google search for Bianca Jane Garcia"}},{"query":{"id":[{"timestamp_usec":"1422930121378674"}],"query_text":"Bianca"}},{"query":{"id":[{"timestamp_usec":"1422930109882646"}],"query_text":"hi my name is Beyonce"}},{"query":{"id":[{"timestamp_usec":"1422926678261261"}],"query_text":"potato around my room"}},{"query":{"id":[{"timestamp_usec":"1422926662915526"}],"query_text":"funny gifs"}},{"query":{"id":[{"timestamp_usec":"1422926657412081"}],"query_text":"putting the battle for Endor Twitter Ono adjusted but they do"}},{"query":{"id":[{"timestamp_usec":"1422911172663806"}],"query_text":"porn"}},{"query":{"id":[{"timestamp_usec":"1422910666044272"}],"query_text":"Langston Hughes"}},{"query":{"id":[{"timestamp_usec":"1422907582554774"}],"query_text":"craigslist"}},{"query":{"id":[{"timestamp_usec":"1422905430711000"}],"query_text":"netflix"}},{"query":{"id":[{"timestamp_usec":"1422897521918000"}],"query_text":"netflix"}},{"query":{"id":[{"timestamp_usec":"1422892503483716"}],"query_text":"funny fights freddy song"}},{"query":{"id":[{"timestamp_usec":"1422848590595156"}],"query_text":"okay Google call my mom"}},{"query":{"id":[{"timestamp_usec":"1422813618185939"}],"query_text":"funny fights Freddy song"}},{"query":{"id":[{"timestamp_usec":"1422813585343411"}],"query_text":"search for funny fights Freddy song"}},{"query":{"id":[{"timestamp_usec":"1422771715374580"}],"query_text":"Langston Hughes"}},{"query":{"id":[{"timestamp_usec":"1422771689869366"}],"query_text":"hotel"}},{"query":{"id":[{"timestamp_usec":"1422771675670615"}],"query_text":"mop bucket with wringer"}},{"query":{"id":[{"timestamp_usec":"1422766945200342","type":"PRODUCT_QUERY","tbm":"shop"},{"timestamp_usec":"1422766843458353","type":"PRODUCT_QUERY","tbm":"shop"},{"timestamp_usec":"1422766764502688","type":"PRODUCT_QUERY","tbm":"shop"},{"timestamp_usec":"1422766510235953"}],"query_text":"mop bucket with wringer"}},{"query":{"id":[{"timestamp_usec":"1422764068949474"}],"query_text":"hotel"}},{"query":{"id":[{"timestamp_usec":"1422762256997890"}],"query_text":"how long to cook ribs in oven"}},{"query":{"id":[{"timestamp_usec":"1422728902464663"}],"query_text":"romeo and juliet movie took place"}},{"query":{"id":[{"timestamp_usec":"1422728004120000"}],"query_text":"doctor games for all girls"}},{"query":{"id":[{"timestamp_usec":"1422691765850486"}],"query_text":"i'm hungry"}},{"query":{"id":[{"timestamp_usec":"1422691698298268"}],"query_text":"bodyrockers"}},{"query":{"id":[{"timestamp_usec":"1422679982178988"}],"query_text":"i'm hungry"}},{"query":{"id":[{"timestamp_usec":"1422674038462494","type":"IMAGE_QUERY","tbm":"isch"},{"timestamp_usec":"1422674011213541"}],"query_text":"i'm hungry"}},{"query":{"id":[{"timestamp_usec":"1422666442668271"}],"query_text":"okay Google search for Elsa pictures that is cute"}},{"query":{"id":[{"timestamp_usec":"1422666429520193"}],"query_text":"Amy proctors phone number"}},{"query":{"id":[{"timestamp_usec":"1422666421844113"}],"query_text":"Anytime Fitness phone number"}},{"query":{"id":[{"timestamp_usec":"1422630911967092"}],"query_text":"search for weather in las vegas"}},{"query":{"id":[{"timestamp_usec":"1422630861002407"}],"query_text":"weather las vegas hourly"}},{"query":{"id":[{"timestamp_usec":"1422630784228447"}],"query_text":"search for weather in las vegas"}},{"query":{"id":[{"timestamp_usec":"1422591850042032"}],"query_text":"search for weather in las vegas"}},{"query":{"id":[{"timestamp_usec":"1422590056828000"}],"query_text":"frozen"}},{"query":{"id":[{"timestamp_usec":"1422589923885000"}],"query_text":"sims 4"}},{"query":{"id":[{"timestamp_usec":"1422589848283000"}],"query_text":"bank robbery"}},{"query":{"id":[{"timestamp_usec":"1422589592124000"}],"query_text":"frozen makeup games"}},{"query":{"id":[{"timestamp_usec":"1422582474851000"}],"query_text":"frozen makeup games"}},{"query":{"id":[{"timestamp_usec":"1422582468142000"}],"query_text":"frozen"}},{"query":{"id":[{"timestamp_usec":"1422581766489354"}],"query_text":"search for weather in las vegas"}},{"query":{"id":[{"timestamp_usec":"1422575219266000"}],"query_text":"my little pony story for free"}},{"query":{"id":[{"timestamp_usec":"1422575064223000"}],"query_text":"my little pony story"}},{"query":{"id":[{"timestamp_usec":"1422575023981000"}],"query_text":"doctor games for all girls"}},{"query":{"id":[{"timestamp_usec":"1422573430840000"}],"query_text":"doctor games"}},{"query":{"id":[{"timestamp_usec":"1422562444916000"}],"query_text":"math games for 3rd graders free"}},{"query":{"id":[{"timestamp_usec":"1422562396087000"}],"query_text":"math games"}},{"query":{"id":[{"timestamp_usec":"1422562377841000"}],"query_text":"math magician for kids"}},{"query":{"id":[{"timestamp_usec":"1422562373213000"}],"query_text":"math magician"}},{"query":{"id":[{"timestamp_usec":"1422562331266000"}],"query_text":"coolmath4kids"}},{"query":{"id":[{"timestamp_usec":"1422562287803000"}],"query_text":"math magician"}},{"query":{"id":[{"timestamp_usec":"1422562025946000"}],"query_text":"bank robbery"}},{"query":{"id":[{"timestamp_usec":"1422561910368000"}],"query_text":"doctor games"}},{"query":{"id":[{"timestamp_usec":"1422561882730000"}],"query_text":"DR"}},{"query":{"id":[{"timestamp_usec":"1422561839632000"}],"query_text":"frozen"}},{"query":{"id":[{"timestamp_usec":"1422561764371000"}],"query_text":"five nights at freddy's 3 for free"}},{"query":{"id":[{"timestamp_usec":"1422561752277000"}],"query_text":"five nights at freddy's 3"}},{"query":{"id":[{"timestamp_usec":"1422561492687000"}],"query_text":"elsa games"}},{"query":{"id":[{"timestamp_usec":"1422550623012000"}],"query_text":"sims 4"}},{"query":{"id":[{"timestamp_usec":"1422550532480000"}],"query_text":"story games of frozen"}},{"query":{"id":[{"timestamp_usec":"1422550497551000"}],"query_text":"story games"}},{"query":{"id":[{"timestamp_usec":"1422549515745640"}],"query_text":"search for weather in las vegas"}},{"query":{"id":[{"timestamp_usec":"1422546762635000"}],"query_text":"story games"}},{"query":{"id":[{"timestamp_usec":"1422546709898000"}],"query_text":"cops and robbers"}},{"query":{"id":[{"timestamp_usec":"1422545720297483"}],"query_text":"search for weather in las vegas"}},{"query":{"id":[{"timestamp_usec":"1422542432819000"}],"query_text":"beat the boss 1"}},{"query":{"id":[{"timestamp_usec":"1422542239027000"}],"query_text":"beat the boss"}},{"query":{"id":[{"timestamp_usec":"1422542201051000"}],"query_text":"cops and robbers"}},{"query":{"id":[{"timestamp_usec":"1422497396298000"}],"query_text":"five nights at freddy's 3"}},{"query":{"id":[{"timestamp_usec":"1422497383937000"}],"query_text":"five nights at freddy's"}},{"query":{"id":[{"timestamp_usec":"1422490893747454"}],"query_text":"search for weather in Las Vegas"}},{"query":{"id":[{"timestamp_usec":"1422468249910641"}],"query_text":"blank space that song"}},{"query":{"id":[{"timestamp_usec":"1422420912447000"}],"query_text":"story games"}},{"query":{"id":[{"timestamp_usec":"1422420388657000"}],"query_text":"ghost detector"}},{"query":{"id":[{"timestamp_usec":"1422420356678000"}],"query_text":"five nights at freddy's"}},{"query":{"id":[{"timestamp_usec":"1422418667973367"}],"query_text":"blank space that song"}},{"query":{"id":[{"timestamp_usec":"1422418657179956"}],"query_text":"Facebook song"}},{"query":{"id":[{"timestamp_usec":"1422418597709935"}],"query_text":"don't snow free"}},{"query":{"id":[{"timestamp_usec":"1422418574779073"}],"query_text":"blank space"}},{"query":{"id":[{"timestamp_usec":"1422418569285651"}],"query_text":"search for weather in las vegas"}},{"query":{"id":[{"timestamp_usec":"1422418569263180"}],"query_text":"Salt Lake City"}},{"query":{"id":[{"timestamp_usec":"1422418417852982"}],"query_text":"search for weather in las vegas"}},{"query":{"id":[{"timestamp_usec":"1422418131471198"}],"query_text":"okay Google search for vacuum sounds"}},{"query":{"id":[{"timestamp_usec":"1422415690674000"}],"query_text":"five nights at freddy's"}},{"query":{"id":[{"timestamp_usec":"1422413699673830"}],"query_text":"search for weather in Las Vegas"}},{"query":{"id":[{"timestamp_usec":"1422409030872000"}],"query_text":"sims 4"}},{"query":{"id":[{"timestamp_usec":"1422409013068000"}],"query_text":"story games"}},{"query":{"id":[{"timestamp_usec":"1422406964625000"}],"query_text":"story games"}},{"query":{"id":[{"timestamp_usec":"1422399184370000"}],"query_text":"sims 4"}},{"query":{"id":[{"timestamp_usec":"1422390198213352"}],"query_text":"southwest gas corporation"}},{"query":{"id":[{"timestamp_usec":"1422350708676146"}],"query_text":"house for rent 89123"}},{"query":{"id":[{"timestamp_usec":"1422330410161000"}],"query_text":"frozen games"}},{"query":{"id":[{"timestamp_usec":"1422328271909701"}],"query_text":"what is Elsa"}},{"query":{"id":[{"timestamp_usec":"1422328267386969"}],"query_text":"okay Google search for"}},{"query":{"id":[{"timestamp_usec":"1422328238234100"}],"query_text":"okay Google search for Michelle Facebook"}},{"query":{"id":[{"timestamp_usec":"1422328212885741"}],"query_text":"Amy Proctor"}},{"query":{"id":[{"timestamp_usec":"1422323866615000"}],"query_text":"elsa games"}},{"query":{"id":[{"timestamp_usec":"1422323843854000"}],"query_text":"frozen games"}},{"query":{"id":[{"timestamp_usec":"1422323685754000"}],"query_text":"story games"}},{"query":{"id":[{"timestamp_usec":"1422323677124000"}],"query_text":"stickman games"}},{"query":{"id":[{"timestamp_usec":"1422323658216000"}],"query_text":"funny ways to die free"}},{"query":{"id":[{"timestamp_usec":"1422321694383516"}],"query_text":"what is Taylor Swift's phone number"}},{"query":{"id":[{"timestamp_usec":"1422321687909544"}],"query_text":"available what"}},{"query":{"id":[{"timestamp_usec":"1422321679849682"}],"query_text":"okay Google what is Taylor Swift"}},{"query":{"id":[{"timestamp_usec":"1422321668126241"}],"query_text":"search for the fences in Legoland"}},{"query":{"id":[{"timestamp_usec":"1422321660551832"}],"query_text":"okay Google search for princess"}},{"query":{"id":[{"timestamp_usec":"1422321641845756"}],"query_text":"Google search for Anna pictures"}},{"query":{"id":[{"timestamp_usec":"1422321633179231"}],"query_text":"Anup pictures"}},{"query":{"id":[{"timestamp_usec":"1422321625165590"}],"query_text":"search for on a pictures"}},{"query":{"id":[{"timestamp_usec":"1422321616626487"}],"query_text":"Google search for on a pictures"}},{"query":{"id":[{"timestamp_usec":"1422321606397434"}],"query_text":"Google search forms"}},{"query":{"id":[{"timestamp_usec":"1422321596347889"}],"query_text":"Google search for ugly Elsa"}},{"query":{"id":[{"timestamp_usec":"1422321564486580"}],"query_text":"cute Elsa pictures"}},{"query":{"id":[{"timestamp_usec":"1422321559334010"}],"query_text":"okay Google search for"}},{"query":{"id":[{"timestamp_usec":"1422321553888520"}],"query_text":"okay Google search for a picture"}},{"query":{"id":[{"timestamp_usec":"1422321546503929"}],"query_text":"okay Google search for"}},{"query":{"id":[{"timestamp_usec":"1422321537559824"}],"query_text":"okay Google will it turn 80 head Las Vegas"}},{"query":{"id":[{"timestamp_usec":"1422321479746657"}],"query_text":"okay Google search for the weather"}},{"query":{"id":[{"timestamp_usec":"1422321469732482"}],"query_text":"what time will the rain start"}},{"query":{"id":[{"timestamp_usec":"1422321457746236"}],"query_text":"okay Google will it rain in Las Vegas"}},{"query":{"id":[{"timestamp_usec":"1422321447538724"}],"query_text":"Google search for weather in Las Vegas"}},{"query":{"id":[{"timestamp_usec":"1422321437986181"}],"query_text":"Google search for"}},{"query":{"id":[{"timestamp_usec":"1422321430618480"}],"query_text":"okay Google search"}},{"query":{"id":[{"timestamp_usec":"1422321425926333"}],"query_text":"how to unclog a toilet"}},{"query":{"id":[{"timestamp_usec":"1422316509200000"}],"query_text":"funny ways to die free"}},{"query":{"id":[{"timestamp_usec":"1422310356211476"}],"query_text":"v-tech kidi art studio"}},{"query":{"id":[{"timestamp_usec":"1422310345278908"}],"query_text":"house for rent 89123"}},{"query":{"id":[{"timestamp_usec":"1422309754326901","type":"PRODUCT_QUERY","tbm":"shop"}],"query_text":"v-tech kidi art studio"}},{"query":{"id":[{"timestamp_usec":"1422291614581000"}],"query_text":"quizup"}},{"query":{"id":[{"timestamp_usec":"1422257007753000"}],"query_text":"Rhapsody"}},{"query":{"id":[{"timestamp_usec":"1422255535788000"}],"query_text":"music tube"}},{"query":{"id":[{"timestamp_usec":"1422237019411000"}],"query_text":"can you escape"}},{"query":{"id":[{"timestamp_usec":"1422236410385000"}],"query_text":"quiz games of frozen"}},{"query":{"id":[{"timestamp_usec":"1422236300576000"}],"query_text":"all games of quiz for movies"}},{"query":{"id":[{"timestamp_usec":"1422236262674000"}],"query_text":"all games of quiz for girl"}},{"query":{"id":[{"timestamp_usec":"1422236183069000"}],"query_text":"quiz games"}},{"query":{"id":[{"timestamp_usec":"1422236159769000"}],"query_text":"quest games free"}},{"query":{"id":[{"timestamp_usec":"1422236144940001"}],"query_text":"quest games quiz games"}},{"query":{"id":[{"timestamp_usec":"1422235505933000"}],"query_text":"frozen baby care"}},{"query":{"id":[{"timestamp_usec":"1422212856858159"}],"query_text":"how to unclog the toilet"}},{"query":{"id":[{"timestamp_usec":"1422069145507971","type":"PRODUCT_QUERY","tbm":"shop"},{"timestamp_usec":"1422069016542068","type":"VIDEO_QUERY","tbm":"vid"},{"timestamp_usec":"1422069014933360","type":"IMAGE_QUERY","tbm":"isch"},{"timestamp_usec":"1422069006023306"}],"query_text":"v-tech kidi art studio"}},{"query":{"id":[{"timestamp_usec":"1422068954314875"}],"query_text":"Las Vegas weather"}},{"query":{"id":[{"timestamp_usec":"1422066487329253"}],"query_text":"how to patch a 2 inch plastic hole"}},{"query":{"id":[{"timestamp_usec":"1422066372355095"}],"query_text":"how to patch a 5inch classical"}},{"query":{"id":[{"timestamp_usec":"1422066342656245"}],"query_text":"how to patch a hole up"}},{"query":{"id":[{"timestamp_usec":"1422036939186037"}],"query_text":"Las Vegas weather"}},{"query":{"id":[{"timestamp_usec":"1421978202062519"}],"query_text":"search for cute Elsa pictures"}},{"query":{"id":[{"timestamp_usec":"1421879995263650"}],"query_text":"Family Dental on Silverado ranch and Bermuda"}},{"query":{"id":[{"timestamp_usec":"1421819696377374"}],"query_text":"will it rain in las vegas"}},{"query":{"id":[{"timestamp_usec":"1421807510050394"}],"query_text":"search for tornadoes"}},{"query":{"id":[{"timestamp_usec":"1421807473918564"}],"query_text":"42806 Kansas"}},{"query":{"id":[{"timestamp_usec":"1421807452570943"}],"query_text":"Kansas"}},{"query":{"id":[{"timestamp_usec":"1421807443723696"}],"query_text":"will it rain in Las Vegas"}},{"query":{"id":[{"timestamp_usec":"1421807362220455"}],"query_text":"search for the cast in once upon a time"}},{"query":{"id":[{"timestamp_usec":"1421807351909721"}],"query_text":"Google search for the"}},{"query":{"id":[{"timestamp_usec":"1421807337506530"}],"query_text":"okay Google how old are you"}},{"query":{"id":[{"timestamp_usec":"1421807331741909"}],"query_text":"search for the weather in Las Vegas"}},{"query":{"id":[{"timestamp_usec":"1421807299307747"}],"query_text":"weather las vegas radar"}},{"query":{"id":[{"timestamp_usec":"1421807278318924"}],"query_text":"search for the weather in Las Vegas"}},{"query":{"id":[{"timestamp_usec":"1421807214176943"}],"query_text":"weather las vegas september"}},{"query":{"id":[{"timestamp_usec":"1421807000241230"}],"query_text":"search for the weather in Las Vegas"}},{"query":{"id":[{"timestamp_usec":"1421806992673947"}],"query_text":"okay Google search"}},{"query":{"id":[{"timestamp_usec":"1421806988216774"}],"query_text":"cute elephant"}},{"query":{"id":[{"timestamp_usec":"1421806912405372"}],"query_text":"search for okay google search for cute elsa pictures"}},{"query":{"id":[{"timestamp_usec":"1421802586652782"}],"query_text":"search for okay google search for cute elsa pictures"}},{"query":{"id":[{"timestamp_usec":"1421802548915334"}],"query_text":"okay Google search very cute Elsa"}},{"query":{"id":[{"timestamp_usec":"1421802540458287"}],"query_text":"okay Google search for cute elephant"}},{"query":{"id":[{"timestamp_usec":"1421802531302972"}],"query_text":"Wesley"}},{"query":{"id":[{"timestamp_usec":"1421802520751375"}],"query_text":"Google search for us to Elsa pictures"}},{"query":{"id":[{"timestamp_usec":"1421802509158063"}],"query_text":"okay Google search for awesome elephant pictures"}},{"query":{"id":[{"timestamp_usec":"1421802500149639"}],"query_text":"search for elsa pictures"}},{"query":{"id":[{"timestamp_usec":"1421732229206172"}],"query_text":"search for okay Google search for cute Elsa pictures"}},{"query":{"id":[{"timestamp_usec":"1421732220029474"}],"query_text":"search for elsa pictures"}},{"query":{"id":[{"timestamp_usec":"1421731678954568"}],"query_text":"search for Elsa pictures"}},{"query":{"id":[{"timestamp_usec":"1421731673760037"}],"query_text":"Elsa pictures"}},{"query":{"id":[{"timestamp_usec":"1421731647324119"}],"query_text":"pancakes"}},{"query":{"id":[{"timestamp_usec":"1421731625418455"}],"query_text":"what is five nights at Freddy's"}},{"query":{"id":[{"timestamp_usec":"1421731604892109"}],"query_text":"five nights at Freddy"}},{"query":{"id":[{"timestamp_usec":"1421708784032692"}],"query_text":"(Current Location) -> 600 Thornewood Pl, Las Vegas, NV 89123"}},{"query":{"id":[{"timestamp_usec":"1421690681135142"}],"query_text":"weather in las vegas"}},{"query":{"id":[{"timestamp_usec":"1421646432796686"}],"query_text":"how much for taxis in Las Vegas"}},{"query":{"id":[{"timestamp_usec":"1421637587371171"}],"query_text":"how do clean hard water build up in dishwasher"}},{"query":{"id":[{"timestamp_usec":"1421477877174601"}],"query_text":"weather in las vegas"}},{"query":{"id":[{"timestamp_usec":"1421422964051948"}],"query_text":"absolute dental on Lake Mead and civic center"}},{"query":{"id":[{"timestamp_usec":"1421342242403799"}],"query_text":"silverado ranch dental"}},{"query":{"id":[{"timestamp_usec":"1421308290495468"}],"query_text":"2030 e flamingo suite #288"}},{"query":{"id":[{"timestamp_usec":"1421308289557948"}],"query_text":"MS pharmacy on Silverado ranch and Maryland Parkway"}},{"query":{"id":[{"timestamp_usec":"1421290558047236"}],"query_text":"smiths phone number pharmacy on Silverado ranch and Maryland Parkway"}},{"query":{"id":[{"timestamp_usec":"1421290528247640"}],"query_text":"MS pharmacy on Silverado ranch and Maryland Parkway"}},{"query":{"id":[{"timestamp_usec":"1421286840266428"}],"query_text":"(Current Location) -> Dr Mark Glyman"}},{"query":{"id":[{"timestamp_usec":"1421286816586274"}],"query_text":"2030 e flamingo suite #288"}},{"query":{"id":[{"timestamp_usec":"1421282387618632"}],"query_text":"absolute dental on Lake Mead and civic center"}},{"query":{"id":[{"timestamp_usec":"1421282257281210"}],"query_text":"costco"}},{"query":{"id":[{"timestamp_usec":"1421281414562363"}],"query_text":"facebook"}},{"query":{"id":[{"timestamp_usec":"1421281341172207"}],"query_text":"costco"}},{"query":{"id":[{"timestamp_usec":"1421203752986958"}],"query_text":"costco"}},{"query":{"id":[{"timestamp_usec":"1421203740641975","type":"PRODUCT_QUERY","tbm":"shop"}],"query_text":"cooking steamer site:costco.com"}},{"query":{"id":[{"timestamp_usec":"1421203683471513","type":"IMAGE_QUERY","tbm":"isch"}],"query_text":"steamer site:costco.com"}},{"query":{"id":[{"timestamp_usec":"1421203643128918"}],"query_text":"costco"}},{"query":{"id":[{"timestamp_usec":"1421195764015620"}],"query_text":"weather in las vegas"}},{"query":{"id":[{"timestamp_usec":"1421164179446241"}],"query_text":"absolute dental on Eastern"}},{"query":{"id":[{"timestamp_usec":"1421089739566313"}],"query_text":"dentist on silverado and bermuda"}},{"query":{"id":[{"timestamp_usec":"1421089739024155"}],"query_text":"dentist in area code 89123"}},{"query":{"id":[{"timestamp_usec":"1421078375860368"}],"query_text":"dentist that accept smart choice Medicaid insurance"}},{"query":{"id":[{"timestamp_usec":"1421078344780700"}],"query_text":"dentist in area code 89123"}},{"query":{"id":[{"timestamp_usec":"1421078266388555"}],"query_text":"dentist on silverado and bermuda"}},{"query":{"id":[{"timestamp_usec":"1421076685331104"}],"query_text":"weather in las vegas"}},{"query":{"id":[{"timestamp_usec":"1421021992140429"}],"query_text":"weather in las vegas"}},{"query":{"id":[{"timestamp_usec":"1421020387788952"}],"query_text":"NFL scores"}},{"query":{"id":[{"timestamp_usec":"1421010351349876"}],"query_text":"dottys 89123"}},{"query":{"id":[{"timestamp_usec":"1421007142732915"}],"query_text":"okay Google"}},{"query":{"id":[{"timestamp_usec":"1421007018574179"}],"query_text":"weather in las vegas"}},{"query":{"id":[{"timestamp_usec":"1421007009871210"}],"query_text":"okay Google"}},{"query":{"id":[{"timestamp_usec":"1421006986930008"}],"query_text":"weather in Las Vegas"}},{"query":{"id":[{"timestamp_usec":"1421006977385748"}],"query_text":"what is the weather like in Las Vegas"}},{"query":{"id":[{"timestamp_usec":"1421006961534853"}],"query_text":"okay Google when will the rain stop in Las Vegas"}},{"query":{"id":[{"timestamp_usec":"1421006947431510"}],"query_text":"okay Google"}},{"query":{"id":[{"timestamp_usec":"1421004784981792"}],"query_text":"superbowl xlv"}},{"query":{"id":[{"timestamp_usec":"1420997188742000"}],"query_text":"watch tv"}},{"query":{"id":[{"timestamp_usec":"1420995971641000"}],"query_text":"tv"}},{"query":{"id":[{"timestamp_usec":"1420995954198000"}],"query_text":"espn"}},{"query":{"id":[{"timestamp_usec":"1420952071650421"}],"query_text":"dentist that open on sunday 89123"}},{"query":{"id":[{"timestamp_usec":"1420951905655084"}],"query_text":"dentist that open on sunday"}},{"query":{"id":[{"timestamp_usec":"1420951505369113"}],"query_text":"dentist on Silverado and Bermuda"}},{"query":{"id":[{"timestamp_usec":"1420929931660306"}],"query_text":"Elsa pictures"}},{"query":{"id":[{"timestamp_usec":"1420929917077999"}],"query_text":"I'm looking up frozen pictures"}},{"query":{"id":[{"timestamp_usec":"1420864192711610"}],"query_text":"Google search for on a pictures"}},{"query":{"id":[{"timestamp_usec":"1420864185093167"}],"query_text":"pretty pictures of Elsa"}},{"query":{"id":[{"timestamp_usec":"1420864106185873"}],"query_text":"okay Google search for pretty pictures of Elsa"}},{"query":{"id":[{"timestamp_usec":"1420864097953907"}],"query_text":"okay Google pictures of Elsa"}},{"query":{"id":[{"timestamp_usec":"1420864090199098"}],"query_text":"okay Google"}},{"query":{"id":[{"timestamp_usec":"1420864031973176"}],"query_text":"okay Google what is Elsa"}},{"query":{"id":[{"timestamp_usec":"1420864019918331"}],"query_text":"I'm hungry what should I eat"}},{"query":{"id":[{"timestamp_usec":"1420863999518073","type":"IMAGE_QUERY","tbm":"isch"}],"query_text":"The Simpsons"}},{"query":{"id":[{"timestamp_usec":"1420859862858446"}],"query_text":"i'm hungry what should i eat for dinner"}},{"query":{"id":[{"timestamp_usec":"1420859828024189"}],"query_text":"i'm hungry what should i eat"}},{"query":{"id":[{"timestamp_usec":"1420859778226740"}],"query_text":"that's on mamas con migo freak no mo"}},{"query":{"id":[{"timestamp_usec":"1420854114935330","type":"IMAGE_QUERY","tbm":"isch"},{"timestamp_usec":"1420854090925154"}],"query_text":"The Simpsons"}},{"query":{"id":[{"timestamp_usec":"1420854077451752"}],"query_text":"what does this mean Alvarado Madonna"}},{"query":{"id":[{"timestamp_usec":"1420854056409436"}],"query_text":"that's on mamas con MIGO freak no mo"}},{"query":{"id":[{"timestamp_usec":"1420854026968968"}],"query_text":"okay Google search for a la blah blah blah button"}},{"query":{"id":[{"timestamp_usec":"1420853910834103"}],"query_text":"will it rain in Las Vegas"}},{"query":{"id":[{"timestamp_usec":"1420847580006380"}],"query_text":"(Current Location) -> Walgreens Store Las Vegas, E Silverado Ranch Blvd, Las Vegas, NV, United States"}},{"query":{"id":[{"timestamp_usec":"1420678617092221"}],"query_text":"Legacy Park in Henderson"}},{"query":{"id":[{"timestamp_usec":"1420678581178991"}],"query_text":"City of Henderson Parks & Recreation Henderson, NV"}},{"query":{"id":[{"timestamp_usec":"1420678515083684"}],"query_text":"park in henderson"}},{"query":{"id":[{"timestamp_usec":"1420678504003939"}],"query_text":"free park in henderson"}},{"query":{"id":[{"timestamp_usec":"1420678499969139"}],"query_text":"free Park in Henderson"}},{"query":{"id":[{"timestamp_usec":"1420676570398964"}],"query_text":"add reminder"}},{"query":{"id":[{"timestamp_usec":"1420675939951828"}],"query_text":"will it rain in Las Vegas"}},{"query":{"id":[{"timestamp_usec":"1420675916305606"}],"query_text":"okay Google will it rain in Las Vegas"}},{"query":{"id":[{"timestamp_usec":"1420669931575000"}],"query_text":"infinite campus"}},{"query":{"id":[{"timestamp_usec":"1420647733812205"}],"query_text":"dish network login"}},{"query":{"id":[{"timestamp_usec":"1420647719579083"}],"query_text":"dish network"}},{"query":{"id":[{"timestamp_usec":"1420607868080451"}],"query_text":"sunny"}},{"query":{"id":[{"timestamp_usec":"1420607852056711"}],"query_text":"okay Google will it rain in Las Vegas"}},{"query":{"id":[{"timestamp_usec":"1420592125195507"}],"query_text":"call mom"}},{"query":{"id":[{"timestamp_usec":"1420592104089441"}],"query_text":"call my mom"}},{"query":{"id":[{"timestamp_usec":"1420592087221441"}],"query_text":"signs"}},{"query":{"id":[{"timestamp_usec":"1420592059464401"}],"query_text":"how do u clean the dishwasher"}},{"query":{"id":[{"timestamp_usec":"1420577903393190"}],"query_text":"how do u clean the dishwasher"}},{"query":{"id":[{"timestamp_usec":"1420576490130743"}],"query_text":"valley wide property management"}},{"query":{"id":[{"timestamp_usec":"1420523800191000"}],"query_text":"disney games"}},{"query":{"id":[{"timestamp_usec":"1420523668412000"}],"query_text":"sims 4"}},{"query":{"id":[{"timestamp_usec":"1420523318207000"}],"query_text":"tornado game"}},{"query":{"id":[{"timestamp_usec":"1420523274754000"}],"query_text":"story games 4 girls"}},{"query":{"id":[{"timestamp_usec":"1420522304705486"}],"query_text":"will it snow in Las Vegas"}},{"query":{"id":[{"timestamp_usec":"1420522271865714"}],"query_text":"will it rain in sunday"}},{"query":{"id":[{"timestamp_usec":"1420522248004271"}],"query_text":"will it rain in Las Vegas"}},{"query":{"id":[{"timestamp_usec":"1420504517623128"}],"query_text":"quest"}},{"query":{"id":[{"timestamp_usec":"1420501660743512"}],"query_text":"libraries"}},{"query":{"id":[{"timestamp_usec":"1420501640458510"}],"query_text":"library"}},{"query":{"id":[{"timestamp_usec":"1420501634248568"}],"query_text":"library library"}},{"query":{"id":[{"timestamp_usec":"1420499597783898"}],"query_text":"okay Google how many wheels does a tricycle have"}},{"query":{"id":[{"timestamp_usec":"1420499587159937"}],"query_text":"okay Google how many wheel"}},{"query":{"id":[{"timestamp_usec":"1420430936482939"}],"query_text":"key insurance company naic#12966"}},{"query":{"id":[{"timestamp_usec":"1420421744022787"}],"query_text":"pizza hut"}},{"query":{"id":[{"timestamp_usec":"1420410826120606"}],"query_text":"okay Google is it going to rain in Las Vegas"}},{"query":{"id":[{"timestamp_usec":"1420351991696441"}],"query_text":"okay Google search for frozen 2"}},{"query":{"id":[{"timestamp_usec":"1420351984628098"}],"query_text":"frozen games"}},{"query":{"id":[{"timestamp_usec":"1420351970110344"}],"query_text":"search for frozen"}},{"query":{"id":[{"timestamp_usec":"1420351606531000"}],"query_text":"dollygals"}},{"query":{"id":[{"timestamp_usec":"1420332065065010"}],"query_text":"Elsa and Anna pictures for your background"}},{"query":{"id":[{"timestamp_usec":"1420332047370559"}],"query_text":"Santa Ana picture"}},{"query":{"id":[{"timestamp_usec":"1420331744565532"}],"query_text":"Elsa and Anna pictures"}},{"query":{"id":[{"timestamp_usec":"1420307055106951"}],"query_text":"jack choo"}},{"query":{"id":[{"timestamp_usec":"1420306944842939","type":"VIDEO_QUERY","tbm":"vid"},{"timestamp_usec":"1420306935642172","type":"IMAGE_QUERY","tbm":"isch"},{"timestamp_usec":"1420306927545122"}],"query_text":"naked Santa claws doll"}},{"query":{"id":[{"timestamp_usec":"1420241019028316"}],"query_text":"weather in las vegas"}},{"query":{"id":[{"timestamp_usec":"1420240994173437"}],"query_text":"weather in Las Vegas"}},{"query":{"id":[{"timestamp_usec":"1420240985855277"}],"query_text":"where is Chuck E Cheese's"}},{"query":{"id":[{"timestamp_usec":"1420240910606364"}],"query_text":"what time does Chuck E Cheese close"}},{"query":{"id":[{"timestamp_usec":"1420234543175402"}],"query_text":"Joseph farted"}},{"query":{"id":[{"timestamp_usec":"1420234518444540"}],"query_text":"my mom"}},{"query":{"id":[{"timestamp_usec":"1420234502152450"}],"query_text":"Google can you call my mom"}},{"query":{"id":[{"timestamp_usec":"1420234486566713"}],"query_text":"okay Google hello"}},{"query":{"id":[{"timestamp_usec":"1420234476912577"}],"query_text":"Joseph farted"}},{"query":{"id":[{"timestamp_usec":"1420226413965166"}],"query_text":"valley wide property management"}},{"query":{"id":[{"timestamp_usec":"1420186293233991"}],"query_text":"Justin Bieber just farted on stage"}},{"query":{"id":[{"timestamp_usec":"1420186280676627"}],"query_text":"Justin Bieber farted"}},{"query":{"id":[{"timestamp_usec":"1420186274983529"}],"query_text":"Justin farted"}},{"query":{"id":[{"timestamp_usec":"1420186069295127"}],"query_text":"i cant poop"}},{"query":{"id":[{"timestamp_usec":"1420186057729967"}],"query_text":"okay Google how do you poop"}},{"query":{"id":[{"timestamp_usec":"1420186045136152"}],"query_text":"apprentice how to poop"}},{"query":{"id":[{"timestamp_usec":"1420186035689313"}],"query_text":"fat teddy bear in jasons deli"}},{"query":{"id":[{"timestamp_usec":"1420186018410902"}],"query_text":"Fat Joe Joseph"}},{"query":{"id":[{"timestamp_usec":"1420185988497568"}],"query_text":"Bianca Jane Garcia"}},{"query":{"id":[{"timestamp_usec":"1420185971689660"}],"query_text":"justice San Francisco roster"}},{"query":{"id":[{"timestamp_usec":"1420185961848199"}],"query_text":"Joseph Joseph"}},{"query":{"id":[{"timestamp_usec":"1420185950887115"}],"query_text":"why did Joseph P"}},{"query":{"id":[{"timestamp_usec":"1420185931372772"}],"query_text":"picture"}},{"query":{"id":[{"timestamp_usec":"1420185915716064"}],"query_text":"how to go pee"}},{"query":{"id":[{"timestamp_usec":"1420185854926603"}],"query_text":"how to poop"}},{"query":{"id":[{"timestamp_usec":"1420185841392198"}],"query_text":"how to get tough in the tunnel"}},{"query":{"id":[{"timestamp_usec":"1420185826721513"}],"query_text":"okay Google who is Joseph"}},{"query":{"id":[{"timestamp_usec":"1420185817851553"}],"query_text":"Applejack"}},{"query":{"id":[{"timestamp_usec":"1420185806184525"}],"query_text":"search Applejack"}},{"query":{"id":[{"timestamp_usec":"1420185780646644"}],"query_text":"okay Google what does alcoholic mean"}},{"query":{"id":[{"timestamp_usec":"1420185762418725"}],"query_text":"alcoholic mean"}},{"query":{"id":[{"timestamp_usec":"1420185739438553"}],"query_text":"okay Google who is Applejack"}},{"query":{"id":[{"timestamp_usec":"1420185700213207"}],"query_text":"Google who is Twilight Sparkle"}},{"query":{"id":[{"timestamp_usec":"1420185618606370"}],"query_text":"who is rarity"}},{"query":{"id":[{"timestamp_usec":"1420185610762621"}],"query_text":"okay Google"}},{"query":{"id":[{"timestamp_usec":"1420185585222178"}],"query_text":"what is Rainbow Dash"}},{"query":{"id":[{"timestamp_usec":"1420185560131790"}],"query_text":"Google what is Fluttershy"}},{"query":{"id":[{"timestamp_usec":"1420185540750691"}],"query_text":"how to hook my mouth"}},{"query":{"id":[{"timestamp_usec":"1420185513389876"}],"query_text":"chucka chucka chucka chucka"}},{"query":{"id":[{"timestamp_usec":"1420185505267516"}],"query_text":"what does chocolate"}},{"query":{"id":[{"timestamp_usec":"1420185491196455"}],"query_text":"Google what does Justin mean"}},{"query":{"id":[{"timestamp_usec":"1420185485112997"}],"query_text":"what"}},{"query":{"id":[{"timestamp_usec":"1420185438474045"}],"query_text":"okay Google what"}},{"query":{"id":[{"timestamp_usec":"1420185425432361"}],"query_text":"what does Gordo mean"}},{"query":{"id":[{"timestamp_usec":"1420185398304667"}],"query_text":"what does Gorda mean"}},{"query":{"id":[{"timestamp_usec":"1420185367978423"}],"query_text":"Google what does Sandra mean"}},{"query":{"id":[{"timestamp_usec":"1420097914402139"}],"query_text":"Google when does the strip fireworks start"}},{"query":{"id":[{"timestamp_usec":"1420097370775294"}],"query_text":"weather"}},{"query":{"id":[{"timestamp_usec":"1420094489399896"}],"query_text":"okay Google what"}},{"query":{"id":[{"timestamp_usec":"1420094465873043"}],"query_text":"weather"}},{"query":{"id":[{"timestamp_usec":"1420091258742027"}],"query_text":"when did nevada minimum wage increase"}},{"query":{"id":[{"timestamp_usec":"1420090278059840"}],"query_text":"vine"}},{"query":{"id":[{"timestamp_usec":"1420089951058016"}],"query_text":"weather"}},{"query":{"id":[{"timestamp_usec":"1420082306184863"}],"query_text":"Green Valley Ranch Henderson, NV"}},{"query":{"id":[{"timestamp_usec":"1420082277049241"}],"query_text":"green valley ranch"}},{"query":{"id":[{"timestamp_usec":"1420082217600268"}],"query_text":"is green valley ranch have fireworks for new years eve"}}]}